
####################################################################################################
# EST_POS SESSION START
# Session ID : 20260519_142152
# Log file   : C:\Code\ZOPBSP_Console\logs\estpos_subprocess\estpos_session_20260519_142152.log
# Python     : C:\ProgramData\Anaconda3\envs\Console\python.exe
# Started    : 2026-05-19 14:22:12.160866
####################################################################################################

----------------------------------------------------------------------------------------------------
[Est_pos parent] Starting run: 20260519_142237_290864
[Est_pos parent] Time: 2026-05-19 14:22:37.296372
[Est_pos parent] Command:
  C:\ProgramData\Anaconda3\envs\Console\python.exe -u -m Est_pos.estimate_pos_runner --out C:\Users\Dell\AppData\Local\Temp\zopbsp_estpos_t1v8rzsu\estpos_result.json --session-log logs\estpos_subprocess\estpos_session_20260519_142152.log --run-id 20260519_142237_290864 C:\Pi_loc\lauv\RPI1\gps\GPS_RPI1_20260514_075900_Hydro_6673.txt C:\Pi_loc\lauv\RPI2\gps\GPS_RPI2_20260514_075900_Hydro_2624.txt C:\Pi_loc\lauv\RPI3\gps\GPS_RPI3_20260514_075900_Hydro_6675.txt C:\Pi_loc\lauv\RPI1\streaming\RBW6673_20260514_075900.wav C:\Pi_loc\lauv\RPI2\streaming\SAW2624_20260514_075900.wav C:\Pi_loc\lauv\RPI3\streaming\RBW6675_20260514_075900.wav
[Est_pos parent] Working directory:
  C:\Code\ZOPBSP_Console
----------------------------------------------------------------------------------------------------

==========================================================================================
[Est_pos child] RUN START: 20260519_142237_290864
[Est_pos child] Time: 2026-05-19 14:22:37.498373
[Est_pos child] Input files:
  gps1: C:\Pi_loc\lauv\RPI1\gps\GPS_RPI1_20260514_075900_Hydro_6673.txt
  gps2: C:\Pi_loc\lauv\RPI2\gps\GPS_RPI2_20260514_075900_Hydro_2624.txt
  gps3: C:\Pi_loc\lauv\RPI3\gps\GPS_RPI3_20260514_075900_Hydro_6675.txt
  wav1: C:\Pi_loc\lauv\RPI1\streaming\RBW6673_20260514_075900.wav
  wav2: C:\Pi_loc\lauv\RPI2\streaming\SAW2624_20260514_075900.wav
  wav3: C:\Pi_loc\lauv\RPI3\streaming\RBW6675_20260514_075900.wav
------------------------------------------------------------------------------------------
GPS1: [[55900, 53.83561339833333, 17.647056439999997], [55901, 53.835613795, 17.647055594999998], [55902, 53.835614015, 17.647054801666666], [55903, 53.835614333333325, 17.647054066666666], [55904, 53.835614565, 17.647053605], [55905, 53.83561487, 17.647052858333332], [55906, 53.835615005, 17.64705249], [55907, 53.83561558833333, 17.64705166], [55908, 53.83561567499999, 17.647051456666667], [55909, 53.83561608666667, 17.647050901666667], [55910, 53.83561636833333, 17.647050343333333], [55911, 53.83561656666667, 17.647049928333335], [55912, 53.83561691666667, 17.647049295], [55913, 53.83561711666666, 17.647048981666668], [55914, 53.835617475, 17.647048495], [55915, 53.835617795000005, 17.647048175000002], [55916, 53.835618043333334, 17.647047925], [55917, 53.835618499999995, 17.647047548333333], [55918, 53.83561887333334, 17.647047298333334], [55919, 53.83561941166666, 17.647046868333334]]
GPS2: [[55900, 53.835966725, 17.648093028333335], [55901, 53.835967931666666, 17.6480915], [55902, 53.83596911333334, 17.648089861666666], [55903, 53.83596990166667, 17.64808818], [55904, 53.835970769999996, 17.648086046666666], [55905, 53.83597151000001, 17.648083435], [55906, 53.835972250000005, 17.648081661666666], [55907, 53.83597307333333, 17.64808073833333], [55908, 53.83597357833334, 17.64807720166667], [55909, 53.835974193333335, 17.648074226666665], [55910, 53.83597497000001, 17.64807257], [55911, 53.83597599833333, 17.648074028333333], [55912, 53.83597746833334, 17.648075401666667], [55913, 53.83597818500001, 17.648074426666668], [55914, 53.835978413333336, 17.648073313333335], [55915, 53.83597955166667, 17.648068438333333], [55916, 53.83598061333334, 17.64806784], [55917, 53.835981704999995, 17.64806861], [55918, 53.83598261666666, 17.648069141666667], [55919, 53.83598360999999, 17.648069268333334]]
GPS3: [[55900, 53.83641933833333, 17.6470035], [55901, 53.836415034999995, 17.647005181666668], [55902, 53.83641136666667, 17.647006208333334], [55903, 53.836407905, 17.647008003333333], [55904, 53.83640356166667, 17.647010384999998], [55905, 53.836398653333326, 17.647012335], [55906, 53.836394053333336, 17.647014306666666], [55907, 53.83638913833333, 17.64701651333333], [55908, 53.83638432333334, 17.647018404999997], [55909, 53.836379060000006, 17.647019898333333], [55910, 53.83637403166667, 17.647021035], [55911, 53.836368705, 17.64702191], [55912, 53.836363648333325, 17.647022653333334], [55913, 53.8363585, 17.64702367], [55914, 53.83635341666666, 17.647024741666666], [55915, 53.83634838, 17.647026133333334], [55916, 53.83634338666668, 17.64702821], [55917, 53.83633867166667, 17.647030700000002], [55918, 53.836334046666664, 17.64703345166667], [55919, 53.83632959, 17.647036813333333]]
ref_lat:  53.83561339833333
ref_lon:  17.647056439999997
aeqd: +proj=aeqd +lat_0=53.83561339833333 +lon_0=17.647056439999997 +datum=WGS84 +units=m +no_defs +type=crs
fwd: proj=pipeline step proj=unitconvert xy_in=deg xy_out=rad step proj=aeqd lat_0=53.8356133983333 lon_0=17.64705644 x_0=0 y_0=0 ellps=WGS84
inv: proj=pipeline step inv proj=aeqd lat_0=53.8356133983333 lon_0=17.64705644 x_0=0 y_0=0 ellps=WGS84 step proj=unitconvert xy_in=rad xy_out=deg
pos_est: (53.83618143200135, 17.64720165350193)
C:\ProgramData\Anaconda3\envs\Console\Lib\site-packages\geopy\point.py:472: UserWarning: Latitude normalization has been prohibited in the newer versions of geopy, because the normalized value happened to be on a different pole, which is probably not what was meant. If you pass coordinates as positional args, please make sure that the order is (latitude, longitude) or (y, x) in Cartesian terms.
  return cls(*args)
est_track: [[55900, 53.83653740745149, 17.64750647465909], [55901, 53.836441881916144, 17.647462703697183], [55902, 53.83671501591094, 17.64758527246165], [55903, 53.8366285785646, 17.64733151426265], [55904, 53.835977978120745, 17.647190331449625], [55905, 53.836005849004586, 17.647096995817265], [55906, 53.83606026956546, 17.647267918655377], [55907, 53.83639753891125, 17.647273969651714], [55910, 53.8363919095585, 17.647354934098853], [55912, 53.83614893432765, 17.647310229427177], [55913, 53.83630089015246, 17.64732982193931], [55914, 53.83707755159278, 17.647161768443873], [55916, 53.83668090909485, 17.647200081643877], [55917, 53.8361763907265, 17.64723362303873], [55918, 53.836265636972904, 17.64729756851199], [55919, 53.83618143200135, 17.64720165350193]]
------------------------------------------------------------------------------------------
[Est_pos child] RUN OK: 20260519_142237_290864
[Est_pos child] Result length: 16
[Est_pos child] Output JSON: C:\Users\Dell\AppData\Local\Temp\zopbsp_estpos_t1v8rzsu\estpos_result.json
==========================================================================================

[Est_pos parent] Run finished: 20260519_142237_290864
[Est_pos parent] Return code: 0
[Est_pos parent] JSON exists: True

[Est_pos parent] RUN OK: 20260519_142237_290864
[Est_pos parent] Result length: 16
----------------------------------------------------------------------------------------------------

----------------------------------------------------------------------------------------------------
[Est_pos parent] Starting run: 20260519_142244_873569
[Est_pos parent] Time: 2026-05-19 14:22:44.874569
[Est_pos parent] Command:
  C:\ProgramData\Anaconda3\envs\Console\python.exe -u -m Est_pos.estimate_pos_runner --out C:\Users\Dell\AppData\Local\Temp\zopbsp_estpos_l5wohbt1\estpos_result.json --session-log logs\estpos_subprocess\estpos_session_20260519_142152.log --run-id 20260519_142244_873569 C:\Pi_loc\lauv\RPI1\gps\GPS_RPI1_20260514_075930_Hydro_6673.txt C:\Pi_loc\lauv\RPI2\gps\GPS_RPI2_20260514_075930_Hydro_2624.txt C:\Pi_loc\lauv\RPI3\gps\GPS_RPI3_20260514_075930_Hydro_6675.txt C:\Pi_loc\lauv\RPI1\streaming\RBW6673_20260514_075930.wav C:\Pi_loc\lauv\RPI2\streaming\SAW2624_20260514_075930.wav C:\Pi_loc\lauv\RPI3\streaming\RBW6675_20260514_075930.wav
[Est_pos parent] Working directory:
  C:\Code\ZOPBSP_Console
----------------------------------------------------------------------------------------------------

==========================================================================================
[Est_pos child] RUN START: 20260519_142244_873569
[Est_pos child] Time: 2026-05-19 14:22:45.014571
[Est_pos child] Input files:
  gps1: C:\Pi_loc\lauv\RPI1\gps\GPS_RPI1_20260514_075930_Hydro_6673.txt
  gps2: C:\Pi_loc\lauv\RPI2\gps\GPS_RPI2_20260514_075930_Hydro_2624.txt
  gps3: C:\Pi_loc\lauv\RPI3\gps\GPS_RPI3_20260514_075930_Hydro_6675.txt
  wav1: C:\Pi_loc\lauv\RPI1\streaming\RBW6673_20260514_075930.wav
  wav2: C:\Pi_loc\lauv\RPI2\streaming\SAW2624_20260514_075930.wav
  wav3: C:\Pi_loc\lauv\RPI3\streaming\RBW6675_20260514_075930.wav
------------------------------------------------------------------------------------------
GPS1: [[55930, 53.83562627333334, 17.64704419], [55931, 53.83562714, 17.64704364], [55932, 53.83562780833333, 17.64704341666667], [55933, 53.83562859833334, 17.647042946666666], [55934, 53.83562921666667, 17.647042646666666], [55935, 53.83562996833333, 17.647042111666668], [55936, 53.83563055166666, 17.647041776666665], [55937, 53.83563129000001, 17.647041338333334], [55938, 53.83563191, 17.647041005000002], [55939, 53.83563267166666, 17.64704053], [55940, 53.835633266666676, 17.647040155], [55941, 53.83563392833333, 17.647039731666666], [55942, 53.835634481666666, 17.647039388333333], [55943, 53.835635235000005, 17.64703858333333], [55944, 53.83563589666666, 17.647038228333333], [55945, 53.835636883333336, 17.64703765333333], [55946, 53.835637748333326, 17.64703708333333], [55947, 53.83563871666667, 17.647036623333335], [55948, 53.83563972666668, 17.647036186666664], [55949, 53.835640624999996, 17.647035884999998]]
GPS2: [[55930, 53.83597697666667, 17.64803707], [55931, 53.83597782333333, 17.648037143333333], [55932, 53.83597852333334, 17.648037051666666], [55933, 53.835979951666665, 17.648037555], [55934, 53.83598119500001, 17.648038155], [55935, 53.83598329666667, 17.648041553333332], [55936, 53.83598357666666, 17.648041185], [55937, 53.835983601666676, 17.648039591666667], [55938, 53.835983854999995, 17.648038125000003], [55939, 53.835984465, 17.648037155], [55940, 53.83598518, 17.648036698333332], [55941, 53.835986248333334, 17.648037331666668], [55942, 53.83598753333334, 17.648037663333334], [55943, 53.835978776666664, 17.648037998333333], [55944, 53.835980461666665, 17.648032628333333], [55945, 53.83598979166666, 17.648035271666668], [55946, 53.83600953166667, 17.648038805], [55947, 53.83601578333334, 17.648038581666665], [55948, 53.83601547, 17.64803057], [55949, 53.836009061666665, 17.648019363333333]]
GPS3: [[55930, 53.836287784999996, 17.647089881666666], [55931, 53.83628447166667, 17.64709561], [55932, 53.83628106333334, 17.647101656666667], [55933, 53.83627997833334, 17.647107891666668], [55934, 53.83627774, 17.647114178333332], [55935, 53.83627561833334, 17.647120675], [55936, 53.83627271666666, 17.647126943333333], [55937, 53.836269865, 17.64713299], [55938, 53.83626740500001, 17.647139486666667], [55939, 53.83626467833333, 17.64714615333333], [55940, 53.83626200166667, 17.64715321], [55941, 53.83625973333333, 17.647160786666667], [55942, 53.836256783333326, 17.647167958333334], [55943, 53.83625395166667, 17.647174956666667], [55944, 53.836251063333336, 17.64718157], [55945, 53.83624826166667, 17.647188625000002], [55946, 53.836245631666664, 17.647196318333332], [55947, 53.836242455000004, 17.647203651666665], [55948, 53.836240071666666, 17.647209995], [55949, 53.836236195000005, 17.647215201666665]]
ref_lat:  53.83562627333334
ref_lon:  17.64704419
aeqd: +proj=aeqd +lat_0=53.83562627333334 +lon_0=17.64704419 +datum=WGS84 +units=m +no_defs +type=crs
fwd: proj=pipeline step proj=unitconvert xy_in=deg xy_out=rad step proj=aeqd lat_0=53.8356262733333 lon_0=17.64704419 x_0=0 y_0=0 ellps=WGS84
inv: proj=pipeline step inv proj=aeqd lat_0=53.8356262733333 lon_0=17.64704419 x_0=0 y_0=0 ellps=WGS84 step proj=unitconvert xy_in=rad xy_out=deg
pos_est: (53.836474927027034, 17.647286932201105)
C:\ProgramData\Anaconda3\envs\Console\Lib\site-packages\geopy\point.py:472: UserWarning: Latitude normalization has been prohibited in the newer versions of geopy, because the normalized value happened to be on a different pole, which is probably not what was meant. If you pass coordinates as positional args, please make sure that the order is (latitude, longitude) or (y, x) in Cartesian terms.
  return cls(*args)
est_track: [[55932, 53.83633733831632, 17.647274303666286], [55934, 53.836276379071364, 17.647205877445675], [55935, 53.836098051524225, 17.647326121782395], [55936, 53.83629525174233, 17.647222989682877], [55937, 53.83646619069231, 17.647364137270134], [55938, 53.8361245553366, 17.647246204508047], [55939, 53.83660816416519, 17.647233321629333], [55940, 53.83651138944333, 17.647290964437218], [55941, 53.836256364661814, 17.64731261006256], [55942, 53.83661865968291, 17.64722887592359], [55943, 53.83628607741541, 17.64730861080071], [55944, 53.83631592486689, 17.647303190018167], [55945, 53.836399356277006, 17.647290008889147], [55947, 53.83646706396937, 17.647302425935752], [55948, 53.83646175786681, 17.647303698738213], [55949, 53.836474927027034, 17.647286932201105]]
------------------------------------------------------------------------------------------
[Est_pos child] RUN OK: 20260519_142244_873569
[Est_pos child] Result length: 16
[Est_pos child] Output JSON: C:\Users\Dell\AppData\Local\Temp\zopbsp_estpos_l5wohbt1\estpos_result.json
==========================================================================================

[Est_pos parent] Run finished: 20260519_142244_873569
[Est_pos parent] Return code: 0
[Est_pos parent] JSON exists: True

[Est_pos parent] RUN OK: 20260519_142244_873569
[Est_pos parent] Result length: 16
----------------------------------------------------------------------------------------------------

----------------------------------------------------------------------------------------------------
[Est_pos parent] Starting run: 20260519_142251_103719
[Est_pos parent] Time: 2026-05-19 14:22:51.105717
[Est_pos parent] Command:
  C:\ProgramData\Anaconda3\envs\Console\python.exe -u -m Est_pos.estimate_pos_runner --out C:\Users\Dell\AppData\Local\Temp\zopbsp_estpos_w6eqo36o\estpos_result.json --session-log logs\estpos_subprocess\estpos_session_20260519_142152.log --run-id 20260519_142251_103719 C:\Pi_loc\lauv\RPI1\gps\GPS_RPI1_20260514_080000_Hydro_6673.txt C:\Pi_loc\lauv\RPI2\gps\GPS_RPI2_20260514_080000_Hydro_2624.txt C:\Pi_loc\lauv\RPI3\gps\GPS_RPI3_20260514_080000_Hydro_6675.txt C:\Pi_loc\lauv\RPI1\streaming\RBW6673_20260514_080000.wav C:\Pi_loc\lauv\RPI2\streaming\SAW2624_20260514_080000.wav C:\Pi_loc\lauv\RPI3\streaming\RBW6675_20260514_080000.wav
[Est_pos parent] Working directory:
  C:\Code\ZOPBSP_Console
----------------------------------------------------------------------------------------------------

==========================================================================================
[Est_pos child] RUN START: 20260519_142251_103719
[Est_pos child] Time: 2026-05-19 14:22:51.243720
[Est_pos child] Input files:
  gps1: C:\Pi_loc\lauv\RPI1\gps\GPS_RPI1_20260514_080000_Hydro_6673.txt
  gps2: C:\Pi_loc\lauv\RPI2\gps\GPS_RPI2_20260514_080000_Hydro_2624.txt
  gps3: C:\Pi_loc\lauv\RPI3\gps\GPS_RPI3_20260514_080000_Hydro_6675.txt
  wav1: C:\Pi_loc\lauv\RPI1\streaming\RBW6673_20260514_080000.wav
  wav2: C:\Pi_loc\lauv\RPI2\streaming\SAW2624_20260514_080000.wav
  wav3: C:\Pi_loc\lauv\RPI3\streaming\RBW6675_20260514_080000.wav
------------------------------------------------------------------------------------------
GPS1: [[60000, 53.83565074666667, 17.647033818333334], [60001, 53.835651588333334, 17.64703383], [60002, 53.835652614999994, 17.647033731666667], [60003, 53.83565348333333, 17.647033633333333], [60004, 53.835654485, 17.647033720000003], [60005, 53.835655405000004, 17.64703368], [60006, 53.835656351666664, 17.647033826666664], [60007, 53.83565724499999, 17.647033983333333], [60008, 53.835658255, 17.64703434], [60009, 53.83565932500001, 17.647034528333332], [60010, 53.83566017, 17.647034785000002], [60011, 53.83566118, 17.647035211666665], [60012, 53.83566205499999, 17.647035605], [60013, 53.835663055000005, 17.64703582], [60014, 53.83566403666667, 17.647036211666666], [60015, 53.83566494499999, 17.647036583333332], [60016, 53.83566601999999, 17.64703694], [60017, 53.83566716, 17.647037253333334], [60018, 53.83566829833333, 17.647037501666667], [60019, 53.835669451666675, 17.647037814999997]]
GPS2: [[60000, 53.83600630666667, 17.648002381666668], [60001, 53.836005585, 17.64800125], [60002, 53.836005449999995, 17.648000158333332], [60003, 53.83600560666667, 17.647998848333334], [60004, 53.836005893333336, 17.647996646666666], [60005, 53.83600654166666, 17.64799473], [60006, 53.83600787833334, 17.64799322], [60007, 53.83600960833334, 17.647992218333332], [60008, 53.83601088, 17.647993038333333], [60009, 53.83601237833333, 17.647994503333333], [60010, 53.83601360833333, 17.647995108333337], [60011, 53.836014498333334, 17.647995313333336], [60012, 53.836015601666666, 17.647995283333334], [60013, 53.836016705000006, 17.647995466666664], [60014, 53.836017420000005, 17.647995084999998], [60015, 53.836018409999994, 17.647994601666667], [60016, 53.83601933500001, 17.64799411], [60017, 53.83601980499999, 17.647993691666667], [60018, 53.83602036666666, 17.647993298333333], [60019, 53.83602138166666, 17.647993151666665]]
GPS3: [[60000, 53.83621348333333, 17.647283893333334], [60001, 53.836213210000004, 17.647283911666666], [60002, 53.836213311666675, 17.64728496], [60003, 53.836213240000006, 17.647286286666667], [60004, 53.836213316666665, 17.647287539999997], [60005, 53.836213405, 17.64728833166667], [60006, 53.836213574999995, 17.64728876166667], [60007, 53.836213793333336, 17.647289], [60008, 53.83621424333334, 17.647289333333333], [60009, 53.836214685, 17.64728997], [60010, 53.83621531833334, 17.647290815], [60011, 53.83621613833334, 17.647291958333334], [60012, 53.83621654499999, 17.647293201666667], [60013, 53.83621725, 17.647294703333333], [60014, 53.83621788833334, 17.647295918333334], [60015, 53.83621836166667, 17.647297086666665], [60016, 53.836218653333326, 17.64729825], [60017, 53.83621908833334, 17.64729933], [60018, 53.836219731666674, 17.647300408333333], [60019, 53.83622017333334, 17.647301245]]
ref_lat:  53.83565074666667
ref_lon:  17.647033818333334
aeqd: +proj=aeqd +lat_0=53.83565074666667 +lon_0=17.647033818333334 +datum=WGS84 +units=m +no_defs +type=crs
fwd: proj=pipeline step proj=unitconvert xy_in=deg xy_out=rad step proj=aeqd lat_0=53.8356507466667 lon_0=17.6470338183333 x_0=0 y_0=0 ellps=WGS84
inv: proj=pipeline step inv proj=aeqd lat_0=53.8356507466667 lon_0=17.6470338183333 x_0=0 y_0=0 ellps=WGS84 step proj=unitconvert xy_in=rad xy_out=deg
pos_est: (53.8360925754075, 17.647345477016565)
est_track: [[60000, 53.83620371390117, 17.647389711177166], [60001, 53.836201689382804, 17.647394652197097], [60002, 53.836202800085005, 17.647393060778874], [60003, 53.83619972507318, 17.64739328434121], [60004, 53.836197248916854, 17.647392541028402], [60005, 53.83617844490527, 17.647414025038593], [60006, 53.8360518434217, 17.647389173709552], [60007, 53.83603558969602, 17.647293638723724], [60009, 53.83608362106565, 17.647341854954345], [60010, 53.83611317760082, 17.647416565409195], [60011, 53.83594377653569, 17.64751851273744], [60012, 53.836017490597584, 17.647402637573553], [60013, 53.83601479894632, 17.64741007091101], [60014, 53.836137893451415, 17.647509596645673], [60016, 53.83620084636653, 17.64747188457645], [60017, 53.83609400384595, 17.64742567719435], [60018, 53.83610253916592, 17.647368561046083], [60019, 53.8360925754075, 17.647345477016565]]
------------------------------------------------------------------------------------------
[Est_pos child] RUN OK: 20260519_142251_103719
[Est_pos child] Result length: 18
[Est_pos child] Output JSON: C:\Users\Dell\AppData\Local\Temp\zopbsp_estpos_w6eqo36o\estpos_result.json
==========================================================================================

[Est_pos parent] Run finished: 20260519_142251_103719
[Est_pos parent] Return code: 0
[Est_pos parent] JSON exists: True

[Est_pos parent] RUN OK: 20260519_142251_103719
[Est_pos parent] Result length: 18
----------------------------------------------------------------------------------------------------

----------------------------------------------------------------------------------------------------
[Est_pos parent] Starting run: 20260519_142256_372724
[Est_pos parent] Time: 2026-05-19 14:22:56.373719
[Est_pos parent] Command:
  C:\ProgramData\Anaconda3\envs\Console\python.exe -u -m Est_pos.estimate_pos_runner --out C:\Users\Dell\AppData\Local\Temp\zopbsp_estpos_iz2i1i3h\estpos_result.json --session-log logs\estpos_subprocess\estpos_session_20260519_142152.log --run-id 20260519_142256_372724 C:\Pi_loc\lauv\RPI1\gps\GPS_RPI1_20260514_080030_Hydro_6673.txt C:\Pi_loc\lauv\RPI2\gps\GPS_RPI2_20260514_080030_Hydro_2624.txt C:\Pi_loc\lauv\RPI3\gps\GPS_RPI3_20260514_080030_Hydro_6675.txt C:\Pi_loc\lauv\RPI1\streaming\RBW6673_20260514_080030.wav C:\Pi_loc\lauv\RPI2\streaming\SAW2624_20260514_080030.wav C:\Pi_loc\lauv\RPI3\streaming\RBW6675_20260514_080030.wav
[Est_pos parent] Working directory:
  C:\Code\ZOPBSP_Console
----------------------------------------------------------------------------------------------------

==========================================================================================
[Est_pos child] RUN START: 20260519_142256_372724
[Est_pos child] Time: 2026-05-19 14:22:56.503719
[Est_pos child] Input files:
  gps1: C:\Pi_loc\lauv\RPI1\gps\GPS_RPI1_20260514_080030_Hydro_6673.txt
  gps2: C:\Pi_loc\lauv\RPI2\gps\GPS_RPI2_20260514_080030_Hydro_2624.txt
  gps3: C:\Pi_loc\lauv\RPI3\gps\GPS_RPI3_20260514_080030_Hydro_6675.txt
  wav1: C:\Pi_loc\lauv\RPI1\streaming\RBW6673_20260514_080030.wav
  wav2: C:\Pi_loc\lauv\RPI2\streaming\SAW2624_20260514_080030.wav
  wav3: C:\Pi_loc\lauv\RPI3\streaming\RBW6675_20260514_080030.wav
------------------------------------------------------------------------------------------
GPS1: [[60030, 53.83568227000001, 17.647033436666668], [60031, 53.83568355333333, 17.647032228333334], [60032, 53.835684965000006, 17.64703076], [60033, 53.83568647666666, 17.647028831666667], [60034, 53.835687965000005, 17.647026678333336], [60035, 53.83568928333334, 17.647024443333333], [60036, 53.835690425, 17.64702220166667], [60037, 53.83569149666667, 17.647019998333334], [60038, 53.835692355000006, 17.64701773], [60039, 53.83569308333334, 17.647015653333334], [60040, 53.83569374666666, 17.647013538333333], [60041, 53.83569438999999, 17.647011466666665], [60042, 53.835694996666675, 17.647009205], [60043, 53.83569536333333, 17.64700694], [60044, 53.83569583, 17.647004825], [60045, 53.83569612333334, 17.647002766666667], [60046, 53.835696445, 17.647000773333332], [60047, 53.83569668666667, 17.646998776666667], [60048, 53.83569694999999, 17.646996966666666], [60049, 53.835697190000005, 17.646995255]]
GPS2: [[60030, 53.836029145000005, 17.647992471666665], [60031, 53.836029704999994, 17.647991763333334], [60032, 53.836029975, 17.647990981666666], [60033, 53.83603054333333, 17.647990425], [60034, 53.836031295000005, 17.647989591666665], [60035, 53.83603190833334, 17.647989433333333], [60036, 53.83603270166667, 17.64798902333333], [60037, 53.83603345666667, 17.64798843], [60038, 53.83603411000001, 17.64798785], [60039, 53.83603489166667, 17.6479872], [60040, 53.836035515000006, 17.647986321666668], [60041, 53.83603636166666, 17.64798560166667], [60042, 53.83603697, 17.64798479], [60043, 53.836038155000004, 17.647983800000002], [60044, 53.836038755, 17.64798293833333], [60045, 53.83603948166667, 17.647982568333337], [60046, 53.836040175, 17.647982263333333], [60047, 53.83604103, 17.647981703333336], [60048, 53.83604213333333, 17.647981416666667], [60049, 53.83604305833334, 17.64798127]]
GPS3: [[60030, 53.83622333666667, 17.647301948333332], [60031, 53.83622383833334, 17.647302014999998], [60032, 53.836224310000006, 17.647302256666666], [60033, 53.836225094999996, 17.647302745], [60034, 53.836225535, 17.647303025], [60035, 53.83622600666666, 17.647303335], [60036, 53.83622654333333, 17.64730366], [60037, 53.83622711666667, 17.647303846666667], [60038, 53.836227778333324, 17.647304143333333], [60039, 53.836228305, 17.647304348333332], [60040, 53.83622882666667, 17.647304456666667], [60041, 53.83622936666667, 17.647304791666667], [60042, 53.83623007166666, 17.647304891666668], [60043, 53.83623075833334, 17.64730503], [60044, 53.836231696666665, 17.647304983333335], [60045, 53.83623240166666, 17.647304855], [60046, 53.836233181666664, 17.647304650000002], [60047, 53.83623422000001, 17.647304196666667], [60048, 53.836234954999995, 17.64730381], [60049, 53.836235718333334, 17.647303580000003]]
ref_lat:  53.83568227000001
ref_lon:  17.647033436666668
aeqd: +proj=aeqd +lat_0=53.83568227000001 +lon_0=17.647033436666668 +datum=WGS84 +units=m +no_defs +type=crs
fwd: proj=pipeline step proj=unitconvert xy_in=deg xy_out=rad step proj=aeqd lat_0=53.83568227 lon_0=17.6470334366667 x_0=0 y_0=0 ellps=WGS84
inv: proj=pipeline step inv proj=aeqd lat_0=53.83568227 lon_0=17.6470334366667 x_0=0 y_0=0 ellps=WGS84 step proj=unitconvert xy_in=rad xy_out=deg
pos_est: (53.83622647517677, 17.647500632609894)
C:\ProgramData\Anaconda3\envs\Console\Lib\site-packages\geopy\point.py:472: UserWarning: Latitude normalization has been prohibited in the newer versions of geopy, because the normalized value happened to be on a different pole, which is probably not what was meant. If you pass coordinates as positional args, please make sure that the order is (latitude, longitude) or (y, x) in Cartesian terms.
  return cls(*args)
est_track: [[60030, 53.8359379531317, 17.647699380770373], [60031, 53.836098761875306, 17.647250589180427], [60032, 53.83617222240627, 17.647366496614314], [60033, 53.83607887088104, 17.647302209796567], [60034, 53.836077118678816, 17.647304424370816], [60035, 53.83611545536546, 17.647421976720313], [60037, 53.83619490627527, 17.647504434871145], [60039, 53.83593358948647, 17.647344863717823], [60040, 53.835933713888785, 17.647557730586197], [60041, 53.83603359637305, 17.647394625185918], [60042, 53.836082329497295, 17.647421649393532], [60043, 53.836131534391484, 17.64739314213746], [60044, 53.8361457178256, 17.64747120252728], [60045, 53.83621191201865, 17.64750405681532], [60046, 53.836221370300066, 17.64752631933445], [60047, 53.836236256101444, 17.647524442595508], [60048, 53.836232260690004, 17.647519759519355], [60049, 53.83622647517677, 17.647500632609894]]
------------------------------------------------------------------------------------------
[Est_pos child] RUN OK: 20260519_142256_372724
[Est_pos child] Result length: 18
[Est_pos child] Output JSON: C:\Users\Dell\AppData\Local\Temp\zopbsp_estpos_iz2i1i3h\estpos_result.json
==========================================================================================

[Est_pos parent] Run finished: 20260519_142256_372724
[Est_pos parent] Return code: 0
[Est_pos parent] JSON exists: True

[Est_pos parent] RUN OK: 20260519_142256_372724
[Est_pos parent] Result length: 18
----------------------------------------------------------------------------------------------------

----------------------------------------------------------------------------------------------------
[Est_pos parent] Starting run: 20260519_142301_694906
[Est_pos parent] Time: 2026-05-19 14:23:01.695904
[Est_pos parent] Command:
  C:\ProgramData\Anaconda3\envs\Console\python.exe -u -m Est_pos.estimate_pos_runner --out C:\Users\Dell\AppData\Local\Temp\zopbsp_estpos_gi9590i2\estpos_result.json --session-log logs\estpos_subprocess\estpos_session_20260519_142152.log --run-id 20260519_142301_694906 C:\Pi_loc\lauv\RPI1\gps\GPS_RPI1_20260514_080100_Hydro_6673.txt C:\Pi_loc\lauv\RPI2\gps\GPS_RPI2_20260514_080100_Hydro_2624.txt C:\Pi_loc\lauv\RPI3\gps\GPS_RPI3_20260514_080100_Hydro_6675.txt C:\Pi_loc\lauv\RPI1\streaming\RBW6673_20260514_080100.wav C:\Pi_loc\lauv\RPI2\streaming\SAW2624_20260514_080100.wav C:\Pi_loc\lauv\RPI3\streaming\RBW6675_20260514_080100.wav
[Est_pos parent] Working directory:
  C:\Code\ZOPBSP_Console
----------------------------------------------------------------------------------------------------

==========================================================================================
[Est_pos child] RUN START: 20260519_142301_694906
[Est_pos child] Time: 2026-05-19 14:23:01.834908
[Est_pos child] Input files:
  gps1: C:\Pi_loc\lauv\RPI1\gps\GPS_RPI1_20260514_080100_Hydro_6673.txt
  gps2: C:\Pi_loc\lauv\RPI2\gps\GPS_RPI2_20260514_080100_Hydro_2624.txt
  gps3: C:\Pi_loc\lauv\RPI3\gps\GPS_RPI3_20260514_080100_Hydro_6675.txt
  wav1: C:\Pi_loc\lauv\RPI1\streaming\RBW6673_20260514_080100.wav
  wav2: C:\Pi_loc\lauv\RPI2\streaming\SAW2624_20260514_080100.wav
  wav3: C:\Pi_loc\lauv\RPI3\streaming\RBW6675_20260514_080100.wav
------------------------------------------------------------------------------------------
GPS1: [[60100, 53.835699805, 17.64698405333333], [60101, 53.83570052333333, 17.646983171666665], [60102, 53.83570124833333, 17.64698254], [60103, 53.83570194833332, 17.646981801666666], [60104, 53.835702641666664, 17.646981133333334], [60105, 53.83570340333334, 17.646980568333333], [60106, 53.83570401666666, 17.646979695000002], [60107, 53.83570466333334, 17.646979058333333], [60108, 53.83570525499999, 17.646978365], [60109, 53.835705704999995, 17.646977551666666], [60110, 53.83570615166666, 17.646976836666667], [60111, 53.83570653833333, 17.64697609], [60112, 53.83570690500001, 17.646975451666666], [60113, 53.835707185000004, 17.64697494333333], [60114, 53.83570753000001, 17.64697431833333], [60115, 53.83570768333334, 17.646973905], [60116, 53.835708053333335, 17.64697324666667], [60117, 53.83570836166667, 17.64697281833333], [60118, 53.835708741666664, 17.646972258333335], [60119, 53.83570918666666, 17.646971811666667]]
GPS2: [[60100, 53.836053813333336, 17.647978063333333], [60101, 53.836054829999995, 17.64797778333333], [60102, 53.836055484999996, 17.647977455], [60103, 53.836056715, 17.647977113333333], [60104, 53.83605815833333, 17.64797724166667], [60105, 53.83605955166666, 17.647976936666666], [60106, 53.83606090166666, 17.647976668333335], [60107, 53.83606208, 17.647976266666667], [60108, 53.83606316333333, 17.647975875], [60109, 53.836064035, 17.647974748333336], [60110, 53.83606560666667, 17.647974296666668], [60111, 53.836066835000004, 17.647973541666666], [60112, 53.83606820166666, 17.647973056666668], [60113, 53.83606945166666, 17.647972475], [60114, 53.83607081333333, 17.647972086666666], [60115, 53.836072191666666, 17.647971486666666], [60116, 53.83606952499999, 17.64798012], [60117, 53.83607051333333, 17.647979413333335], [60118, 53.836071403333335, 17.647980183333335], [60119, 53.83607135166667, 17.647979425000003]]
GPS3: [[60100, 53.83624403666666, 17.647295340000003], [60101, 53.836244548333326, 17.647294648333332], [60102, 53.836246151666664, 17.647294496666667], [60103, 53.836246988333336, 17.64729406], [60104, 53.836248278333336, 17.647294115], [60105, 53.83624966833333, 17.647294305], [60106, 53.83625061333334, 17.647294905000003], [60107, 53.83625179166667, 17.647295301666666], [60108, 53.836253000000006, 17.647295923333335], [60109, 53.83625453333334, 17.647296351666668], [60110, 53.836255445000006, 17.64729647333333], [60111, 53.83625650833333, 17.647296343333334], [60112, 53.83625772666666, 17.64729625833333], [60113, 53.836259185, 17.647296224999998], [60114, 53.83626012166666, 17.647296201666666], [60115, 53.83626137500001, 17.647296441666665], [60116, 53.83626243666666, 17.647296765], [60117, 53.83626381333333, 17.647297138333332], [60118, 53.836264856666666, 17.647297273333333], [60119, 53.83626609833333, 17.647297308333336]]
ref_lat:  53.835699805
ref_lon:  17.64698405333333
aeqd: +proj=aeqd +lat_0=53.835699805 +lon_0=17.64698405333333 +datum=WGS84 +units=m +no_defs +type=crs
fwd: proj=pipeline step proj=unitconvert xy_in=deg xy_out=rad step proj=aeqd lat_0=53.835699805 lon_0=17.6469840533333 x_0=0 y_0=0 ellps=WGS84
inv: proj=pipeline step inv proj=aeqd lat_0=53.835699805 lon_0=17.6469840533333 x_0=0 y_0=0 ellps=WGS84 step proj=unitconvert xy_in=rad xy_out=deg
pos_est: (53.83639098046355, 17.647473824364816)
est_track: [[60100, 53.83618932600464, 17.647021719517404], [60101, 53.83616157894658, 17.64743321591302], [60102, 53.836241364491855, 17.647509361989325], [60103, 53.83616933304976, 17.64747278024572], [60104, 53.836169947710516, 17.647455436503325], [60105, 53.83612593001703, 17.64728140653048], [60106, 53.836106824831575, 17.64740111011298], [60107, 53.83621373819251, 17.647423021824316], [60108, 53.83612728753441, 17.64733564747123], [60110, 53.83627258155487, 17.64749596920861], [60111, 53.8362657261335, 17.64750688343684], [60112, 53.83613781943165, 17.64741446613104], [60113, 53.83633276680788, 17.647448919792772], [60114, 53.83627602445923, 17.64745832117817], [60115, 53.83624462530845, 17.647427742144743], [60116, 53.836307154644956, 17.647462956270957], [60117, 53.836250251715846, 17.647449652460633], [60118, 53.836260531944134, 17.6474428722899], [60119, 53.83639098046355, 17.647473824364816]]
------------------------------------------------------------------------------------------
[Est_pos child] RUN OK: 20260519_142301_694906
[Est_pos child] Result length: 19
[Est_pos child] Output JSON: C:\Users\Dell\AppData\Local\Temp\zopbsp_estpos_gi9590i2\estpos_result.json
==========================================================================================

[Est_pos parent] Run finished: 20260519_142301_694906
[Est_pos parent] Return code: 0
[Est_pos parent] JSON exists: True

[Est_pos parent] RUN OK: 20260519_142301_694906
[Est_pos parent] Result length: 19
----------------------------------------------------------------------------------------------------

----------------------------------------------------------------------------------------------------
[Est_pos parent] Starting run: 20260519_142307_132564
[Est_pos parent] Time: 2026-05-19 14:23:07.133563
[Est_pos parent] Command:
  C:\ProgramData\Anaconda3\envs\Console\python.exe -u -m Est_pos.estimate_pos_runner --out C:\Users\Dell\AppData\Local\Temp\zopbsp_estpos__ckx9xdw\estpos_result.json --session-log logs\estpos_subprocess\estpos_session_20260519_142152.log --run-id 20260519_142307_132564 C:\Pi_loc\lauv\RPI1\gps\GPS_RPI1_20260514_080130_Hydro_6673.txt C:\Pi_loc\lauv\RPI2\gps\GPS_RPI2_20260514_080130_Hydro_2624.txt C:\Pi_loc\lauv\RPI3\gps\GPS_RPI3_20260514_080130_Hydro_6675.txt C:\Pi_loc\lauv\RPI1\streaming\RBW6673_20260514_080130.wav C:\Pi_loc\lauv\RPI2\streaming\SAW2624_20260514_080130.wav C:\Pi_loc\lauv\RPI3\streaming\RBW6675_20260514_080130.wav
[Est_pos parent] Working directory:
  C:\Code\ZOPBSP_Console
----------------------------------------------------------------------------------------------------

==========================================================================================
[Est_pos child] RUN START: 20260519_142307_132564
[Est_pos child] Time: 2026-05-19 14:23:07.266561
[Est_pos child] Input files:
  gps1: C:\Pi_loc\lauv\RPI1\gps\GPS_RPI1_20260514_080130_Hydro_6673.txt
  gps2: C:\Pi_loc\lauv\RPI2\gps\GPS_RPI2_20260514_080130_Hydro_2624.txt
  gps3: C:\Pi_loc\lauv\RPI3\gps\GPS_RPI3_20260514_080130_Hydro_6675.txt
  wav1: C:\Pi_loc\lauv\RPI1\streaming\RBW6673_20260514_080130.wav
  wav2: C:\Pi_loc\lauv\RPI2\streaming\SAW2624_20260514_080130.wav
  wav3: C:\Pi_loc\lauv\RPI3\streaming\RBW6675_20260514_080130.wav
------------------------------------------------------------------------------------------
GPS1: [[60130, 53.83571794833333, 17.64696544], [60131, 53.835719135, 17.64696503], [60132, 53.83572029333333, 17.646964693333334], [60133, 53.83572155833334, 17.646964360000002], [60134, 53.83572263666667, 17.646964253333334], [60135, 53.83572385000001, 17.646964076666666], [60136, 53.83572483166666, 17.64696405], [60137, 53.83572584499999, 17.646963930000002], [60138, 53.835726935000004, 17.64696384], [60139, 53.835727823333336, 17.646963581666668], [60140, 53.835728814999996, 17.646963448333334], [60141, 53.83572967166666, 17.64696331], [60142, 53.835730590000004, 17.646963000000003], [60143, 53.83573162, 17.64696251166667], [60144, 53.835732678333336, 17.646962071666668], [60145, 53.83573351666667, 17.646961523333335], [60146, 53.83573456833333, 17.646961071666666], [60147, 53.835735605, 17.646960378333333], [60148, 53.83573650333333, 17.646959748333334], [60149, 53.83573748666666, 17.646959204999998]]
GPS2: [[60130, 53.83609658833334, 17.647967365], [60131, 53.83609682833333, 17.647967686666668], [60132, 53.83609681166666, 17.647967886666667], [60133, 53.83609706166667, 17.647968026666668], [60134, 53.83609705000001, 17.64796777666667], [60135, 53.836097900000006, 17.647968163333335], [60136, 53.836100105, 17.647968601666665], [60137, 53.83610220833332, 17.647969113333332], [60138, 53.83610413333334, 17.647969088333333], [60139, 53.83610586166666, 17.647969030000002], [60140, 53.836107293333335, 17.647968855], [60141, 53.83610831833333, 17.647967989999998], [60142, 53.836108970000005, 17.647967238333333], [60143, 53.83610952000001, 17.647966166666667], [60144, 53.83611001999999, 17.64796523], [60145, 53.836110395, 17.647964571666666], [60146, 53.836110688333335, 17.647963675000003], [60147, 53.836111171666666, 17.64796244], [60148, 53.83611179, 17.647960665000003], [60149, 53.836112863333334, 17.64795936]]
GPS3: [[60130, 53.83628244, 17.647293175], [60131, 53.83628381666667, 17.647292741666668], [60132, 53.836285124999996, 17.647292489999998], [60133, 53.83628669833333, 17.647292076666666], [60134, 53.83628796666667, 17.64729165], [60135, 53.83628965333334, 17.647291318333334], [60136, 53.836290823333336, 17.647290656666666], [60137, 53.83629209166667, 17.647290008333336], [60138, 53.836293841666674, 17.647289758333333], [60139, 53.83629518833333, 17.647289215], [60140, 53.83629670333333, 17.647289071666666], [60141, 53.83629831166666, 17.647289266666668], [60142, 53.83629946999999, 17.647289281666666], [60143, 53.83630093166666, 17.647289661666665], [60144, 53.83630246833333, 17.647289928333333], [60145, 53.83630359166667, 17.647289751666666], [60146, 53.83630491666666, 17.64728983166667], [60147, 53.83630612166667, 17.64728956], [60148, 53.836307273333325, 17.64728897666667], [60149, 53.836308236666675, 17.647288481666667]]
ref_lat:  53.83571794833333
ref_lon:  17.64696544
aeqd: +proj=aeqd +lat_0=53.83571794833333 +lon_0=17.64696544 +datum=WGS84 +units=m +no_defs +type=crs
fwd: proj=pipeline step proj=unitconvert xy_in=deg xy_out=rad step proj=aeqd lat_0=53.8357179483333 lon_0=17.64696544 x_0=0 y_0=0 ellps=WGS84
inv: proj=pipeline step inv proj=aeqd lat_0=53.8357179483333 lon_0=17.64696544 x_0=0 y_0=0 ellps=WGS84 step proj=unitconvert xy_in=rad xy_out=deg
pos_est: (53.83626881297551, 17.647610969236457)
est_track: [[60130, 53.83610936064187, 17.64741603917998], [60131, 53.836243306724285, 17.64753988401464], [60132, 53.83623872609914, 17.647526347281385], [60133, 53.83625505144838, 17.647519429951522], [60134, 53.83612585841589, 17.647487833384172], [60135, 53.83616895664949, 17.647571036163427], [60136, 53.836171535478236, 17.647573398996368], [60137, 53.83624519287958, 17.647513990576634], [60138, 53.83623726060528, 17.6474989332475], [60139, 53.83615275504831, 17.64744658837011], [60140, 53.83621903545173, 17.647552505480217], [60141, 53.83613994105659, 17.647542429906252], [60142, 53.83595851423288, 17.647726028959475], [60143, 53.83544785067975, 17.647980700166435], [60144, 53.836060287545735, 17.647618978440605], [60145, 53.83622331656323, 17.647436240139733], [60146, 53.83615623438505, 17.64761429171149], [60147, 53.83620151484622, 17.647644286171985], [60148, 53.836355058415336, 17.647597913623386], [60149, 53.83626881297551, 17.647610969236457]]
------------------------------------------------------------------------------------------
[Est_pos child] RUN OK: 20260519_142307_132564
[Est_pos child] Result length: 20
[Est_pos child] Output JSON: C:\Users\Dell\AppData\Local\Temp\zopbsp_estpos__ckx9xdw\estpos_result.json
==========================================================================================

[Est_pos parent] Run finished: 20260519_142307_132564
[Est_pos parent] Return code: 0
[Est_pos parent] JSON exists: True

[Est_pos parent] RUN OK: 20260519_142307_132564
[Est_pos parent] Result length: 20
----------------------------------------------------------------------------------------------------

----------------------------------------------------------------------------------------------------
[Est_pos parent] Starting run: 20260519_142312_619523
[Est_pos parent] Time: 2026-05-19 14:23:12.620527
[Est_pos parent] Command:
  C:\ProgramData\Anaconda3\envs\Console\python.exe -u -m Est_pos.estimate_pos_runner --out C:\Users\Dell\AppData\Local\Temp\zopbsp_estpos_qflmq5th\estpos_result.json --session-log logs\estpos_subprocess\estpos_session_20260519_142152.log --run-id 20260519_142312_619523 C:\Pi_loc\lauv\RPI1\gps\GPS_RPI1_20260514_080200_Hydro_6673.txt C:\Pi_loc\lauv\RPI2\gps\GPS_RPI2_20260514_080200_Hydro_2624.txt C:\Pi_loc\lauv\RPI3\gps\GPS_RPI3_20260514_080200_Hydro_6675.txt C:\Pi_loc\lauv\RPI1\streaming\RBW6673_20260514_080200.wav C:\Pi_loc\lauv\RPI2\streaming\SAW2624_20260514_080200.wav C:\Pi_loc\lauv\RPI3\streaming\RBW6675_20260514_080200.wav
[Est_pos parent] Working directory:
  C:\Code\ZOPBSP_Console
----------------------------------------------------------------------------------------------------

==========================================================================================
[Est_pos child] RUN START: 20260519_142312_619523
[Est_pos child] Time: 2026-05-19 14:23:12.761535
[Est_pos child] Input files:
  gps1: C:\Pi_loc\lauv\RPI1\gps\GPS_RPI1_20260514_080200_Hydro_6673.txt
  gps2: C:\Pi_loc\lauv\RPI2\gps\GPS_RPI2_20260514_080200_Hydro_2624.txt
  gps3: C:\Pi_loc\lauv\RPI3\gps\GPS_RPI3_20260514_080200_Hydro_6675.txt
  wav1: C:\Pi_loc\lauv\RPI1\streaming\RBW6673_20260514_080200.wav
  wav2: C:\Pi_loc\lauv\RPI2\streaming\SAW2624_20260514_080200.wav
  wav3: C:\Pi_loc\lauv\RPI3\streaming\RBW6675_20260514_080200.wav
------------------------------------------------------------------------------------------
GPS1: [[60200, 53.83574559666666, 17.646945206666665], [60201, 53.835746050000004, 17.646943643333334], [60202, 53.83574628333334, 17.646942298333332], [60203, 53.83574655833333, 17.646940886666666], [60204, 53.83574672833333, 17.646939503333332], [60205, 53.835746801666666, 17.64693843166667], [60206, 53.835746978333326, 17.646937265000002], [60207, 53.83574708833333, 17.646936008333334], [60208, 53.83574715166666, 17.64693511833333], [60209, 53.835747295, 17.64693412], [60210, 53.835747473333335, 17.64693338833333], [60211, 53.83574759166666, 17.64693256], [60212, 53.835747913333336, 17.646931610000003], [60213, 53.835748200000005, 17.646930766666667], [60214, 53.83574876166667, 17.646929881666665], [60215, 53.835749338333336, 17.646929258333333], [60216, 53.835749885, 17.64692834166667], [60217, 53.83575059333332, 17.646927463333334], [60218, 53.83575124000001, 17.646926618333335], [60219, 53.83575216999999, 17.646925643333336]]
GPS2: [[60200, 53.836120138333335, 17.647949588333333], [60201, 53.83612059666666, 17.647948948333333], [60202, 53.83612132666667, 17.64794829166667], [60203, 53.836122418333325, 17.647947823333332], [60204, 53.836123301666674, 17.647948456666665], [60205, 53.83612411166667, 17.647948471666666], [60206, 53.836124783333325, 17.647948056666667], [60207, 53.836125509999995, 17.64794743], [60208, 53.83612621166667, 17.647946738333335], [60209, 53.83612686333333, 17.64794647833333], [60210, 53.836127563333335, 17.647945795], [60211, 53.83612794833333, 17.64794497666667], [60212, 53.836128451666674, 17.647944123333332], [60213, 53.83612888999999, 17.647943356666666], [60214, 53.83612954499999, 17.647942551666667], [60215, 53.83613013666666, 17.647942113333333], [60216, 53.83613109333334, 17.647941839999998], [60217, 53.836131795, 17.647941271666664], [60218, 53.836132295, 17.647940676666668], [60219, 53.83613287333333, 17.647940575]]
GPS3: [[60200, 53.83631870666667, 17.64728102666667], [60201, 53.83631955333333, 17.647280471666665], [60202, 53.83632044666667, 17.647279801666667], [60203, 53.83632177333334, 17.647279074999997], [60204, 53.83632260666666, 17.647278541666665], [60205, 53.836323515000004, 17.64727775], [60206, 53.836324690000005, 17.647277123333332], [60207, 53.83632566333334, 17.647276305], [60208, 53.8363267, 17.64727567], [60209, 53.836328011666666, 17.647275063333332], [60210, 53.836329051666674, 17.64727418833333], [60211, 53.83633038166666, 17.647273545], [60212, 53.83633136833334, 17.647272661666666], [60213, 53.836332498333334, 17.647271908333334], [60214, 53.83633369333334, 17.647270915], [60215, 53.83633488, 17.647269865], [60216, 53.836336305, 17.647269044999998], [60217, 53.83633759333334, 17.64726823], [60218, 53.83633865333333, 17.647266981666668], [60219, 53.83634015833333, 17.647266616666666]]
ref_lat:  53.83574559666666
ref_lon:  17.646945206666665
aeqd: +proj=aeqd +lat_0=53.83574559666666 +lon_0=17.646945206666665 +datum=WGS84 +units=m +no_defs +type=crs
fwd: proj=pipeline step proj=unitconvert xy_in=deg xy_out=rad step proj=aeqd lat_0=53.8357455966667 lon_0=17.6469452066667 x_0=0 y_0=0 ellps=WGS84
inv: proj=pipeline step inv proj=aeqd lat_0=53.8357455966667 lon_0=17.6469452066667 x_0=0 y_0=0 ellps=WGS84 step proj=unitconvert xy_in=rad xy_out=deg
pos_est: (53.835589850594474, 17.64796565188309)
est_track: [[60200, 53.83611025074589, 17.647588423709713], [60201, 53.83609570487431, 17.6476225237345], [60202, 53.83612739779997, 17.64762976665341], [60203, 53.8361050379491, 17.64762785847845], [60204, 53.83605986839019, 17.647614646198253], [60205, 53.83611980582433, 17.647575744170723], [60206, 53.8360333218209, 17.64762292777918], [60207, 53.83596534031354, 17.647620122229622], [60208, 53.836043758883534, 17.64765747724324], [60209, 53.836170694123766, 17.64764492717432], [60210, 53.83613705649518, 17.64764655433762], [60211, 53.8360860597103, 17.64767835754338], [60212, 53.836039677780484, 17.647698543844875], [60213, 53.8360453556578, 17.647709584977324], [60214, 53.83596499211723, 17.6477592305148], [60215, 53.83591772281297, 17.64785323117926], [60216, 53.83598227182988, 17.64776265717581], [60217, 53.83585676214416, 17.647808753397527], [60218, 53.8356106827484, 17.64791834626639], [60219, 53.835589850594474, 17.64796565188309]]
------------------------------------------------------------------------------------------
[Est_pos child] RUN OK: 20260519_142312_619523
[Est_pos child] Result length: 20
[Est_pos child] Output JSON: C:\Users\Dell\AppData\Local\Temp\zopbsp_estpos_qflmq5th\estpos_result.json
==========================================================================================

[Est_pos parent] Run finished: 20260519_142312_619523
[Est_pos parent] Return code: 0
[Est_pos parent] JSON exists: True

[Est_pos parent] RUN OK: 20260519_142312_619523
[Est_pos parent] Result length: 20
----------------------------------------------------------------------------------------------------

----------------------------------------------------------------------------------------------------
[Est_pos parent] Starting run: 20260519_142318_047113
[Est_pos parent] Time: 2026-05-19 14:23:18.048113
[Est_pos parent] Command:
  C:\ProgramData\Anaconda3\envs\Console\python.exe -u -m Est_pos.estimate_pos_runner --out C:\Users\Dell\AppData\Local\Temp\zopbsp_estpos_ksj68dj6\estpos_result.json --session-log logs\estpos_subprocess\estpos_session_20260519_142152.log --run-id 20260519_142318_047113 C:\Pi_loc\lauv\RPI1\gps\GPS_RPI1_20260514_080230_Hydro_6673.txt C:\Pi_loc\lauv\RPI2\gps\GPS_RPI2_20260514_080230_Hydro_2624.txt C:\Pi_loc\lauv\RPI3\gps\GPS_RPI3_20260514_080230_Hydro_6675.txt C:\Pi_loc\lauv\RPI1\streaming\RBW6673_20260514_080230.wav C:\Pi_loc\lauv\RPI2\streaming\SAW2624_20260514_080230.wav C:\Pi_loc\lauv\RPI3\streaming\RBW6675_20260514_080230.wav
[Est_pos parent] Working directory:
  C:\Code\ZOPBSP_Console
----------------------------------------------------------------------------------------------------

==========================================================================================
[Est_pos child] RUN START: 20260519_142318_047113
[Est_pos child] Time: 2026-05-19 14:23:18.188630
[Est_pos child] Input files:
  gps1: C:\Pi_loc\lauv\RPI1\gps\GPS_RPI1_20260514_080230_Hydro_6673.txt
  gps2: C:\Pi_loc\lauv\RPI2\gps\GPS_RPI2_20260514_080230_Hydro_2624.txt
  gps3: C:\Pi_loc\lauv\RPI3\gps\GPS_RPI3_20260514_080230_Hydro_6675.txt
  wav1: C:\Pi_loc\lauv\RPI1\streaming\RBW6673_20260514_080230.wav
  wav2: C:\Pi_loc\lauv\RPI2\streaming\SAW2624_20260514_080230.wav
  wav3: C:\Pi_loc\lauv\RPI3\streaming\RBW6675_20260514_080230.wav
------------------------------------------------------------------------------------------
GPS1: [[60230, 53.83576176666667, 17.646918045], [60231, 53.83576263666667, 17.646917496666667], [60232, 53.83576337166666, 17.646917051666666], [60233, 53.8357643, 17.646916186666665], [60234, 53.83576503833333, 17.646915728333333], [60235, 53.835765988333335, 17.646915185], [60236, 53.83576672666666, 17.64691472166667], [60237, 53.83576749833334, 17.64691419], [60238, 53.83576830666666, 17.646913891666667], [60239, 53.835769015000004, 17.646913448333333], [60240, 53.83576987, 17.646912996666668], [60241, 53.83577056000001, 17.646912633333333], [60242, 53.83577128499999, 17.646912296666667], [60243, 53.835772008333336, 17.64691183], [60244, 53.83577266, 17.646911245000002], [60245, 53.83577346166667, 17.64691067], [60246, 53.835774081666656, 17.64691005166667], [60247, 53.83577471499999, 17.646909468333334], [60248, 53.83577541500001, 17.646908763333332], [60249, 53.835776010000004, 17.64690801833333]]
GPS2: [[60230, 53.83613164, 17.647945703333335], [60231, 53.836132255, 17.647945413333332], [60232, 53.836133186666665, 17.64794530833333], [60233, 53.836134245, 17.647945353333334], [60234, 53.836135719999994, 17.64794565], [60235, 53.83613727833334, 17.647947023333334], [60236, 53.83613870000001, 17.647947895], [60237, 53.83614020333333, 17.647948373333335], [60238, 53.83614130166667, 17.647948165], [60239, 53.83613499666667, 17.64794925833333], [60240, 53.836139945, 17.647951853333332], [60241, 53.83614528666667, 17.647961661666667], [60242, 53.836148513333335, 17.647970935], [60243, 53.836144675, 17.647982533333334], [60244, 53.83613973833334, 17.647998301666668], [60245, 53.83613235833333, 17.648014996666667], [60246, 53.836122599999996, 17.648033608333332], [60247, 53.83611118833334, 17.64805042833333], [60248, 53.83609926833333, 17.648065298333332], [60249, 53.836088331666666, 17.648077894999997]]
GPS3: [[60230, 53.83635482666667, 17.647254965], [60231, 53.83635662499999, 17.647253850000002], [60232, 53.836357865000004, 17.647252426666668], [60233, 53.83635906999999, 17.64725106], [60234, 53.83636027166667, 17.64724957], [60235, 53.836361585, 17.64724827], [60236, 53.836362905, 17.647247526666668], [60237, 53.83636430166666, 17.647246633333335], [60238, 53.836365353333335, 17.64724557], [60239, 53.83636624833333, 17.647244755], [60240, 53.83636749666666, 17.647243768333333], [60241, 53.836368416666666, 17.647242935], [60242, 53.836369481666665, 17.64724239], [60243, 53.836370609999996, 17.6472417], [60244, 53.83637165666667, 17.647240888333332], [60245, 53.83637252166667, 17.64724002166667], [60246, 53.836373679999994, 17.647239278333334], [60247, 53.83637462, 17.647237949999997], [60248, 53.836375733333334, 17.647237068333332], [60249, 53.83637678, 17.647236185]]
ref_lat:  53.83576176666667
ref_lon:  17.646918045
aeqd: +proj=aeqd +lat_0=53.83576176666667 +lon_0=17.646918045 +datum=WGS84 +units=m +no_defs +type=crs
fwd: proj=pipeline step proj=unitconvert xy_in=deg xy_out=rad step proj=aeqd lat_0=53.8357617666667 lon_0=17.646918045 x_0=0 y_0=0 ellps=WGS84
inv: proj=pipeline step inv proj=aeqd lat_0=53.8357617666667 lon_0=17.646918045 x_0=0 y_0=0 ellps=WGS84 step proj=unitconvert xy_in=rad xy_out=deg
pos_est: (53.836264357496425, 17.647468377687105)
est_track: [[60230, 53.836083267843975, 17.64773428682459], [60231, 53.835923016015194, 17.64760575684768], [60232, 53.83487660584741, 17.647754183845375], [60233, 53.83572471276213, 17.647589176574456], [60234, 53.83581544019167, 17.647536063210723], [60235, 53.835915146725, 17.64760737268085], [60236, 53.8358123678133, 17.64767852795466], [60237, 53.8359327977197, 17.647673244733948], [60238, 53.83609435005988, 17.647555225930947], [60239, 53.83626283002434, 17.64748134189006], [60240, 53.83588538459385, 17.64745402230169], [60241, 53.8360921071984, 17.64753015574242], [60242, 53.836253854664086, 17.647396574138746], [60243, 53.836111243754914, 17.647590553654613], [60244, 53.836105953029154, 17.64756377050967], [60245, 53.835762448901946, 17.647988233196084], [60246, 53.836029847119505, 17.64772630893783], [60247, 53.836152591704746, 17.64746344701364], [60249, 53.836264357496425, 17.647468377687105]]
------------------------------------------------------------------------------------------
[Est_pos child] RUN OK: 20260519_142318_047113
[Est_pos child] Result length: 19
[Est_pos child] Output JSON: C:\Users\Dell\AppData\Local\Temp\zopbsp_estpos_ksj68dj6\estpos_result.json
==========================================================================================

[Est_pos parent] Run finished: 20260519_142318_047113
[Est_pos parent] Return code: 0
[Est_pos parent] JSON exists: True

[Est_pos parent] RUN OK: 20260519_142318_047113
[Est_pos parent] Result length: 19
----------------------------------------------------------------------------------------------------

----------------------------------------------------------------------------------------------------
[Est_pos parent] Starting run: 20260519_142323_267156
[Est_pos parent] Time: 2026-05-19 14:23:23.269160
[Est_pos parent] Command:
  C:\ProgramData\Anaconda3\envs\Console\python.exe -u -m Est_pos.estimate_pos_runner --out C:\Users\Dell\AppData\Local\Temp\zopbsp_estpos_xq1mdvtu\estpos_result.json --session-log logs\estpos_subprocess\estpos_session_20260519_142152.log --run-id 20260519_142323_267156 C:\Pi_loc\lauv\RPI1\gps\GPS_RPI1_20260514_080300_Hydro_6673.txt C:\Pi_loc\lauv\RPI2\gps\GPS_RPI2_20260514_080300_Hydro_2624.txt C:\Pi_loc\lauv\RPI3\gps\GPS_RPI3_20260514_080300_Hydro_6675.txt C:\Pi_loc\lauv\RPI1\streaming\RBW6673_20260514_080300.wav C:\Pi_loc\lauv\RPI2\streaming\SAW2624_20260514_080300.wav C:\Pi_loc\lauv\RPI3\streaming\RBW6675_20260514_080300.wav
[Est_pos parent] Working directory:
  C:\Code\ZOPBSP_Console
----------------------------------------------------------------------------------------------------

==========================================================================================
[Est_pos child] RUN START: 20260519_142323_267156
[Est_pos child] Time: 2026-05-19 14:23:23.395665
[Est_pos child] Input files:
  gps1: C:\Pi_loc\lauv\RPI1\gps\GPS_RPI1_20260514_080300_Hydro_6673.txt
  gps2: C:\Pi_loc\lauv\RPI2\gps\GPS_RPI2_20260514_080300_Hydro_2624.txt
  gps3: C:\Pi_loc\lauv\RPI3\gps\GPS_RPI3_20260514_080300_Hydro_6675.txt
  wav1: C:\Pi_loc\lauv\RPI1\streaming\RBW6673_20260514_080300.wav
  wav2: C:\Pi_loc\lauv\RPI2\streaming\SAW2624_20260514_080300.wav
  wav3: C:\Pi_loc\lauv\RPI3\streaming\RBW6675_20260514_080300.wav
------------------------------------------------------------------------------------------
GPS1: [[60300, 53.83578119666666, 17.64690264333333], [60301, 53.835781685, 17.646902493333336], [60302, 53.835782388333335, 17.646902196666666], [60303, 53.83578304166667, 17.64690178833333], [60304, 53.83578379166667, 17.646901403333334], [60305, 53.835784638333344, 17.646901118333336], [60306, 53.835785415, 17.646900863333332], [60307, 53.83578627833334, 17.64690059666667], [60308, 53.83578738333334, 17.646899926666666], [60309, 53.835788333333326, 17.646899766666667], [60310, 53.83578959166666, 17.64689921333333], [60311, 53.835792790000006, 17.646902883333333], [60312, 53.835798545, 17.64691197333333], [60313, 53.83580530833333, 17.646923995], [60314, 53.83581160000001, 17.646938504999998], [60315, 53.83581718166667, 17.64695439333333], [60316, 53.835823035000004, 17.64697024333333], [60317, 53.83582787499999, 17.646983813333335], [60318, 53.83583212, 17.646996875], [60319, 53.83583518499999, 17.647011651666666]]
GPS2: [[60300, 53.83604248666667, 17.64813676], [60301, 53.836044013333336, 17.648138483333334], [60302, 53.83604625833333, 17.648140123333334], [60303, 53.83604866333334, 17.648141728333332], [60304, 53.83605117333333, 17.64814311], [60305, 53.83605307333334, 17.648143318333332], [60306, 53.83605493333333, 17.648142491666665], [60307, 53.83605624166667, 17.648141303333333], [60308, 53.83605720666666, 17.648140135000002], [60309, 53.83605894000001, 17.648140335], [60310, 53.83606065000001, 17.648140763333334], [60311, 53.83606217666667, 17.648141405], [60312, 53.83606295, 17.648141086666666], [60313, 53.836063835000004, 17.648139823333334], [60314, 53.83606473500001, 17.64813957333333], [60315, 53.836065311666665, 17.648138631666665], [60316, 53.836065755, 17.648137578333333], [60317, 53.83606607333333, 17.648136833333336], [60318, 53.836066108333334, 17.648135726666666], [60319, 53.836068035000004, 17.648138403333334]]
GPS3: [[60300, 53.836387431666665, 17.647229481666667], [60301, 53.83638826666667, 17.647228858333335], [60302, 53.836389059999995, 17.647228386666665], [60303, 53.836389776666664, 17.647227433333335], [60304, 53.836390936666675, 17.64722692666667], [60305, 53.83639194166667, 17.647226269999997], [60306, 53.83639302833333, 17.64722555166667], [60307, 53.836394166666665, 17.647224658333336], [60308, 53.836395155000005, 17.647223925], [60309, 53.83639633166668, 17.647223054999998], [60310, 53.83639737833334, 17.647222371666665], [60311, 53.83639863, 17.647221941666665], [60312, 53.83639978166666, 17.647221501666667], [60313, 53.83640090166667, 17.64722097], [60314, 53.836402136666656, 17.64722030833333], [60315, 53.83640331333333, 17.647219731666667], [60316, 53.83640445333334, 17.647219011666667], [60317, 53.836405445000004, 17.64721829], [60318, 53.836406421666666, 17.647217365], [60319, 53.836407435, 17.647216291666666]]
ref_lat:  53.83578119666666
ref_lon:  17.64690264333333
aeqd: +proj=aeqd +lat_0=53.83578119666666 +lon_0=17.64690264333333 +datum=WGS84 +units=m +no_defs +type=crs
fwd: proj=pipeline step proj=unitconvert xy_in=deg xy_out=rad step proj=aeqd lat_0=53.8357811966667 lon_0=17.6469026433333 x_0=0 y_0=0 ellps=WGS84
inv: proj=pipeline step inv proj=aeqd lat_0=53.8357811966667 lon_0=17.6469026433333 x_0=0 y_0=0 ellps=WGS84 step proj=unitconvert xy_in=rad xy_out=deg
pos_est: (53.83622678784135, 17.647707499710766)
est_track: [[60300, 53.835755665251604, 17.647506607891913], [60301, 53.83576363443784, 17.647558335137287], [60302, 53.835841761051334, 17.647714693922296], [60303, 53.835890292521896, 17.647591876609898], [60304, 53.835858274074226, 17.647659258324712], [60305, 53.83581665951013, 17.647580871587802], [60306, 53.83569479641901, 17.647618500774257], [60307, 53.83565711427937, 17.647570750634696], [60308, 53.83577708739597, 17.64769621321386], [60309, 53.83531779215508, 17.64755274168244], [60310, 53.83586953212173, 17.647388430404778], [60311, 53.835698600460425, 17.64777845395786], [60312, 53.836774456705385, 17.648418056480597], [60313, 53.835848919553236, 17.64758190893669], [60314, 53.83585995681235, 17.647687164309673], [60315, 53.835835303451745, 17.64768033063313], [60316, 53.835591362390915, 17.647477194996092], [60317, 53.835795267822775, 17.647405979133847], [60318, 53.835838350804096, 17.647551957301822], [60319, 53.83622678784135, 17.647707499710766]]
------------------------------------------------------------------------------------------
[Est_pos child] RUN OK: 20260519_142323_267156
[Est_pos child] Result length: 20
[Est_pos child] Output JSON: C:\Users\Dell\AppData\Local\Temp\zopbsp_estpos_xq1mdvtu\estpos_result.json
==========================================================================================

[Est_pos parent] Run finished: 20260519_142323_267156
[Est_pos parent] Return code: 0
[Est_pos parent] JSON exists: True

[Est_pos parent] RUN OK: 20260519_142323_267156
[Est_pos parent] Result length: 20
----------------------------------------------------------------------------------------------------

----------------------------------------------------------------------------------------------------
[Est_pos parent] Starting run: 20260519_142330_263271
[Est_pos parent] Time: 2026-05-19 14:23:30.265273
[Est_pos parent] Command:
  C:\ProgramData\Anaconda3\envs\Console\python.exe -u -m Est_pos.estimate_pos_runner --out C:\Users\Dell\AppData\Local\Temp\zopbsp_estpos_lzo7r6rq\estpos_result.json --session-log logs\estpos_subprocess\estpos_session_20260519_142152.log --run-id 20260519_142330_263271 C:\Pi_loc\lauv\RPI1\gps\GPS_RPI1_20260514_080330_Hydro_6673.txt C:\Pi_loc\lauv\RPI2\gps\GPS_RPI2_20260514_080330_Hydro_2624.txt C:\Pi_loc\lauv\RPI3\gps\GPS_RPI3_20260514_080330_Hydro_6675.txt C:\Pi_loc\lauv\RPI1\streaming\RBW6673_20260514_080330.wav C:\Pi_loc\lauv\RPI2\streaming\SAW2624_20260514_080330.wav C:\Pi_loc\lauv\RPI3\streaming\RBW6675_20260514_080330.wav
[Est_pos parent] Working directory:
  C:\Code\ZOPBSP_Console
----------------------------------------------------------------------------------------------------

==========================================================================================
[Est_pos child] RUN START: 20260519_142330_263271
[Est_pos child] Time: 2026-05-19 14:23:30.615801
[Est_pos child] Input files:
  gps1: C:\Pi_loc\lauv\RPI1\gps\GPS_RPI1_20260514_080330_Hydro_6673.txt
  gps2: C:\Pi_loc\lauv\RPI2\gps\GPS_RPI2_20260514_080330_Hydro_2624.txt
  gps3: C:\Pi_loc\lauv\RPI3\gps\GPS_RPI3_20260514_080330_Hydro_6675.txt
  wav1: C:\Pi_loc\lauv\RPI1\streaming\RBW6673_20260514_080330.wav
  wav2: C:\Pi_loc\lauv\RPI2\streaming\SAW2624_20260514_080330.wav
  wav3: C:\Pi_loc\lauv\RPI3\streaming\RBW6675_20260514_080330.wav
------------------------------------------------------------------------------------------
GPS1: [[60330, 53.83575304666667, 17.647108488333334], [60331, 53.835740351666665, 17.647111385000002], [60332, 53.835727735, 17.647115401666667], [60333, 53.83571550666667, 17.647120578333332], [60334, 53.835704141666675, 17.64713028], [60335, 53.83569296, 17.647140955], [60336, 53.83568205833333, 17.647152316666666], [60337, 53.83567170333334, 17.647164233333335], [60338, 53.835662535, 17.64717618166667], [60339, 53.83565550666667, 17.647186216666668], [60340, 53.835649815000004, 17.647195810000003], [60341, 53.83564242333333, 17.647203103333332], [60342, 53.835634690000006, 17.647204093333336], [60343, 53.83562382499999, 17.647205355], [60344, 53.83561232, 17.647208738333333], [60345, 53.83560041333333, 17.647212434999997], [60346, 53.835587165, 17.647213716666666], [60347, 53.83557353333334, 17.64721729833333], [60348, 53.83556452999999, 17.647220483333335], [60349, 53.83555804833333, 17.647223075]]
GPS2: [[60330, 53.83606420166667, 17.648123918333333], [60331, 53.836066913333326, 17.648125908333334], [60332, 53.83606720166667, 17.64812577], [60333, 53.836068129999994, 17.6481258], [60334, 53.83606977166667, 17.648125396666668], [60335, 53.83607233166667, 17.648124506666665], [60336, 53.83607331500001, 17.648123443333336], [60337, 53.83607283166666, 17.64812369], [60338, 53.836073903333336, 17.648122736666668], [60339, 53.83607510833334, 17.648121819999997], [60340, 53.83607689666666, 17.648121673333332], [60341, 53.83608052666667, 17.64812019], [60342, 53.83608663500001, 17.648114851666666], [60343, 53.83608833, 17.648109816666665], [60344, 53.83608911166666, 17.648107238333335], [60345, 53.836086896666664, 17.648107356666667], [60346, 53.83608608666667, 17.648113105], [60347, 53.83608689999999, 17.648114468333333], [60348, 53.83608840833334, 17.64811610166667], [60349, 53.83608942166667, 17.64811679]]
GPS3: [[60330, 53.83642032833333, 17.647203088333335], [60331, 53.83642135, 17.647202588333336], [60332, 53.83642245166667, 17.64720207], [60333, 53.83642323166667, 17.647201368333334], [60334, 53.83642412999999, 17.647200951666665], [60335, 53.83642506333334, 17.6472005], [60336, 53.83642606, 17.647200096666666], [60337, 53.83642709000001, 17.647199715], [60338, 53.83642811333334, 17.647199716666666], [60339, 53.83642917666666, 17.64719939], [60340, 53.83643026166666, 17.647198901666666], [60341, 53.83643114833333, 17.64719861], [60342, 53.836432110000004, 17.647198115], [60343, 53.836432871666666, 17.647197754999997], [60344, 53.83643378833334, 17.647197351666666], [60345, 53.836434346666664, 17.64719676], [60346, 53.83643548166666, 17.647196538333333], [60347, 53.83643649333333, 17.64719618166667], [60348, 53.83643708333334, 17.64719579333333], [60349, 53.836438091666665, 17.647194963333334]]
ref_lat:  53.83575304666667
ref_lon:  17.647108488333334
aeqd: +proj=aeqd +lat_0=53.83575304666667 +lon_0=17.647108488333334 +datum=WGS84 +units=m +no_defs +type=crs
fwd: proj=pipeline step proj=unitconvert xy_in=deg xy_out=rad step proj=aeqd lat_0=53.8357530466667 lon_0=17.6471084883333 x_0=0 y_0=0 ellps=WGS84
inv: proj=pipeline step inv proj=aeqd lat_0=53.8357530466667 lon_0=17.6471084883333 x_0=0 y_0=0 ellps=WGS84 step proj=unitconvert xy_in=rad xy_out=deg
pos_est: (53.83608412147548, 17.647450389938218)
est_track: [[60330, 53.83571197580121, 17.64737698073627], [60331, 53.83590435356895, 17.647254299864837], [60332, 53.835608860556455, 17.64725812820058], [60333, 53.8360092290224, 17.647369195938374], [60334, 53.83596555703332, 17.64743137704648], [60335, 53.83603830365869, 17.64735617674926], [60336, 53.8356312083185, 17.647413971068836], [60337, 53.83567865496256, 17.64757567140773], [60338, 53.83460747652245, 17.647691885081702], [60341, 53.835391896759944, 17.647348923630336], [60342, 53.835825881952886, 17.64712436574644], [60343, 53.83578558707531, 17.647197595269493], [60344, 53.835822310408666, 17.6474064593701], [60345, 53.835969345024765, 17.64748016981393], [60346, 53.83614038836973, 17.64740370889863], [60347, 53.83616044870598, 17.647426801840403], [60348, 53.83599337967733, 17.647320346007188], [60349, 53.83608412147548, 17.647450389938218]]
------------------------------------------------------------------------------------------
[Est_pos child] RUN OK: 20260519_142330_263271
[Est_pos child] Result length: 18
[Est_pos child] Output JSON: C:\Users\Dell\AppData\Local\Temp\zopbsp_estpos_lzo7r6rq\estpos_result.json
==========================================================================================

[Est_pos parent] Run finished: 20260519_142330_263271
[Est_pos parent] Return code: 0
[Est_pos parent] JSON exists: True

[Est_pos parent] RUN OK: 20260519_142330_263271
[Est_pos parent] Result length: 18
----------------------------------------------------------------------------------------------------

----------------------------------------------------------------------------------------------------
[Est_pos parent] Starting run: 20260519_142337_394285
[Est_pos parent] Time: 2026-05-19 14:23:37.396266
[Est_pos parent] Command:
  C:\ProgramData\Anaconda3\envs\Console\python.exe -u -m Est_pos.estimate_pos_runner --out C:\Users\Dell\AppData\Local\Temp\zopbsp_estpos_9w8434ch\estpos_result.json --session-log logs\estpos_subprocess\estpos_session_20260519_142152.log --run-id 20260519_142337_394285 C:\Pi_loc\lauv\RPI1\gps\GPS_RPI1_20260514_080400_Hydro_6673.txt C:\Pi_loc\lauv\RPI2\gps\GPS_RPI2_20260514_080400_Hydro_2624.txt C:\Pi_loc\lauv\RPI3\gps\GPS_RPI3_20260514_080400_Hydro_6675.txt C:\Pi_loc\lauv\RPI1\streaming\RBW6673_20260514_080400.wav C:\Pi_loc\lauv\RPI2\streaming\SAW2624_20260514_080400.wav C:\Pi_loc\lauv\RPI3\streaming\RBW6675_20260514_080400.wav
[Est_pos parent] Working directory:
  C:\Code\ZOPBSP_Console
----------------------------------------------------------------------------------------------------

==========================================================================================
[Est_pos child] RUN START: 20260519_142337_394285
[Est_pos child] Time: 2026-05-19 14:23:37.580785
[Est_pos child] Input files:
  gps1: C:\Pi_loc\lauv\RPI1\gps\GPS_RPI1_20260514_080400_Hydro_6673.txt
  gps2: C:\Pi_loc\lauv\RPI2\gps\GPS_RPI2_20260514_080400_Hydro_2624.txt
  gps3: C:\Pi_loc\lauv\RPI3\gps\GPS_RPI3_20260514_080400_Hydro_6675.txt
  wav1: C:\Pi_loc\lauv\RPI1\streaming\RBW6673_20260514_080400.wav
  wav2: C:\Pi_loc\lauv\RPI2\streaming\SAW2624_20260514_080400.wav
  wav3: C:\Pi_loc\lauv\RPI3\streaming\RBW6675_20260514_080400.wav
------------------------------------------------------------------------------------------
GPS1: [[60400, 53.835542386666674, 17.647231836666666], [60401, 53.835542605, 17.647231671666667], [60402, 53.835542816666674, 17.647231551666668], [60403, 53.83554315, 17.647231393333335], [60404, 53.835543663333326, 17.647230993333334], [60405, 53.83554433999999, 17.647230825], [60406, 53.83554501833334, 17.64723061333333], [60407, 53.83554563999999, 17.647230433333334], [60408, 53.83554651166667, 17.647230108333336], [60409, 53.835547313333336, 17.647229786666667], [60410, 53.83554799, 17.647229345000003], [60411, 53.83554878333333, 17.647229018333334], [60412, 53.835549615000005, 17.64722859], [60413, 53.83555033833333, 17.647228156666664], [60414, 53.835551126666665, 17.647227559999997], [60415, 53.83555189333333, 17.647227165], [60416, 53.835552711666665, 17.647226598333337], [60417, 53.835553485000005, 17.647225945], [60418, 53.835554245000004, 17.647225436666666], [60419, 53.835554970000004, 17.647224861666665]]
GPS2: [[60400, 53.836093895000005, 17.648106241666667], [60401, 53.83609459833333, 17.648105323333333], [60402, 53.83609584333333, 17.648102718333334], [60403, 53.836096455, 17.648101296666667], [60404, 53.83609658499999, 17.648100788333334], [60405, 53.836096761666674, 17.64810048], [60406, 53.83609779666667, 17.648100316666667], [60407, 53.83609896166666, 17.648100203333335], [60408, 53.83610016666667, 17.648099258333332], [60409, 53.836101506666665, 17.648098328333333], [60410, 53.836103259999994, 17.64809746166667], [60411, 53.83610433833334, 17.64809646166667], [60412, 53.83610499500001, 17.648096176666666], [60413, 53.83610572999999, 17.648096736666666], [60414, 53.836106705000006, 17.648096786666667], [60415, 53.8361076, 17.648097388333333], [60416, 53.83610844166666, 17.648097548333332], [60417, 53.83610981666667, 17.648098034999997], [60418, 53.83610501666667, 17.648091341666667], [60419, 53.83610937666667, 17.648096393333333]]
GPS3: [[60400, 53.836448196666666, 17.647177820000003], [60401, 53.836449413333334, 17.647176148333333], [60402, 53.83645019166667, 17.647174436666667], [60403, 53.83645128666667, 17.647173178333333], [60404, 53.83645175, 17.64717178833333], [60405, 53.836453174999995, 17.647170621666664], [60406, 53.83645377166666, 17.64716918], [60407, 53.83645501833333, 17.647167975], [60408, 53.83645605333333, 17.647166865], [60409, 53.83645739333333, 17.647165606666665], [60410, 53.836458505, 17.647164093333334], [60411, 53.83645974666667, 17.64716236], [60412, 53.836460965, 17.647160288333335], [60413, 53.836462261666675, 17.647158225], [60414, 53.836463513333335, 17.64715624666667], [60415, 53.83646486999999, 17.647154245000003], [60416, 53.836466046666665, 17.647152358333337], [60417, 53.83646711666667, 17.647150404999998], [60418, 53.83646840333334, 17.647148535], [60419, 53.83646949333333, 17.647146865]]
ref_lat:  53.835542386666674
ref_lon:  17.647231836666666
aeqd: +proj=aeqd +lat_0=53.835542386666674 +lon_0=17.647231836666666 +datum=WGS84 +units=m +no_defs +type=crs
fwd: proj=pipeline step proj=unitconvert xy_in=deg xy_out=rad step proj=aeqd lat_0=53.8355423866667 lon_0=17.6472318366667 x_0=0 y_0=0 ellps=WGS84
inv: proj=pipeline step inv proj=aeqd lat_0=53.8355423866667 lon_0=17.6472318366667 x_0=0 y_0=0 ellps=WGS84 step proj=unitconvert xy_in=rad xy_out=deg
pos_est: (53.83582186534553, 17.647202695184628)
est_track: [[60400, 53.835892462125535, 17.647258301495988], [60401, 53.83589033514977, 17.64760911868754], [60402, 53.83599701829003, 17.64756018500181], [60403, 53.835862855498185, 17.647677799033325], [60404, 53.83640623854896, 17.647681996727126], [60406, 53.8362538961158, 17.647347740638924], [60407, 53.8361949393315, 17.64709655932992], [60408, 53.83629313862734, 17.647504758415273], [60409, 53.83737820807686, 17.648126145064765], [60410, 53.83619793208923, 17.647515102380464], [60411, 53.83612636045591, 17.647408723444936], [60412, 53.83610431144794, 17.647401348146996], [60413, 53.836080014236025, 17.647136353784617], [60414, 53.83606402597265, 17.647412046279037], [60415, 53.8361488008375, 17.647291159001817], [60416, 53.836126164949896, 17.647435184006007], [60417, 53.83606088412981, 17.64744614375269], [60418, 53.83611089509205, 17.647347376433498], [60419, 53.83582186534553, 17.647202695184628]]
------------------------------------------------------------------------------------------
[Est_pos child] RUN OK: 20260519_142337_394285
[Est_pos child] Result length: 19
[Est_pos child] Output JSON: C:\Users\Dell\AppData\Local\Temp\zopbsp_estpos_9w8434ch\estpos_result.json
==========================================================================================

[Est_pos parent] Run finished: 20260519_142337_394285
[Est_pos parent] Return code: 0
[Est_pos parent] JSON exists: True

[Est_pos parent] RUN OK: 20260519_142337_394285
[Est_pos parent] Result length: 19
----------------------------------------------------------------------------------------------------

----------------------------------------------------------------------------------------------------
[Est_pos parent] Starting run: 20260519_142342_969659
[Est_pos parent] Time: 2026-05-19 14:23:42.970656
[Est_pos parent] Command:
  C:\ProgramData\Anaconda3\envs\Console\python.exe -u -m Est_pos.estimate_pos_runner --out C:\Users\Dell\AppData\Local\Temp\zopbsp_estpos_yqlc3hik\estpos_result.json --session-log logs\estpos_subprocess\estpos_session_20260519_142152.log --run-id 20260519_142342_969659 C:\Pi_loc\lauv\RPI1\gps\GPS_RPI1_20260514_080430_Hydro_6673.txt C:\Pi_loc\lauv\RPI2\gps\GPS_RPI2_20260514_080430_Hydro_2624.txt C:\Pi_loc\lauv\RPI3\gps\GPS_RPI3_20260514_080430_Hydro_6675.txt C:\Pi_loc\lauv\RPI1\streaming\RBW6673_20260514_080430.wav C:\Pi_loc\lauv\RPI2\streaming\SAW2624_20260514_080430.wav C:\Pi_loc\lauv\RPI3\streaming\RBW6675_20260514_080430.wav
[Est_pos parent] Working directory:
  C:\Code\ZOPBSP_Console
----------------------------------------------------------------------------------------------------

==========================================================================================
[Est_pos child] RUN START: 20260519_142342_969659
[Est_pos child] Time: 2026-05-19 14:23:43.100656
[Est_pos child] Input files:
  gps1: C:\Pi_loc\lauv\RPI1\gps\GPS_RPI1_20260514_080430_Hydro_6673.txt
  gps2: C:\Pi_loc\lauv\RPI2\gps\GPS_RPI2_20260514_080430_Hydro_2624.txt
  gps3: C:\Pi_loc\lauv\RPI3\gps\GPS_RPI3_20260514_080430_Hydro_6675.txt
  wav1: C:\Pi_loc\lauv\RPI1\streaming\RBW6673_20260514_080430.wav
  wav2: C:\Pi_loc\lauv\RPI2\streaming\SAW2624_20260514_080430.wav
  wav3: C:\Pi_loc\lauv\RPI3\streaming\RBW6675_20260514_080430.wav
------------------------------------------------------------------------------------------
GPS1: [[60430, 53.83556148666666, 17.647218133333336], [60431, 53.835562033333325, 17.64721761666667], [60432, 53.83556246, 17.647217051666665], [60433, 53.83556294333333, 17.647216566666668], [60434, 53.83556335, 17.647216065000002], [60435, 53.83556392333333, 17.647215633333335], [60436, 53.835564225000006, 17.647215103333334], [60437, 53.83556478166667, 17.64721477], [60438, 53.83556512, 17.64721442833333], [60439, 53.835565601666666, 17.647214175], [60440, 53.83556608666666, 17.64721382], [60441, 53.83556652000001, 17.647213581666666], [60442, 53.83556711166666, 17.647213304999998], [60443, 53.835567479999995, 17.647213366666666], [60444, 53.83556802500001, 17.647213258333334], [60445, 53.83556850666667, 17.64721309666667], [60446, 53.83556895499999, 17.647213108333336], [60447, 53.835569701666664, 17.647212983333336], [60448, 53.83557012666667, 17.647213068333333], [60449, 53.83557071833334, 17.647213093333335]]
GPS2: [[60430, 53.83612308, 17.64809178166667], [60431, 53.83612355333333, 17.648090009999997], [60432, 53.83612313166667, 17.648087878333335], [60433, 53.836122108333335, 17.648084564999998], [60434, 53.83612153166667, 17.648082158333334], [60435, 53.83612127166666, 17.648080473333334], [60436, 53.836121605, 17.648078196666667], [60437, 53.83612269, 17.648076931666665], [60438, 53.83612427, 17.648077288333333], [60439, 53.836126818333334, 17.648078515], [60440, 53.83612898166666, 17.648078228333336], [60441, 53.836131118333334, 17.648077898333334], [60442, 53.836133153333336, 17.64807784], [60443, 53.836134358333325, 17.64807714], [60444, 53.83613536833333, 17.648076355], [60445, 53.83613630666667, 17.648075876666667], [60446, 53.836136955, 17.64807498], [60447, 53.83613760666667, 17.648073803333332], [60448, 53.83613795333334, 17.648073056666664], [60449, 53.836138356666666, 17.648073135]]
GPS3: [[60430, 53.83648162333334, 17.647128764999998], [60431, 53.83648254333334, 17.647125998333333], [60432, 53.83648336666667, 17.647124393333335], [60433, 53.836484568333326, 17.647124355000003], [60434, 53.83648565833334, 17.647124048333335], [60435, 53.836486719999996, 17.64712324666667], [60436, 53.83648778666667, 17.647123448333332], [60437, 53.836488875, 17.647123033333333], [60438, 53.836489981666666, 17.647123286666666], [60439, 53.836490993333335, 17.64712365833333], [60440, 53.836491891666675, 17.647123280000002], [60441, 53.83649313166667, 17.647123475], [60442, 53.83649378666667, 17.64712326], [60443, 53.83649512, 17.647122229999997], [60444, 53.836495293333336, 17.64712213], [60445, 53.83649603333333, 17.64712164], [60446, 53.83649670166666, 17.647121368333334], [60447, 53.83649728333333, 17.64712088166667], [60448, 53.836500654999995, 17.647121335], [60449, 53.83650176, 17.647121831666666]]
ref_lat:  53.83556148666666
ref_lon:  17.647218133333336
aeqd: +proj=aeqd +lat_0=53.83556148666666 +lon_0=17.647218133333336 +datum=WGS84 +units=m +no_defs +type=crs
fwd: proj=pipeline step proj=unitconvert xy_in=deg xy_out=rad step proj=aeqd lat_0=53.8355614866667 lon_0=17.6472181333333 x_0=0 y_0=0 ellps=WGS84
inv: proj=pipeline step inv proj=aeqd lat_0=53.8355614866667 lon_0=17.6472181333333 x_0=0 y_0=0 ellps=WGS84 step proj=unitconvert xy_in=rad xy_out=deg
pos_est: (53.83655034991608, 17.64732809461779)
C:\ProgramData\Anaconda3\envs\Console\Lib\site-packages\geopy\point.py:472: UserWarning: Latitude normalization has been prohibited in the newer versions of geopy, because the normalized value happened to be on a different pole, which is probably not what was meant. If you pass coordinates as positional args, please make sure that the order is (latitude, longitude) or (y, x) in Cartesian terms.
  return cls(*args)
est_track: [[60430, 53.83601701051231, 17.647341697323224], [60431, 53.83634853943542, 17.64727922703591], [60432, 53.836087052939185, 17.64719758754942], [60433, 53.836292095971636, 17.64708310235044], [60434, 53.83630613217179, 17.64716542959013], [60437, 53.83610401846718, 17.646665378472342], [60438, 53.836210935490826, 17.64733120580563], [60439, 53.83606636001029, 17.647344436090787], [60440, 53.83612451420084, 17.64750584927642], [60441, 53.83614844376353, 17.647362624302637], [60443, 53.83608683615821, 17.647217409539902], [60444, 53.83640524439556, 17.6472700373762], [60445, 53.836241494633555, 17.647178980078948], [60446, 53.8363135643773, 17.647149146393534], [60447, 53.83642026297029, 17.64731246240112], [60448, 53.83644804114833, 17.647205858738335], [60449, 53.83655034991608, 17.64732809461779]]
------------------------------------------------------------------------------------------
[Est_pos child] RUN OK: 20260519_142342_969659
[Est_pos child] Result length: 17
[Est_pos child] Output JSON: C:\Users\Dell\AppData\Local\Temp\zopbsp_estpos_yqlc3hik\estpos_result.json
==========================================================================================

[Est_pos parent] Run finished: 20260519_142342_969659
[Est_pos parent] Return code: 0
[Est_pos parent] JSON exists: True

[Est_pos parent] RUN OK: 20260519_142342_969659
[Est_pos parent] Result length: 17
----------------------------------------------------------------------------------------------------

----------------------------------------------------------------------------------------------------
[Est_pos parent] Starting run: 20260519_142347_991155
[Est_pos parent] Time: 2026-05-19 14:23:47.993156
[Est_pos parent] Command:
  C:\ProgramData\Anaconda3\envs\Console\python.exe -u -m Est_pos.estimate_pos_runner --out C:\Users\Dell\AppData\Local\Temp\zopbsp_estpos_g_y2ipjv\estpos_result.json --session-log logs\estpos_subprocess\estpos_session_20260519_142152.log --run-id 20260519_142347_991155 C:\Pi_loc\lauv\RPI1\gps\GPS_RPI1_20260514_080500_Hydro_6673.txt C:\Pi_loc\lauv\RPI2\gps\GPS_RPI2_20260514_080500_Hydro_2624.txt C:\Pi_loc\lauv\RPI3\gps\GPS_RPI3_20260514_080500_Hydro_6675.txt C:\Pi_loc\lauv\RPI1\streaming\RBW6673_20260514_080500.wav C:\Pi_loc\lauv\RPI2\streaming\SAW2624_20260514_080500.wav C:\Pi_loc\lauv\RPI3\streaming\RBW6675_20260514_080500.wav
[Est_pos parent] Working directory:
  C:\Code\ZOPBSP_Console
----------------------------------------------------------------------------------------------------

==========================================================================================
[Est_pos child] RUN START: 20260519_142347_991155
[Est_pos child] Time: 2026-05-19 14:23:48.118158
[Est_pos child] Input files:
  gps1: C:\Pi_loc\lauv\RPI1\gps\GPS_RPI1_20260514_080500_Hydro_6673.txt
  gps2: C:\Pi_loc\lauv\RPI2\gps\GPS_RPI2_20260514_080500_Hydro_2624.txt
  gps3: C:\Pi_loc\lauv\RPI3\gps\GPS_RPI3_20260514_080500_Hydro_6675.txt
  wav1: C:\Pi_loc\lauv\RPI1\streaming\RBW6673_20260514_080500.wav
  wav2: C:\Pi_loc\lauv\RPI2\streaming\SAW2624_20260514_080500.wav
  wav3: C:\Pi_loc\lauv\RPI3\streaming\RBW6675_20260514_080500.wav
------------------------------------------------------------------------------------------
GPS1: [[60500, 53.83557832666667, 17.647213391666664], [60501, 53.83557913166666, 17.64721343], [60502, 53.83557984000001, 17.647213588333333], [60503, 53.83558086, 17.64721345], [60504, 53.83558153666666, 17.64721387666667], [60505, 53.83558252166666, 17.647213726666667], [60506, 53.83558325666666, 17.647214010000003], [60507, 53.83558415166667, 17.647214063333333], [60508, 53.83558504833333, 17.647214061666666], [60509, 53.835585873333336, 17.647214113333334], [60510, 53.835586855, 17.647214169999998], [60511, 53.835587588333325, 17.647214396666666], [60512, 53.83558849666667, 17.6472144], [60513, 53.835589445000004, 17.647214618333333], [60514, 53.83559028, 17.647214566666666], [60515, 53.83559119666667, 17.647214505], [60516, 53.835592051666666, 17.64721458], [60517, 53.835592901666665, 17.647214588333334], [60518, 53.83559356666667, 17.64721472333333], [60519, 53.835594535000006, 17.647214613333333]]
GPS2: [[60500, 53.83614229166666, 17.648079101666667], [60501, 53.836143549999996, 17.648082568333333], [60502, 53.83614532166666, 17.64808340833333], [60503, 53.83614744500001, 17.648084031666667], [60504, 53.8361555, 17.648090101666664], [60505, 53.83615498333334, 17.648090935000003], [60506, 53.836155495, 17.648091126666667], [60507, 53.836155835, 17.648091251666663], [60508, 53.83615648, 17.648091188333336], [60509, 53.83615708333333, 17.648091065000003], [60510, 53.83615757999999, 17.64809067], [60511, 53.83615837000001, 17.648090415000002], [60512, 53.836158955, 17.648090146666668], [60513, 53.836159715, 17.64808971333333], [60514, 53.836160420000006, 17.64808921166667], [60515, 53.83616110166666, 17.648088848333334], [60516, 53.83616161, 17.648088318333336], [60517, 53.83616230999999, 17.648087873333335], [60518, 53.83616258333333, 17.648084231666665], [60519, 53.836162388333335, 17.648082273333333]]
GPS3: [[60500, 53.83650967166667, 17.647118560000003], [60501, 53.83650958166666, 17.647118745], [60502, 53.836510888333336, 17.647119096666664], [60503, 53.836511646666665, 17.647119293333333], [60504, 53.836511851666664, 17.647119598333333], [60505, 53.836512745, 17.647119816666667], [60506, 53.836514279999996, 17.647119363333335], [60507, 53.836515326666664, 17.64711919], [60508, 53.83651554333334, 17.64711882], [60509, 53.83651558, 17.647118673333335], [60510, 53.836517523333335, 17.647117626666667], [60511, 53.836518975000004, 17.64711678666667], [60512, 53.83651994833334, 17.647116533333335], [60513, 53.836521483333335, 17.647116620000002], [60514, 53.83651995666667, 17.64711918833333], [60515, 53.83652115666667, 17.647118773333332], [60516, 53.83652206333333, 17.647117498333333], [60517, 53.83652274333334, 17.647117644999998], [60518, 53.836523523333334, 17.647117246666667], [60519, 53.83652354000001, 17.647117518333335]]
ref_lat:  53.83557832666667
ref_lon:  17.647213391666664
aeqd: +proj=aeqd +lat_0=53.83557832666667 +lon_0=17.647213391666664 +datum=WGS84 +units=m +no_defs +type=crs
fwd: proj=pipeline step proj=unitconvert xy_in=deg xy_out=rad step proj=aeqd lat_0=53.8355783266667 lon_0=17.6472133916667 x_0=0 y_0=0 ellps=WGS84
inv: proj=pipeline step inv proj=aeqd lat_0=53.8355783266667 lon_0=17.6472133916667 x_0=0 y_0=0 ellps=WGS84 step proj=unitconvert xy_in=rad xy_out=deg
pos_est: (53.835855918327795, 17.64747836884731)
C:\ProgramData\Anaconda3\envs\Console\Lib\site-packages\geopy\point.py:472: UserWarning: Latitude normalization has been prohibited in the newer versions of geopy, because the normalized value happened to be on a different pole, which is probably not what was meant. If you pass coordinates as positional args, please make sure that the order is (latitude, longitude) or (y, x) in Cartesian terms.
  return cls(*args)
est_track: [[60501, 53.83607039988826, 17.647308762961984], [60502, 53.83607760784484, 17.647283710942464], [60503, 53.836056806519316, 17.64729797685064], [60504, 53.836024939726165, 17.647315374956484], [60505, 53.83601222917631, 17.647271012693732], [60506, 53.8360268760226, 17.647238177359185], [60507, 53.83607554775343, 17.647243314226944], [60508, 53.83603152867575, 17.647288137014506], [60509, 53.83603992616724, 17.647288820684622], [60510, 53.836026918219744, 17.647291642763086], [60511, 53.836067020130116, 17.647297635998946], [60512, 53.83600284781009, 17.64735921049578], [60517, 53.83444256872224, 17.64814148176707], [60518, 53.83395990126204, 17.648613301970293], [60519, 53.835855918327795, 17.64747836884731]]
------------------------------------------------------------------------------------------
[Est_pos child] RUN OK: 20260519_142347_991155
[Est_pos child] Result length: 15
[Est_pos child] Output JSON: C:\Users\Dell\AppData\Local\Temp\zopbsp_estpos_g_y2ipjv\estpos_result.json
==========================================================================================

[Est_pos parent] Run finished: 20260519_142347_991155
[Est_pos parent] Return code: 0
[Est_pos parent] JSON exists: True

[Est_pos parent] RUN OK: 20260519_142347_991155
[Est_pos parent] Result length: 15
----------------------------------------------------------------------------------------------------

----------------------------------------------------------------------------------------------------
[Est_pos parent] Starting run: 20260519_142353_033163
[Est_pos parent] Time: 2026-05-19 14:23:53.034161
[Est_pos parent] Command:
  C:\ProgramData\Anaconda3\envs\Console\python.exe -u -m Est_pos.estimate_pos_runner --out C:\Users\Dell\AppData\Local\Temp\zopbsp_estpos_c2eie9ez\estpos_result.json --session-log logs\estpos_subprocess\estpos_session_20260519_142152.log --run-id 20260519_142353_033163 C:\Pi_loc\lauv\RPI1\gps\GPS_RPI1_20260514_080530_Hydro_6673.txt C:\Pi_loc\lauv\RPI2\gps\GPS_RPI2_20260514_080530_Hydro_2624.txt C:\Pi_loc\lauv\RPI3\gps\GPS_RPI3_20260514_080530_Hydro_6675.txt C:\Pi_loc\lauv\RPI1\streaming\RBW6673_20260514_080530.wav C:\Pi_loc\lauv\RPI2\streaming\SAW2624_20260514_080530.wav C:\Pi_loc\lauv\RPI3\streaming\RBW6675_20260514_080530.wav
[Est_pos parent] Working directory:
  C:\Code\ZOPBSP_Console
----------------------------------------------------------------------------------------------------

==========================================================================================
[Est_pos child] RUN START: 20260519_142353_033163
[Est_pos child] Time: 2026-05-19 14:23:53.198170
[Est_pos child] Input files:
  gps1: C:\Pi_loc\lauv\RPI1\gps\GPS_RPI1_20260514_080530_Hydro_6673.txt
  gps2: C:\Pi_loc\lauv\RPI2\gps\GPS_RPI2_20260514_080530_Hydro_2624.txt
  gps3: C:\Pi_loc\lauv\RPI3\gps\GPS_RPI3_20260514_080530_Hydro_6675.txt
  wav1: C:\Pi_loc\lauv\RPI1\streaming\RBW6673_20260514_080530.wav
  wav2: C:\Pi_loc\lauv\RPI2\streaming\SAW2624_20260514_080530.wav
  wav3: C:\Pi_loc\lauv\RPI3\streaming\RBW6675_20260514_080530.wav
------------------------------------------------------------------------------------------
GPS1: [[60530, 53.83560256333333, 17.647214996666666], [60531, 53.83560333833334, 17.647214913333336], [60532, 53.83560415333333, 17.647214678333334], [60533, 53.835604749999995, 17.647214433333332], [60534, 53.83560558333333, 17.64721409166667], [60535, 53.83560623166667, 17.647213748333336], [60536, 53.83560695166666, 17.647213360000002], [60537, 53.8356078, 17.647213153333333], [60538, 53.835608451666666, 17.64721294], [60539, 53.83560928166666, 17.647212631666665], [60540, 53.83561004166666, 17.64721248], [60541, 53.83561077833333, 17.647212233333335], [60542, 53.83561143833334, 17.647211966666667], [60543, 53.83561231, 17.647211698333333], [60544, 53.83561299833333, 17.647211504999998], [60545, 53.83561374333333, 17.647211251666665], [60546, 53.83561451333333, 17.647211138333333], [60547, 53.835615260000004, 17.647210933333334], [60548, 53.835615975, 17.647210626666666], [60549, 53.83561665833333, 17.647210426666668]]
GPS2: [[60530, 53.836162859999995, 17.648072496666668], [60531, 53.83616302666666, 17.648071996666665], [60532, 53.836162275, 17.648070829999998], [60533, 53.83616235666667, 17.64806971333333], [60534, 53.836163715000005, 17.64806765333333], [60535, 53.836164975, 17.64806526], [60536, 53.83616679499999, 17.648062036666666], [60537, 53.83616743833333, 17.648060151666666], [60538, 53.83616751666667, 17.648059273333335], [60539, 53.83616735333333, 17.64805858], [60540, 53.83616682, 17.648058241666668], [60541, 53.836166606666666, 17.648058088333336], [60542, 53.83616680833334, 17.648057446666666], [60543, 53.836167323333335, 17.648055876666668], [60544, 53.836168335, 17.648055251666666], [60545, 53.836168693333335, 17.64805512166667], [60546, 53.836168613333335, 17.648055935], [60547, 53.83616910666667, 17.64805661666667], [60548, 53.836170036666665, 17.64805735], [60549, 53.83617168333333, 17.648057431666665]]
GPS3: [[60530, 53.836541258333334, 17.647118478333333], [60531, 53.83654232166667, 17.647118153333334], [60532, 53.836544068333325, 17.64711894166667], [60533, 53.83653926833334, 17.64712013666667], [60534, 53.836535301666665, 17.647121570000003], [60535, 53.83653613833334, 17.64712073666667], [60536, 53.83653719666666, 17.64711980666667], [60537, 53.83653835166667, 17.64711814], [60538, 53.83653955166666, 17.647116983333333], [60539, 53.83654081333334, 17.647115765000002], [60540, 53.836542371666674, 17.647114775], [60541, 53.836544225000004, 17.647113783333335], [60542, 53.8365457, 17.64711293], [60543, 53.836546853333324, 17.647111578333334], [60544, 53.83654788166667, 17.647109978333333], [60545, 53.83654893, 17.64710888333333], [60546, 53.836549848333334, 17.647107554999998], [60547, 53.836550824999996, 17.647106576666665], [60548, 53.83655167, 17.647105733333333], [60549, 53.83655272666667, 17.647104573333333]]
ref_lat:  53.83560256333333
ref_lon:  17.647214996666666
aeqd: +proj=aeqd +lat_0=53.83560256333333 +lon_0=17.647214996666666 +datum=WGS84 +units=m +no_defs +type=crs
fwd: proj=pipeline step proj=unitconvert xy_in=deg xy_out=rad step proj=aeqd lat_0=53.8356025633333 lon_0=17.6472149966667 x_0=0 y_0=0 ellps=WGS84
inv: proj=pipeline step inv proj=aeqd lat_0=53.8356025633333 lon_0=17.6472149966667 x_0=0 y_0=0 ellps=WGS84 step proj=unitconvert xy_in=rad xy_out=deg
pos_est: (53.8361475138244, 17.64796035303879)
est_track: [[60531, 53.83646214921744, 17.647677198379206], [60532, 53.83548978075916, 17.64779552799216], [60533, 53.835912007750466, 17.647439526216925], [60534, 53.83612921893783, 17.64710111958151], [60535, 53.83614108104046, 17.647316156211527], [60536, 53.83609166512314, 17.64716210152978], [60537, 53.83591305084767, 17.647637770459074], [60538, 53.83610867653995, 17.647741204115253], [60539, 53.836093052093496, 17.647747118058902], [60540, 53.83609804313684, 17.647019991945868], [60541, 53.83595720001651, 17.647609502180366], [60542, 53.835780959496645, 17.647316242097368], [60543, 53.8357292829759, 17.64735181952814], [60544, 53.835931147490655, 17.64742589710515], [60545, 53.8359545738003, 17.64738655565037], [60546, 53.83607114896205, 17.647326646062318], [60547, 53.83645592131556, 17.647075035075453], [60548, 53.83640983169005, 17.64765813208389], [60549, 53.8361475138244, 17.64796035303879]]
------------------------------------------------------------------------------------------
[Est_pos child] RUN OK: 20260519_142353_033163
[Est_pos child] Result length: 19
[Est_pos child] Output JSON: C:\Users\Dell\AppData\Local\Temp\zopbsp_estpos_c2eie9ez\estpos_result.json
==========================================================================================

[Est_pos parent] Run finished: 20260519_142353_033163
[Est_pos parent] Return code: 0
[Est_pos parent] JSON exists: True

[Est_pos parent] RUN OK: 20260519_142353_033163
[Est_pos parent] Result length: 19
----------------------------------------------------------------------------------------------------

----------------------------------------------------------------------------------------------------
[Est_pos parent] Starting run: 20260519_142358_505717
[Est_pos parent] Time: 2026-05-19 14:23:58.507717
[Est_pos parent] Command:
  C:\ProgramData\Anaconda3\envs\Console\python.exe -u -m Est_pos.estimate_pos_runner --out C:\Users\Dell\AppData\Local\Temp\zopbsp_estpos_sud_i03g\estpos_result.json --session-log logs\estpos_subprocess\estpos_session_20260519_142152.log --run-id 20260519_142358_505717 C:\Pi_loc\lauv\RPI1\gps\GPS_RPI1_20260514_080600_Hydro_6673.txt C:\Pi_loc\lauv\RPI2\gps\GPS_RPI2_20260514_080600_Hydro_2624.txt C:\Pi_loc\lauv\RPI3\gps\GPS_RPI3_20260514_080600_Hydro_6675.txt C:\Pi_loc\lauv\RPI1\streaming\RBW6673_20260514_080600.wav C:\Pi_loc\lauv\RPI2\streaming\SAW2624_20260514_080600.wav C:\Pi_loc\lauv\RPI3\streaming\RBW6675_20260514_080600.wav
[Est_pos parent] Working directory:
  C:\Code\ZOPBSP_Console
----------------------------------------------------------------------------------------------------

==========================================================================================
[Est_pos child] RUN START: 20260519_142358_505717
[Est_pos child] Time: 2026-05-19 14:23:58.641717
[Est_pos child] Input files:
  gps1: C:\Pi_loc\lauv\RPI1\gps\GPS_RPI1_20260514_080600_Hydro_6673.txt
  gps2: C:\Pi_loc\lauv\RPI2\gps\GPS_RPI2_20260514_080600_Hydro_2624.txt
  gps3: C:\Pi_loc\lauv\RPI3\gps\GPS_RPI3_20260514_080600_Hydro_6675.txt
  wav1: C:\Pi_loc\lauv\RPI1\streaming\RBW6673_20260514_080600.wav
  wav2: C:\Pi_loc\lauv\RPI2\streaming\SAW2624_20260514_080600.wav
  wav3: C:\Pi_loc\lauv\RPI3\streaming\RBW6675_20260514_080600.wav
------------------------------------------------------------------------------------------
GPS1: [[60600, 53.835624304999996, 17.647204331666668], [60601, 53.83562468499999, 17.64720348333333], [60602, 53.83562534833333, 17.647202893333333], [60603, 53.835625836666665, 17.647202264999997], [60604, 53.83562624666667, 17.647201521666666], [60605, 53.83562680333333, 17.647201076666665], [60606, 53.835627298333335, 17.647200605000002], [60607, 53.83562770833334, 17.647200221666665], [60608, 53.83562813666667, 17.647199938333333], [60609, 53.835628728333326, 17.647199723333333], [60610, 53.835629186666665, 17.64719961666667], [60611, 53.83562978666667, 17.647199428333334], [60612, 53.835630671666664, 17.647199351666664], [60613, 53.835631598333336, 17.64719941], [60614, 53.83563257166667, 17.647199446666665], [60615, 53.83563373666666, 17.647199483333335], [60616, 53.835634845, 17.647199471666667], [60617, 53.835635945, 17.647199573333335], [60618, 53.83563720666666, 17.64719977], [60619, 53.835638393333326, 17.647199991666664]]
GPS2: [[60600, 53.83618171, 17.648054249999998], [60601, 53.83618203666666, 17.648054131666665], [60602, 53.83618253166666, 17.648054146666666], [60603, 53.83618329833333, 17.648053185], [60604, 53.83618381333334, 17.648052528333334], [60605, 53.836184689999996, 17.6480517], [60606, 53.83618524833334, 17.648050816666668], [60607, 53.836185926666666, 17.648050188333332], [60608, 53.83618701166667, 17.648049656666668], [60609, 53.83618778499999, 17.648049263333334], [60610, 53.836188668333335, 17.648048458333335], [60611, 53.83618966666666, 17.648047799999997], [60612, 53.836190495, 17.64804691], [60613, 53.83619128, 17.648045353333334], [60614, 53.836192443333324, 17.648043828333336], [60615, 53.836193269999995, 17.64804206333333], [60616, 53.836194045, 17.648040403333333], [60617, 53.83619492333334, 17.648038468333333], [60618, 53.83619528999999, 17.648036913333332], [60619, 53.83619590833334, 17.648035825]]
GPS3: [[60600, 53.83656220666667, 17.647102920000002], [60601, 53.83656301833333, 17.64710265833333], [60602, 53.83656375, 17.647102436666668], [60603, 53.83656453666667, 17.647102403333335], [60604, 53.83656587833334, 17.64710175], [60605, 53.83656705833334, 17.64710155], [60606, 53.836568255, 17.64710095166667], [60607, 53.83656887666666, 17.647100150000004], [60608, 53.836569295, 17.647099878333332], [60609, 53.83657019166667, 17.647099753333336], [60610, 53.836571219999996, 17.647099869999998], [60611, 53.83657263833334, 17.647099596666667], [60612, 53.836574629999994, 17.64709892333333], [60613, 53.83657684666667, 17.647097716666668], [60614, 53.836578451666675, 17.647096488333332], [60615, 53.83657956666666, 17.64709450666667], [60616, 53.836580070000004, 17.647092553333334], [60617, 53.83658023500001, 17.647090316666667], [60618, 53.83658003833334, 17.64708851], [60619, 53.836580053333336, 17.64708662]]
ref_lat:  53.835624304999996
ref_lon:  17.647204331666668
aeqd: +proj=aeqd +lat_0=53.835624304999996 +lon_0=17.647204331666668 +datum=WGS84 +units=m +no_defs +type=crs
fwd: proj=pipeline step proj=unitconvert xy_in=deg xy_out=rad step proj=aeqd lat_0=53.835624305 lon_0=17.6472043316667 x_0=0 y_0=0 ellps=WGS84
inv: proj=pipeline step inv proj=aeqd lat_0=53.835624305 lon_0=17.6472043316667 x_0=0 y_0=0 ellps=WGS84 step proj=unitconvert xy_in=rad xy_out=deg
pos_est: (53.83593638278927, 17.647935750240066)
C:\ProgramData\Anaconda3\envs\Console\Lib\site-packages\geopy\point.py:472: UserWarning: Latitude normalization has been prohibited in the newer versions of geopy, because the normalized value happened to be on a different pole, which is probably not what was meant. If you pass coordinates as positional args, please make sure that the order is (latitude, longitude) or (y, x) in Cartesian terms.
  return cls(*args)
est_track: [[60602, 53.83630429516025, 17.648383827202064], [60604, 53.83602082371274, 17.646954764587335], [60606, 53.8360037092666, 17.647385027460512], [60607, 53.83599580379356, 17.64745279972733], [60608, 53.83606603707013, 17.64705051680195], [60611, 53.8361139448166, 17.646996869609655], [60612, 53.83615286582881, 17.647163874658858], [60613, 53.83622667259611, 17.64768804988404], [60614, 53.836271772051916, 17.647594739614576], [60615, 53.836320893075815, 17.6475652289477], [60619, 53.83593638278927, 17.647935750240066]]
------------------------------------------------------------------------------------------
[Est_pos child] RUN OK: 20260519_142358_505717
[Est_pos child] Result length: 11
[Est_pos child] Output JSON: C:\Users\Dell\AppData\Local\Temp\zopbsp_estpos_sud_i03g\estpos_result.json
==========================================================================================

[Est_pos parent] Run finished: 20260519_142358_505717
[Est_pos parent] Return code: 0
[Est_pos parent] JSON exists: True

[Est_pos parent] RUN OK: 20260519_142358_505717
[Est_pos parent] Result length: 11
----------------------------------------------------------------------------------------------------

----------------------------------------------------------------------------------------------------
[Est_pos parent] Starting run: 20260519_142403_702280
[Est_pos parent] Time: 2026-05-19 14:24:03.704276
[Est_pos parent] Command:
  C:\ProgramData\Anaconda3\envs\Console\python.exe -u -m Est_pos.estimate_pos_runner --out C:\Users\Dell\AppData\Local\Temp\zopbsp_estpos_wiut7ckd\estpos_result.json --session-log logs\estpos_subprocess\estpos_session_20260519_142152.log --run-id 20260519_142403_702280 C:\Pi_loc\lauv\RPI1\gps\GPS_RPI1_20260514_080630_Hydro_6673.txt C:\Pi_loc\lauv\RPI2\gps\GPS_RPI2_20260514_080630_Hydro_2624.txt C:\Pi_loc\lauv\RPI3\gps\GPS_RPI3_20260514_080630_Hydro_6675.txt C:\Pi_loc\lauv\RPI1\streaming\RBW6673_20260514_080630.wav C:\Pi_loc\lauv\RPI2\streaming\SAW2624_20260514_080630.wav C:\Pi_loc\lauv\RPI3\streaming\RBW6675_20260514_080630.wav
[Est_pos parent] Working directory:
  C:\Code\ZOPBSP_Console
----------------------------------------------------------------------------------------------------

==========================================================================================
[Est_pos child] RUN START: 20260519_142403_702280
[Est_pos child] Time: 2026-05-19 14:24:03.856792
[Est_pos child] Input files:
  gps1: C:\Pi_loc\lauv\RPI1\gps\GPS_RPI1_20260514_080630_Hydro_6673.txt
  gps2: C:\Pi_loc\lauv\RPI2\gps\GPS_RPI2_20260514_080630_Hydro_2624.txt
  gps3: C:\Pi_loc\lauv\RPI3\gps\GPS_RPI3_20260514_080630_Hydro_6675.txt
  wav1: C:\Pi_loc\lauv\RPI1\streaming\RBW6673_20260514_080630.wav
  wav2: C:\Pi_loc\lauv\RPI2\streaming\SAW2624_20260514_080630.wav
  wav3: C:\Pi_loc\lauv\RPI3\streaming\RBW6675_20260514_080630.wav
------------------------------------------------------------------------------------------
GPS1: [[60630, 53.835649735, 17.647204246666668], [60631, 53.83565059166667, 17.647204788333333], [60632, 53.83565134166667, 17.647204998333333], [60633, 53.83565231833333, 17.647205293333332], [60634, 53.835653054999995, 17.647205668333335], [60635, 53.83565392166667, 17.647205903333333], [60636, 53.835654631666664, 17.647206111666666], [60637, 53.83565555166667, 17.647206196666666], [60638, 53.83565639666667, 17.64720628166667], [60639, 53.835657193333326, 17.647206236666666], [60640, 53.83565806, 17.64720586], [60641, 53.83565912166667, 17.64720562333333], [60642, 53.83566004833333, 17.64720499166667], [60643, 53.83566106833334, 17.64720433833333], [60644, 53.835662064999994, 17.647203488333332], [60645, 53.83566311166666, 17.647202505], [60646, 53.83566405166666, 17.647201363333334], [60647, 53.83566504666666, 17.64720004333333], [60648, 53.83566604833333, 17.64719871], [60649, 53.83566692833333, 17.647197268333333]]
GPS2: [[60630, 53.836196890000004, 17.648023241666667], [60631, 53.83619177833332, 17.648018981666667], [60632, 53.83619211333333, 17.648015436666665], [60633, 53.836192585, 17.648014298333333], [60634, 53.83619131166667, 17.648014755000002], [60635, 53.836192815000004, 17.648019088333335], [60636, 53.83619589833334, 17.648024863333333], [60637, 53.83619968333334, 17.64802682666667], [60638, 53.836205066666665, 17.648026831666666], [60639, 53.83620960333333, 17.64802685833333], [60640, 53.83621367666667, 17.64802722], [60641, 53.83621693833334, 17.64802759333333], [60642, 53.836223358333335, 17.648034908333333], [60643, 53.83622773833334, 17.6480371], [60644, 53.836229396666674, 17.648037276666667], [60645, 53.836232125, 17.648035138333334], [60646, 53.83623270333332, 17.64803498], [60647, 53.83623346166667, 17.648034576666664], [60648, 53.83623387833333, 17.648034216666666], [60649, 53.83623462333333, 17.64803359833333]]
GPS3: [[60630, 53.836583705, 17.647069813333335], [60631, 53.83658433666666, 17.647068521666665], [60632, 53.83658537333334, 17.647067493333335], [60633, 53.836586004999994, 17.647066428333336], [60634, 53.83658593333333, 17.647064651666668], [60635, 53.83658684499999, 17.64706331], [60636, 53.83658765333333, 17.647061981666663], [60637, 53.83658848, 17.647060946666667], [60638, 53.83658908166667, 17.647059921666667], [60639, 53.836589905, 17.647058801666667], [60640, 53.83659059, 17.647058296666668], [60641, 53.836591498333334, 17.647057468333333], [60642, 53.836592474999996, 17.647056430000003], [60643, 53.83659334166667, 17.647055683333335], [60644, 53.83659425999999, 17.647054346666668], [60645, 53.836595169999995, 17.647053158333332], [60646, 53.83659609666667, 17.647052111666667], [60647, 53.83659711333333, 17.647050815], [60648, 53.83659818833333, 17.647049493333334], [60649, 53.836599065, 17.64704815166667]]
ref_lat:  53.835649735
ref_lon:  17.647204246666668
aeqd: +proj=aeqd +lat_0=53.835649735 +lon_0=17.647204246666668 +datum=WGS84 +units=m +no_defs +type=crs
fwd: proj=pipeline step proj=unitconvert xy_in=deg xy_out=rad step proj=aeqd lat_0=53.835649735 lon_0=17.6472042466667 x_0=0 y_0=0 ellps=WGS84
inv: proj=pipeline step inv proj=aeqd lat_0=53.835649735 lon_0=17.6472042466667 x_0=0 y_0=0 ellps=WGS84 step proj=unitconvert xy_in=rad xy_out=deg
pos_est: (-49.14316669449541, 64.79682277021838)
C:\ProgramData\Anaconda3\envs\Console\Lib\site-packages\geopy\point.py:472: UserWarning: Latitude normalization has been prohibited in the newer versions of geopy, because the normalized value happened to be on a different pole, which is probably not what was meant. If you pass coordinates as positional args, please make sure that the order is (latitude, longitude) or (y, x) in Cartesian terms.
  return cls(*args)
est_track: [[60630, 53.83674519027821, 17.647424251728232], [60632, 53.83605061955705, 17.647582196293218], [60633, 53.835934507113016, 17.64770608128531], [60634, 53.83617783321223, 17.647647827729074], [60635, 53.836133798016974, 17.647438692410827], [60639, 53.83567330568923, 17.647979855797498], [60640, 53.836851348047446, 17.647658640602252], [60641, 53.8366969686449, 17.64706714110343], [60642, 53.83655017186958, 17.647297102757246], [60643, 53.83616970740175, 17.64720126423657], [60644, 53.835997600629, 17.64744674082165], [60645, 53.83611344105565, 17.64765082389365], [60646, 53.836038564955324, 17.64697467322349], [60647, 53.8362040763536, 17.647230789814774]]
------------------------------------------------------------------------------------------
[Est_pos child] RUN OK: 20260519_142403_702280
[Est_pos child] Result length: 14
[Est_pos child] Output JSON: C:\Users\Dell\AppData\Local\Temp\zopbsp_estpos_wiut7ckd\estpos_result.json
==========================================================================================

[Est_pos parent] Run finished: 20260519_142403_702280
[Est_pos parent] Return code: 0
[Est_pos parent] JSON exists: True

[Est_pos parent] RUN OK: 20260519_142403_702280
[Est_pos parent] Result length: 14
----------------------------------------------------------------------------------------------------

----------------------------------------------------------------------------------------------------
[Est_pos parent] Starting run: 20260519_142408_833630
[Est_pos parent] Time: 2026-05-19 14:24:08.835635
[Est_pos parent] Command:
  C:\ProgramData\Anaconda3\envs\Console\python.exe -u -m Est_pos.estimate_pos_runner --out C:\Users\Dell\AppData\Local\Temp\zopbsp_estpos_m7qv6ac8\estpos_result.json --session-log logs\estpos_subprocess\estpos_session_20260519_142152.log --run-id 20260519_142408_833630 C:\Pi_loc\lauv\RPI1\gps\GPS_RPI1_20260514_080700_Hydro_6673.txt C:\Pi_loc\lauv\RPI2\gps\GPS_RPI2_20260514_080700_Hydro_2624.txt C:\Pi_loc\lauv\RPI3\gps\GPS_RPI3_20260514_080700_Hydro_6675.txt C:\Pi_loc\lauv\RPI1\streaming\RBW6673_20260514_080700.wav C:\Pi_loc\lauv\RPI2\streaming\SAW2624_20260514_080700.wav C:\Pi_loc\lauv\RPI3\streaming\RBW6675_20260514_080700.wav
[Est_pos parent] Working directory:
  C:\Code\ZOPBSP_Console
----------------------------------------------------------------------------------------------------

==========================================================================================
[Est_pos child] RUN START: 20260519_142408_833630
[Est_pos child] Time: 2026-05-19 14:24:08.963621
[Est_pos child] Input files:
  gps1: C:\Pi_loc\lauv\RPI1\gps\GPS_RPI1_20260514_080700_Hydro_6673.txt
  gps2: C:\Pi_loc\lauv\RPI2\gps\GPS_RPI2_20260514_080700_Hydro_2624.txt
  gps3: C:\Pi_loc\lauv\RPI3\gps\GPS_RPI3_20260514_080700_Hydro_6675.txt
  wav1: C:\Pi_loc\lauv\RPI1\streaming\RBW6673_20260514_080700.wav
  wav2: C:\Pi_loc\lauv\RPI2\streaming\SAW2624_20260514_080700.wav
  wav3: C:\Pi_loc\lauv\RPI3\streaming\RBW6675_20260514_080700.wav
------------------------------------------------------------------------------------------
GPS1: [[60700, 53.83567157166667, 17.647185021666665], [60701, 53.835671850000004, 17.647184433333333], [60702, 53.83567226833334, 17.647184], [60703, 53.83567259333333, 17.647183715], [60704, 53.83567300166666, 17.647183398333333], [60705, 53.83567344, 17.647183163333334], [60706, 53.83567388333333, 17.647182991666668], [60707, 53.83567452333333, 17.647182535000002], [60708, 53.83567508833333, 17.647182581666666], [60709, 53.83567585000001, 17.647182320000002], [60710, 53.83567665833333, 17.647182028333336], [60711, 53.83567746833334, 17.647181885000002], [60712, 53.83567839333333, 17.647181633333332], [60713, 53.83567941333334, 17.647181321666668], [60714, 53.83568047666666, 17.647180936666665], [60715, 53.83568158666667, 17.647180656666666], [60716, 53.835682786666666, 17.647180366666664], [60717, 53.83568402166667, 17.64718002333333], [60718, 53.83568521166667, 17.64717985], [60719, 53.83568646333333, 17.647179745000003]]
GPS2: [[60700, 53.83624388, 17.648024146666668], [60701, 53.836244619999995, 17.648023191666667], [60702, 53.83624565, 17.648022294999997], [60703, 53.83624640666667, 17.648021325], [60704, 53.83624716333334, 17.648020366666668], [60705, 53.836248035000004, 17.648019214999998], [60706, 53.836248774999994, 17.648018348333334], [60707, 53.836249685, 17.648017445], [60708, 53.83625050333333, 17.648016270000003], [60709, 53.83625119666667, 17.648015675], [60710, 53.83625204500001, 17.648014491666668], [60711, 53.83625292499999, 17.64801356], [60712, 53.83625351333333, 17.648013031666668], [60713, 53.836254493333335, 17.64801203], [60714, 53.83625532833333, 17.648011606666667], [60715, 53.836256128333325, 17.648010871666667], [60716, 53.83625685166667, 17.648010206666665], [60717, 53.83625762666667, 17.64800939166667], [60718, 53.836258278333325, 17.648008798333333], [60719, 53.836259205000005, 17.64800798]]
GPS3: [[60700, 53.83660963166667, 17.647037276666666], [60701, 53.83661045833334, 17.647036725], [60702, 53.8366137, 17.64703098], [60703, 53.83661266833333, 17.647034008333332], [60704, 53.836613695000004, 17.647032495], [60705, 53.836614193333325, 17.647031716666667], [60706, 53.83661844333333, 17.647027096666665], [60707, 53.836615275, 17.647030551666667], [60708, 53.83661525666666, 17.647030556666667], [60709, 53.83661557666666, 17.647030408333332], [60710, 53.836615904999995, 17.64703015166667], [60711, 53.83661605, 17.647030513333334], [60712, 53.83661643833334, 17.647030748333336], [60713, 53.836616565, 17.647031758333334], [60714, 53.83661666666667, 17.647032638333332], [60715, 53.83661682499999, 17.64703259166667], [60716, 53.836617499999996, 17.647032453333335], [60717, 53.83661831999999, 17.647032243333335], [60718, 53.836619175, 17.647031901666665], [60719, 53.83661964166666, 17.647031783333333]]
ref_lat:  53.83567157166667
ref_lon:  17.647185021666665
aeqd: +proj=aeqd +lat_0=53.83567157166667 +lon_0=17.647185021666665 +datum=WGS84 +units=m +no_defs +type=crs
fwd: proj=pipeline step proj=unitconvert xy_in=deg xy_out=rad step proj=aeqd lat_0=53.8356715716667 lon_0=17.6471850216667 x_0=0 y_0=0 ellps=WGS84
inv: proj=pipeline step inv proj=aeqd lat_0=53.8356715716667 lon_0=17.6471850216667 x_0=0 y_0=0 ellps=WGS84 step proj=unitconvert xy_in=rad xy_out=deg
pos_est: (53.83534611470746, 17.647905654632194)
est_track: [[60700, 53.83606903861246, 17.647086611145127], [60701, 53.83600554847619, 17.647419813455933], [60702, 53.836095049383175, 17.6473732411152], [60703, 53.836214937765085, 17.64741167078362], [60704, 53.836251784569036, 17.64735221031971], [60705, 53.83605411110528, 17.64768506146963], [60706, 53.83664492187454, 17.64752755370659], [60707, 53.83571049395249, 17.648049095804083], [60708, 53.83586687292425, 17.647634120287268], [60709, 53.83611780122823, 17.647559566442386], [60710, 53.835743391541364, 17.648099219826445], [60711, 53.83612401939599, 17.647631868150665], [60712, 53.83618826585356, 17.64768658542783], [60713, 53.8362506260168, 17.647530735172676], [60714, 53.83608608803105, 17.647465298092065], [60715, 53.83608455626979, 17.647537511586428], [60716, 53.83613089281417, 17.647436733644483], [60717, 53.83614761368698, 17.647506536509148], [60718, 53.83555504323882, 17.647857612096484], [60719, 53.83534611470746, 17.647905654632194]]
------------------------------------------------------------------------------------------
[Est_pos child] RUN OK: 20260519_142408_833630
[Est_pos child] Result length: 20
[Est_pos child] Output JSON: C:\Users\Dell\AppData\Local\Temp\zopbsp_estpos_m7qv6ac8\estpos_result.json
==========================================================================================

[Est_pos parent] Run finished: 20260519_142408_833630
[Est_pos parent] Return code: 0
[Est_pos parent] JSON exists: True

[Est_pos parent] RUN OK: 20260519_142408_833630
[Est_pos parent] Result length: 20
----------------------------------------------------------------------------------------------------
