
####################################################################################################
# EST_POS SESSION START
# Session ID : 20260511_190502
# Log file   : C:\Code\ZOPBSP_Console\logs\estpos_subprocess\estpos_session_20260511_190502.log
# Python     : C:\ProgramData\Anaconda3\envs\Console\python.exe
# Started    : 2026-05-11 19:06:00.434836
####################################################################################################

----------------------------------------------------------------------------------------------------
[Est_pos parent] Starting run: 20260511_191736_620296
[Est_pos parent] Time: 2026-05-11 19:17:36.620296
[Est_pos parent] Command:
  C:\ProgramData\Anaconda3\envs\Console\python.exe -u -m Est_pos.estimate_pos_runner --out C:\Users\Dell\AppData\Local\Temp\zopbsp_estpos_qgo2tfil\estpos_result.json --session-log logs\estpos_subprocess\estpos_session_20260511_190502.log --run-id 20260511_191736_620296 C:\Pi_loc\05_11\RPI1\gps\GPS_RPI1_20260511_191710_Hydro_6673.txt C:\Pi_loc\05_11\RPI2\gps\GPS_RPI2_20260511_191710_Hydro_6675.txt C:\Pi_loc\05_11\RPI2\gps\GPS_RPI2_20260511_191710_Hydro_6675.txt C:\Pi_loc\05_11\RPI1\streaming\RBW6673_20260511_191710.wav C:\Pi_loc\05_11\RPI2\streaming\RBW6675_20260511_191710.wav C:\Pi_loc\05_11\RPI3\streaming\SAW2624_20260511_191710.wav
[Est_pos parent] Working directory:
  C:\Code\ZOPBSP_Console
----------------------------------------------------------------------------------------------------

==========================================================================================
[Est_pos child] RUN START: 20260511_191736_620296
[Est_pos child] Time: 2026-05-11 19:17:36.936108
[Est_pos child] Input files:
  gps1: C:\Pi_loc\05_11\RPI1\gps\GPS_RPI1_20260511_191710_Hydro_6673.txt
  gps2: C:\Pi_loc\05_11\RPI2\gps\GPS_RPI2_20260511_191710_Hydro_6675.txt
  gps3: C:\Pi_loc\05_11\RPI2\gps\GPS_RPI2_20260511_191710_Hydro_6675.txt
  wav1: C:\Pi_loc\05_11\RPI1\streaming\RBW6673_20260511_191710.wav
  wav2: C:\Pi_loc\05_11\RPI2\streaming\RBW6675_20260511_191710.wav
  wav3: C:\Pi_loc\05_11\RPI3\streaming\SAW2624_20260511_191710.wav
------------------------------------------------------------------------------------------
after import data
C:\ProgramData\Anaconda3\envs\Console\Lib\site-packages\scipy\interpolate\_interpolate.py:497: RuntimeWarning: invalid value encountered in divide
  slope = (y_hi - y_lo) / (x_hi - x_lo)[:, None]
------------------------------------------------------------------------------------------
[Est_pos child] RUN FAILED: 20260511_191736_620296
[Est_pos child] Error: ValueError('Różne długości s1 i s2: 64000 vs 32000')
[Est_pos child] Traceback:
Traceback (most recent call last):
  File "C:\Code\ZOPBSP_Console\Est_pos\estimate_pos_runner.py", line 120, in main
    result = estimate_pos(
             ^^^^^^^^^^^^^
  File "C:\Code\ZOPBSP_Console\Est_pos\Estimator_pos.py", line 137, in estimate_pos
    tdoa13_1hz_m = tdoa(s1_raw, s3_raw)
                   ^^^^^^^^^^^^^^^^^^^^
  File "C:\Code\ZOPBSP_Console\Est_pos\Estimator_pos.py", line 134, in tdoa
    return compute_tdoa_1hz(s1, s2, fs, c, epsilon, k, len_sig, jump_sig, low_cut, high_cut)
           ^^^^^^^^^^^^^^^^^^^^^^^^^^^^^^^^^^^^^^^^^^^^^^^^^^^^^^^^^^^^^^^^^^^^^^^^^^^^^^^^^
  File "tdoa_cython.pyx", line 137, in tdoa_cython.compute_tdoa_1hz
ValueError: Różne długości s1 i s2: 64000 vs 32000

==========================================================================================

[Est_pos parent] Run finished: 20260511_191736_620296
[Est_pos parent] Return code: 1
[Est_pos parent] JSON exists: True

[Est_pos parent] PYTHON FAILURE IN CHILD: 20260511_191736_620296
[Est_pos parent] Error: ValueError('Różne długości s1 i s2: 64000 vs 32000')
[Est_pos parent] Traceback:
Traceback (most recent call last):
  File "C:\Code\ZOPBSP_Console\Est_pos\estimate_pos_runner.py", line 120, in main
    result = estimate_pos(
             ^^^^^^^^^^^^^
  File "C:\Code\ZOPBSP_Console\Est_pos\Estimator_pos.py", line 137, in estimate_pos
    tdoa13_1hz_m = tdoa(s1_raw, s3_raw)
                   ^^^^^^^^^^^^^^^^^^^^
  File "C:\Code\ZOPBSP_Console\Est_pos\Estimator_pos.py", line 134, in tdoa
    return compute_tdoa_1hz(s1, s2, fs, c, epsilon, k, len_sig, jump_sig, low_cut, high_cut)
           ^^^^^^^^^^^^^^^^^^^^^^^^^^^^^^^^^^^^^^^^^^^^^^^^^^^^^^^^^^^^^^^^^^^^^^^^^^^^^^^^^
  File "tdoa_cython.pyx", line 137, in tdoa_cython.compute_tdoa_1hz
ValueError: Różne długości s1 i s2: 64000 vs 32000

----------------------------------------------------------------------------------------------------

----------------------------------------------------------------------------------------------------
[Est_pos parent] Starting run: 20260511_191755_529030
[Est_pos parent] Time: 2026-05-11 19:17:55.531027
[Est_pos parent] Command:
  C:\ProgramData\Anaconda3\envs\Console\python.exe -u -m Est_pos.estimate_pos_runner --out C:\Users\Dell\AppData\Local\Temp\zopbsp_estpos_6bal_ywi\estpos_result.json --session-log logs\estpos_subprocess\estpos_session_20260511_190502.log --run-id 20260511_191755_529030 C:\Pi_loc\05_11\RPI1\gps\GPS_RPI1_20260511_191720_Hydro_6673.txt C:\Pi_loc\05_11\RPI2\gps\GPS_RPI2_20260511_191720_Hydro_6675.txt C:\Pi_loc\05_11\RPI2\gps\GPS_RPI2_20260511_191720_Hydro_6675.txt C:\Pi_loc\05_11\RPI1\streaming\RBW6673_20260511_191720.wav C:\Pi_loc\05_11\RPI2\streaming\RBW6675_20260511_191720.wav C:\Pi_loc\05_11\RPI3\streaming\SAW2624_20260511_191720.wav
[Est_pos parent] Working directory:
  C:\Code\ZOPBSP_Console
----------------------------------------------------------------------------------------------------

==========================================================================================
[Est_pos child] RUN START: 20260511_191755_529030
[Est_pos child] Time: 2026-05-11 19:17:55.809989
[Est_pos child] Input files:
  gps1: C:\Pi_loc\05_11\RPI1\gps\GPS_RPI1_20260511_191720_Hydro_6673.txt
  gps2: C:\Pi_loc\05_11\RPI2\gps\GPS_RPI2_20260511_191720_Hydro_6675.txt
  gps3: C:\Pi_loc\05_11\RPI2\gps\GPS_RPI2_20260511_191720_Hydro_6675.txt
  wav1: C:\Pi_loc\05_11\RPI1\streaming\RBW6673_20260511_191720.wav
  wav2: C:\Pi_loc\05_11\RPI2\streaming\RBW6675_20260511_191720.wav
  wav3: C:\Pi_loc\05_11\RPI3\streaming\SAW2624_20260511_191720.wav
------------------------------------------------------------------------------------------
after import data
C:\ProgramData\Anaconda3\envs\Console\Lib\site-packages\scipy\interpolate\_interpolate.py:497: RuntimeWarning: invalid value encountered in divide
  slope = (y_hi - y_lo) / (x_hi - x_lo)[:, None]
------------------------------------------------------------------------------------------
[Est_pos child] RUN FAILED: 20260511_191755_529030
[Est_pos child] Error: ValueError('Różne długości s1 i s2: 64000 vs 32000')
[Est_pos child] Traceback:
Traceback (most recent call last):
  File "C:\Code\ZOPBSP_Console\Est_pos\estimate_pos_runner.py", line 120, in main
    result = estimate_pos(
             ^^^^^^^^^^^^^
  File "C:\Code\ZOPBSP_Console\Est_pos\Estimator_pos.py", line 137, in estimate_pos
    tdoa13_1hz_m = tdoa(s1_raw, s3_raw)
                   ^^^^^^^^^^^^^^^^^^^^
  File "C:\Code\ZOPBSP_Console\Est_pos\Estimator_pos.py", line 134, in tdoa
    return compute_tdoa_1hz(s1, s2, fs, c, epsilon, k, len_sig, jump_sig, low_cut, high_cut)
           ^^^^^^^^^^^^^^^^^^^^^^^^^^^^^^^^^^^^^^^^^^^^^^^^^^^^^^^^^^^^^^^^^^^^^^^^^^^^^^^^^
  File "tdoa_cython.pyx", line 137, in tdoa_cython.compute_tdoa_1hz
ValueError: Różne długości s1 i s2: 64000 vs 32000

==========================================================================================

[Est_pos parent] Run finished: 20260511_191755_529030
[Est_pos parent] Return code: 1
[Est_pos parent] JSON exists: True

[Est_pos parent] PYTHON FAILURE IN CHILD: 20260511_191755_529030
[Est_pos parent] Error: ValueError('Różne długości s1 i s2: 64000 vs 32000')
[Est_pos parent] Traceback:
Traceback (most recent call last):
  File "C:\Code\ZOPBSP_Console\Est_pos\estimate_pos_runner.py", line 120, in main
    result = estimate_pos(
             ^^^^^^^^^^^^^
  File "C:\Code\ZOPBSP_Console\Est_pos\Estimator_pos.py", line 137, in estimate_pos
    tdoa13_1hz_m = tdoa(s1_raw, s3_raw)
                   ^^^^^^^^^^^^^^^^^^^^
  File "C:\Code\ZOPBSP_Console\Est_pos\Estimator_pos.py", line 134, in tdoa
    return compute_tdoa_1hz(s1, s2, fs, c, epsilon, k, len_sig, jump_sig, low_cut, high_cut)
           ^^^^^^^^^^^^^^^^^^^^^^^^^^^^^^^^^^^^^^^^^^^^^^^^^^^^^^^^^^^^^^^^^^^^^^^^^^^^^^^^^
  File "tdoa_cython.pyx", line 137, in tdoa_cython.compute_tdoa_1hz
ValueError: Różne długości s1 i s2: 64000 vs 32000

----------------------------------------------------------------------------------------------------

----------------------------------------------------------------------------------------------------
[Est_pos parent] Starting run: 20260511_191805_960234
[Est_pos parent] Time: 2026-05-11 19:18:05.962249
[Est_pos parent] Command:
  C:\ProgramData\Anaconda3\envs\Console\python.exe -u -m Est_pos.estimate_pos_runner --out C:\Users\Dell\AppData\Local\Temp\zopbsp_estpos_x8je2rf3\estpos_result.json --session-log logs\estpos_subprocess\estpos_session_20260511_190502.log --run-id 20260511_191805_960234 C:\Pi_loc\05_11\RPI1\gps\GPS_RPI1_20260511_191730_Hydro_6673.txt C:\Pi_loc\05_11\RPI2\gps\GPS_RPI2_20260511_191730_Hydro_6675.txt C:\Pi_loc\05_11\RPI2\gps\GPS_RPI2_20260511_191730_Hydro_6675.txt C:\Pi_loc\05_11\RPI1\streaming\RBW6673_20260511_191730.wav C:\Pi_loc\05_11\RPI2\streaming\RBW6675_20260511_191730.wav C:\Pi_loc\05_11\RPI3\streaming\SAW2624_20260511_191730.wav
[Est_pos parent] Working directory:
  C:\Code\ZOPBSP_Console
----------------------------------------------------------------------------------------------------

==========================================================================================
[Est_pos child] RUN START: 20260511_191805_960234
[Est_pos child] Time: 2026-05-11 19:18:06.266272
[Est_pos child] Input files:
  gps1: C:\Pi_loc\05_11\RPI1\gps\GPS_RPI1_20260511_191730_Hydro_6673.txt
  gps2: C:\Pi_loc\05_11\RPI2\gps\GPS_RPI2_20260511_191730_Hydro_6675.txt
  gps3: C:\Pi_loc\05_11\RPI2\gps\GPS_RPI2_20260511_191730_Hydro_6675.txt
  wav1: C:\Pi_loc\05_11\RPI1\streaming\RBW6673_20260511_191730.wav
  wav2: C:\Pi_loc\05_11\RPI2\streaming\RBW6675_20260511_191730.wav
  wav3: C:\Pi_loc\05_11\RPI3\streaming\SAW2624_20260511_191730.wav
------------------------------------------------------------------------------------------
after import data
C:\ProgramData\Anaconda3\envs\Console\Lib\site-packages\scipy\interpolate\_interpolate.py:497: RuntimeWarning: invalid value encountered in divide
  slope = (y_hi - y_lo) / (x_hi - x_lo)[:, None]
------------------------------------------------------------------------------------------
[Est_pos child] RUN FAILED: 20260511_191805_960234
[Est_pos child] Error: ValueError('Różne długości s1 i s2: 64000 vs 32000')
[Est_pos child] Traceback:
Traceback (most recent call last):
  File "C:\Code\ZOPBSP_Console\Est_pos\estimate_pos_runner.py", line 120, in main
    result = estimate_pos(
             ^^^^^^^^^^^^^
  File "C:\Code\ZOPBSP_Console\Est_pos\Estimator_pos.py", line 137, in estimate_pos
    tdoa13_1hz_m = tdoa(s1_raw, s3_raw)
                   ^^^^^^^^^^^^^^^^^^^^
  File "C:\Code\ZOPBSP_Console\Est_pos\Estimator_pos.py", line 134, in tdoa
    return compute_tdoa_1hz(s1, s2, fs, c, epsilon, k, len_sig, jump_sig, low_cut, high_cut)
           ^^^^^^^^^^^^^^^^^^^^^^^^^^^^^^^^^^^^^^^^^^^^^^^^^^^^^^^^^^^^^^^^^^^^^^^^^^^^^^^^^
  File "tdoa_cython.pyx", line 137, in tdoa_cython.compute_tdoa_1hz
ValueError: Różne długości s1 i s2: 64000 vs 32000

==========================================================================================

[Est_pos parent] Run finished: 20260511_191805_960234
[Est_pos parent] Return code: 1
[Est_pos parent] JSON exists: True

[Est_pos parent] PYTHON FAILURE IN CHILD: 20260511_191805_960234
[Est_pos parent] Error: ValueError('Różne długości s1 i s2: 64000 vs 32000')
[Est_pos parent] Traceback:
Traceback (most recent call last):
  File "C:\Code\ZOPBSP_Console\Est_pos\estimate_pos_runner.py", line 120, in main
    result = estimate_pos(
             ^^^^^^^^^^^^^
  File "C:\Code\ZOPBSP_Console\Est_pos\Estimator_pos.py", line 137, in estimate_pos
    tdoa13_1hz_m = tdoa(s1_raw, s3_raw)
                   ^^^^^^^^^^^^^^^^^^^^
  File "C:\Code\ZOPBSP_Console\Est_pos\Estimator_pos.py", line 134, in tdoa
    return compute_tdoa_1hz(s1, s2, fs, c, epsilon, k, len_sig, jump_sig, low_cut, high_cut)
           ^^^^^^^^^^^^^^^^^^^^^^^^^^^^^^^^^^^^^^^^^^^^^^^^^^^^^^^^^^^^^^^^^^^^^^^^^^^^^^^^^
  File "tdoa_cython.pyx", line 137, in tdoa_cython.compute_tdoa_1hz
ValueError: Różne długości s1 i s2: 64000 vs 32000

----------------------------------------------------------------------------------------------------

----------------------------------------------------------------------------------------------------
[Est_pos parent] Starting run: 20260511_191809_964936
[Est_pos parent] Time: 2026-05-11 19:18:09.964936
[Est_pos parent] Command:
  C:\ProgramData\Anaconda3\envs\Console\python.exe -u -m Est_pos.estimate_pos_runner --out C:\Users\Dell\AppData\Local\Temp\zopbsp_estpos_8t_pls3j\estpos_result.json --session-log logs\estpos_subprocess\estpos_session_20260511_190502.log --run-id 20260511_191809_964936 C:\Pi_loc\05_11\RPI1\gps\GPS_RPI1_20260511_191740_Hydro_6673.txt C:\Pi_loc\05_11\RPI2\gps\GPS_RPI2_20260511_191740_Hydro_6675.txt C:\Pi_loc\05_11\RPI2\gps\GPS_RPI2_20260511_191740_Hydro_6675.txt C:\Pi_loc\05_11\RPI1\streaming\RBW6673_20260511_191740.wav C:\Pi_loc\05_11\RPI2\streaming\RBW6675_20260511_191740.wav C:\Pi_loc\05_11\RPI3\streaming\SAW2624_20260511_191740.wav
[Est_pos parent] Working directory:
  C:\Code\ZOPBSP_Console
----------------------------------------------------------------------------------------------------

==========================================================================================
[Est_pos child] RUN START: 20260511_191809_964936
[Est_pos child] Time: 2026-05-11 19:18:10.220038
[Est_pos child] Input files:
  gps1: C:\Pi_loc\05_11\RPI1\gps\GPS_RPI1_20260511_191740_Hydro_6673.txt
  gps2: C:\Pi_loc\05_11\RPI2\gps\GPS_RPI2_20260511_191740_Hydro_6675.txt
  gps3: C:\Pi_loc\05_11\RPI2\gps\GPS_RPI2_20260511_191740_Hydro_6675.txt
  wav1: C:\Pi_loc\05_11\RPI1\streaming\RBW6673_20260511_191740.wav
  wav2: C:\Pi_loc\05_11\RPI2\streaming\RBW6675_20260511_191740.wav
  wav3: C:\Pi_loc\05_11\RPI3\streaming\SAW2624_20260511_191740.wav
------------------------------------------------------------------------------------------
after import data
C:\ProgramData\Anaconda3\envs\Console\Lib\site-packages\scipy\interpolate\_interpolate.py:497: RuntimeWarning: invalid value encountered in divide
  slope = (y_hi - y_lo) / (x_hi - x_lo)[:, None]
------------------------------------------------------------------------------------------
[Est_pos child] RUN FAILED: 20260511_191809_964936
[Est_pos child] Error: ValueError('Różne długości s1 i s2: 64000 vs 32000')
[Est_pos child] Traceback:
Traceback (most recent call last):
  File "C:\Code\ZOPBSP_Console\Est_pos\estimate_pos_runner.py", line 120, in main
    result = estimate_pos(
             ^^^^^^^^^^^^^
  File "C:\Code\ZOPBSP_Console\Est_pos\Estimator_pos.py", line 137, in estimate_pos
    tdoa13_1hz_m = tdoa(s1_raw, s3_raw)
                   ^^^^^^^^^^^^^^^^^^^^
  File "C:\Code\ZOPBSP_Console\Est_pos\Estimator_pos.py", line 134, in tdoa
    return compute_tdoa_1hz(s1, s2, fs, c, epsilon, k, len_sig, jump_sig, low_cut, high_cut)
           ^^^^^^^^^^^^^^^^^^^^^^^^^^^^^^^^^^^^^^^^^^^^^^^^^^^^^^^^^^^^^^^^^^^^^^^^^^^^^^^^^
  File "tdoa_cython.pyx", line 137, in tdoa_cython.compute_tdoa_1hz
ValueError: Różne długości s1 i s2: 64000 vs 32000

==========================================================================================

[Est_pos parent] Run finished: 20260511_191809_964936
[Est_pos parent] Return code: 1
[Est_pos parent] JSON exists: True

[Est_pos parent] PYTHON FAILURE IN CHILD: 20260511_191809_964936
[Est_pos parent] Error: ValueError('Różne długości s1 i s2: 64000 vs 32000')
[Est_pos parent] Traceback:
Traceback (most recent call last):
  File "C:\Code\ZOPBSP_Console\Est_pos\estimate_pos_runner.py", line 120, in main
    result = estimate_pos(
             ^^^^^^^^^^^^^
  File "C:\Code\ZOPBSP_Console\Est_pos\Estimator_pos.py", line 137, in estimate_pos
    tdoa13_1hz_m = tdoa(s1_raw, s3_raw)
                   ^^^^^^^^^^^^^^^^^^^^
  File "C:\Code\ZOPBSP_Console\Est_pos\Estimator_pos.py", line 134, in tdoa
    return compute_tdoa_1hz(s1, s2, fs, c, epsilon, k, len_sig, jump_sig, low_cut, high_cut)
           ^^^^^^^^^^^^^^^^^^^^^^^^^^^^^^^^^^^^^^^^^^^^^^^^^^^^^^^^^^^^^^^^^^^^^^^^^^^^^^^^^
  File "tdoa_cython.pyx", line 137, in tdoa_cython.compute_tdoa_1hz
ValueError: Różne długości s1 i s2: 64000 vs 32000

----------------------------------------------------------------------------------------------------

----------------------------------------------------------------------------------------------------
[Est_pos parent] Starting run: 20260511_191820_566433
[Est_pos parent] Time: 2026-05-11 19:18:20.570981
[Est_pos parent] Command:
  C:\ProgramData\Anaconda3\envs\Console\python.exe -u -m Est_pos.estimate_pos_runner --out C:\Users\Dell\AppData\Local\Temp\zopbsp_estpos_rrvvormy\estpos_result.json --session-log logs\estpos_subprocess\estpos_session_20260511_190502.log --run-id 20260511_191820_566433 C:\Pi_loc\05_11\RPI1\gps\GPS_RPI1_20260511_191750_Hydro_6673.txt C:\Pi_loc\05_11\RPI2\gps\GPS_RPI2_20260511_191750_Hydro_6675.txt C:\Pi_loc\05_11\RPI2\gps\GPS_RPI2_20260511_191750_Hydro_6675.txt C:\Pi_loc\05_11\RPI1\streaming\RBW6673_20260511_191750.wav C:\Pi_loc\05_11\RPI2\streaming\RBW6675_20260511_191750.wav C:\Pi_loc\05_11\RPI3\streaming\SAW2624_20260511_191750.wav
[Est_pos parent] Working directory:
  C:\Code\ZOPBSP_Console
----------------------------------------------------------------------------------------------------

==========================================================================================
[Est_pos child] RUN START: 20260511_191820_566433
[Est_pos child] Time: 2026-05-11 19:18:20.873655
[Est_pos child] Input files:
  gps1: C:\Pi_loc\05_11\RPI1\gps\GPS_RPI1_20260511_191750_Hydro_6673.txt
  gps2: C:\Pi_loc\05_11\RPI2\gps\GPS_RPI2_20260511_191750_Hydro_6675.txt
  gps3: C:\Pi_loc\05_11\RPI2\gps\GPS_RPI2_20260511_191750_Hydro_6675.txt
  wav1: C:\Pi_loc\05_11\RPI1\streaming\RBW6673_20260511_191750.wav
  wav2: C:\Pi_loc\05_11\RPI2\streaming\RBW6675_20260511_191750.wav
  wav3: C:\Pi_loc\05_11\RPI3\streaming\SAW2624_20260511_191750.wav
------------------------------------------------------------------------------------------
after import data
C:\ProgramData\Anaconda3\envs\Console\Lib\site-packages\scipy\interpolate\_interpolate.py:497: RuntimeWarning: invalid value encountered in divide
  slope = (y_hi - y_lo) / (x_hi - x_lo)[:, None]
------------------------------------------------------------------------------------------
[Est_pos child] RUN FAILED: 20260511_191820_566433
[Est_pos child] Error: ValueError('Różne długości s1 i s2: 64000 vs 32000')
[Est_pos child] Traceback:
Traceback (most recent call last):
  File "C:\Code\ZOPBSP_Console\Est_pos\estimate_pos_runner.py", line 120, in main
    result = estimate_pos(
             ^^^^^^^^^^^^^
  File "C:\Code\ZOPBSP_Console\Est_pos\Estimator_pos.py", line 137, in estimate_pos
    tdoa13_1hz_m = tdoa(s1_raw, s3_raw)
                   ^^^^^^^^^^^^^^^^^^^^
  File "C:\Code\ZOPBSP_Console\Est_pos\Estimator_pos.py", line 134, in tdoa
    return compute_tdoa_1hz(s1, s2, fs, c, epsilon, k, len_sig, jump_sig, low_cut, high_cut)
           ^^^^^^^^^^^^^^^^^^^^^^^^^^^^^^^^^^^^^^^^^^^^^^^^^^^^^^^^^^^^^^^^^^^^^^^^^^^^^^^^^
  File "tdoa_cython.pyx", line 137, in tdoa_cython.compute_tdoa_1hz
ValueError: Różne długości s1 i s2: 64000 vs 32000

==========================================================================================

[Est_pos parent] Run finished: 20260511_191820_566433
[Est_pos parent] Return code: 1
[Est_pos parent] JSON exists: True

[Est_pos parent] PYTHON FAILURE IN CHILD: 20260511_191820_566433
[Est_pos parent] Error: ValueError('Różne długości s1 i s2: 64000 vs 32000')
[Est_pos parent] Traceback:
Traceback (most recent call last):
  File "C:\Code\ZOPBSP_Console\Est_pos\estimate_pos_runner.py", line 120, in main
    result = estimate_pos(
             ^^^^^^^^^^^^^
  File "C:\Code\ZOPBSP_Console\Est_pos\Estimator_pos.py", line 137, in estimate_pos
    tdoa13_1hz_m = tdoa(s1_raw, s3_raw)
                   ^^^^^^^^^^^^^^^^^^^^
  File "C:\Code\ZOPBSP_Console\Est_pos\Estimator_pos.py", line 134, in tdoa
    return compute_tdoa_1hz(s1, s2, fs, c, epsilon, k, len_sig, jump_sig, low_cut, high_cut)
           ^^^^^^^^^^^^^^^^^^^^^^^^^^^^^^^^^^^^^^^^^^^^^^^^^^^^^^^^^^^^^^^^^^^^^^^^^^^^^^^^^
  File "tdoa_cython.pyx", line 137, in tdoa_cython.compute_tdoa_1hz
ValueError: Różne długości s1 i s2: 64000 vs 32000

----------------------------------------------------------------------------------------------------

----------------------------------------------------------------------------------------------------
[Est_pos parent] Starting run: 20260511_191828_562392
[Est_pos parent] Time: 2026-05-11 19:18:28.565360
[Est_pos parent] Command:
  C:\ProgramData\Anaconda3\envs\Console\python.exe -u -m Est_pos.estimate_pos_runner --out C:\Users\Dell\AppData\Local\Temp\zopbsp_estpos_yq1zsd8l\estpos_result.json --session-log logs\estpos_subprocess\estpos_session_20260511_190502.log --run-id 20260511_191828_562392 C:\Pi_loc\05_11\RPI1\gps\GPS_RPI1_20260511_191800_Hydro_6673.txt C:\Pi_loc\05_11\RPI2\gps\GPS_RPI2_20260511_191800_Hydro_6675.txt C:\Pi_loc\05_11\RPI2\gps\GPS_RPI2_20260511_191800_Hydro_6675.txt C:\Pi_loc\05_11\RPI1\streaming\RBW6673_20260511_191800.wav C:\Pi_loc\05_11\RPI2\streaming\RBW6675_20260511_191800.wav C:\Pi_loc\05_11\RPI3\streaming\SAW2624_20260511_191800.wav
[Est_pos parent] Working directory:
  C:\Code\ZOPBSP_Console
----------------------------------------------------------------------------------------------------

==========================================================================================
[Est_pos child] RUN START: 20260511_191828_562392
[Est_pos child] Time: 2026-05-11 19:18:28.833321
[Est_pos child] Input files:
  gps1: C:\Pi_loc\05_11\RPI1\gps\GPS_RPI1_20260511_191800_Hydro_6673.txt
  gps2: C:\Pi_loc\05_11\RPI2\gps\GPS_RPI2_20260511_191800_Hydro_6675.txt
  gps3: C:\Pi_loc\05_11\RPI2\gps\GPS_RPI2_20260511_191800_Hydro_6675.txt
  wav1: C:\Pi_loc\05_11\RPI1\streaming\RBW6673_20260511_191800.wav
  wav2: C:\Pi_loc\05_11\RPI2\streaming\RBW6675_20260511_191800.wav
  wav3: C:\Pi_loc\05_11\RPI3\streaming\SAW2624_20260511_191800.wav
------------------------------------------------------------------------------------------
after import data
C:\ProgramData\Anaconda3\envs\Console\Lib\site-packages\scipy\interpolate\_interpolate.py:497: RuntimeWarning: invalid value encountered in divide
  slope = (y_hi - y_lo) / (x_hi - x_lo)[:, None]
------------------------------------------------------------------------------------------
[Est_pos child] RUN FAILED: 20260511_191828_562392
[Est_pos child] Error: ValueError('Różne długości s1 i s2: 64000 vs 32000')
[Est_pos child] Traceback:
Traceback (most recent call last):
  File "C:\Code\ZOPBSP_Console\Est_pos\estimate_pos_runner.py", line 120, in main
    result = estimate_pos(
             ^^^^^^^^^^^^^
  File "C:\Code\ZOPBSP_Console\Est_pos\Estimator_pos.py", line 137, in estimate_pos
    tdoa13_1hz_m = tdoa(s1_raw, s3_raw)
                   ^^^^^^^^^^^^^^^^^^^^
  File "C:\Code\ZOPBSP_Console\Est_pos\Estimator_pos.py", line 134, in tdoa
    return compute_tdoa_1hz(s1, s2, fs, c, epsilon, k, len_sig, jump_sig, low_cut, high_cut)
           ^^^^^^^^^^^^^^^^^^^^^^^^^^^^^^^^^^^^^^^^^^^^^^^^^^^^^^^^^^^^^^^^^^^^^^^^^^^^^^^^^
  File "tdoa_cython.pyx", line 137, in tdoa_cython.compute_tdoa_1hz
ValueError: Różne długości s1 i s2: 64000 vs 32000

==========================================================================================

[Est_pos parent] Run finished: 20260511_191828_562392
[Est_pos parent] Return code: 1
[Est_pos parent] JSON exists: True

[Est_pos parent] PYTHON FAILURE IN CHILD: 20260511_191828_562392
[Est_pos parent] Error: ValueError('Różne długości s1 i s2: 64000 vs 32000')
[Est_pos parent] Traceback:
Traceback (most recent call last):
  File "C:\Code\ZOPBSP_Console\Est_pos\estimate_pos_runner.py", line 120, in main
    result = estimate_pos(
             ^^^^^^^^^^^^^
  File "C:\Code\ZOPBSP_Console\Est_pos\Estimator_pos.py", line 137, in estimate_pos
    tdoa13_1hz_m = tdoa(s1_raw, s3_raw)
                   ^^^^^^^^^^^^^^^^^^^^
  File "C:\Code\ZOPBSP_Console\Est_pos\Estimator_pos.py", line 134, in tdoa
    return compute_tdoa_1hz(s1, s2, fs, c, epsilon, k, len_sig, jump_sig, low_cut, high_cut)
           ^^^^^^^^^^^^^^^^^^^^^^^^^^^^^^^^^^^^^^^^^^^^^^^^^^^^^^^^^^^^^^^^^^^^^^^^^^^^^^^^^
  File "tdoa_cython.pyx", line 137, in tdoa_cython.compute_tdoa_1hz
ValueError: Różne długości s1 i s2: 64000 vs 32000

----------------------------------------------------------------------------------------------------

----------------------------------------------------------------------------------------------------
[Est_pos parent] Starting run: 20260511_191832_543043
[Est_pos parent] Time: 2026-05-11 19:18:32.544800
[Est_pos parent] Command:
  C:\ProgramData\Anaconda3\envs\Console\python.exe -u -m Est_pos.estimate_pos_runner --out C:\Users\Dell\AppData\Local\Temp\zopbsp_estpos_9gvajwi3\estpos_result.json --session-log logs\estpos_subprocess\estpos_session_20260511_190502.log --run-id 20260511_191832_543043 C:\Pi_loc\05_11\RPI1\gps\GPS_RPI1_20260511_191810_Hydro_6673.txt C:\Pi_loc\05_11\RPI2\gps\GPS_RPI2_20260511_191810_Hydro_6675.txt C:\Pi_loc\05_11\RPI2\gps\GPS_RPI2_20260511_191810_Hydro_6675.txt C:\Pi_loc\05_11\RPI1\streaming\RBW6673_20260511_191810.wav C:\Pi_loc\05_11\RPI2\streaming\RBW6675_20260511_191810.wav C:\Pi_loc\05_11\RPI3\streaming\SAW2624_20260511_191810.wav
[Est_pos parent] Working directory:
  C:\Code\ZOPBSP_Console
----------------------------------------------------------------------------------------------------

==========================================================================================
[Est_pos child] RUN START: 20260511_191832_543043
[Est_pos child] Time: 2026-05-11 19:18:32.789655
[Est_pos child] Input files:
  gps1: C:\Pi_loc\05_11\RPI1\gps\GPS_RPI1_20260511_191810_Hydro_6673.txt
  gps2: C:\Pi_loc\05_11\RPI2\gps\GPS_RPI2_20260511_191810_Hydro_6675.txt
  gps3: C:\Pi_loc\05_11\RPI2\gps\GPS_RPI2_20260511_191810_Hydro_6675.txt
  wav1: C:\Pi_loc\05_11\RPI1\streaming\RBW6673_20260511_191810.wav
  wav2: C:\Pi_loc\05_11\RPI2\streaming\RBW6675_20260511_191810.wav
  wav3: C:\Pi_loc\05_11\RPI3\streaming\SAW2624_20260511_191810.wav
------------------------------------------------------------------------------------------
after import data
C:\ProgramData\Anaconda3\envs\Console\Lib\site-packages\scipy\interpolate\_interpolate.py:497: RuntimeWarning: invalid value encountered in divide
  slope = (y_hi - y_lo) / (x_hi - x_lo)[:, None]
------------------------------------------------------------------------------------------
[Est_pos child] RUN FAILED: 20260511_191832_543043
[Est_pos child] Error: ValueError('Różne długości s1 i s2: 64000 vs 32000')
[Est_pos child] Traceback:
Traceback (most recent call last):
  File "C:\Code\ZOPBSP_Console\Est_pos\estimate_pos_runner.py", line 120, in main
    result = estimate_pos(
             ^^^^^^^^^^^^^
  File "C:\Code\ZOPBSP_Console\Est_pos\Estimator_pos.py", line 137, in estimate_pos
    tdoa13_1hz_m = tdoa(s1_raw, s3_raw)
                   ^^^^^^^^^^^^^^^^^^^^
  File "C:\Code\ZOPBSP_Console\Est_pos\Estimator_pos.py", line 134, in tdoa
    return compute_tdoa_1hz(s1, s2, fs, c, epsilon, k, len_sig, jump_sig, low_cut, high_cut)
           ^^^^^^^^^^^^^^^^^^^^^^^^^^^^^^^^^^^^^^^^^^^^^^^^^^^^^^^^^^^^^^^^^^^^^^^^^^^^^^^^^
  File "tdoa_cython.pyx", line 137, in tdoa_cython.compute_tdoa_1hz
ValueError: Różne długości s1 i s2: 64000 vs 32000

==========================================================================================

[Est_pos parent] Run finished: 20260511_191832_543043
[Est_pos parent] Return code: 1
[Est_pos parent] JSON exists: True

[Est_pos parent] PYTHON FAILURE IN CHILD: 20260511_191832_543043
[Est_pos parent] Error: ValueError('Różne długości s1 i s2: 64000 vs 32000')
[Est_pos parent] Traceback:
Traceback (most recent call last):
  File "C:\Code\ZOPBSP_Console\Est_pos\estimate_pos_runner.py", line 120, in main
    result = estimate_pos(
             ^^^^^^^^^^^^^
  File "C:\Code\ZOPBSP_Console\Est_pos\Estimator_pos.py", line 137, in estimate_pos
    tdoa13_1hz_m = tdoa(s1_raw, s3_raw)
                   ^^^^^^^^^^^^^^^^^^^^
  File "C:\Code\ZOPBSP_Console\Est_pos\Estimator_pos.py", line 134, in tdoa
    return compute_tdoa_1hz(s1, s2, fs, c, epsilon, k, len_sig, jump_sig, low_cut, high_cut)
           ^^^^^^^^^^^^^^^^^^^^^^^^^^^^^^^^^^^^^^^^^^^^^^^^^^^^^^^^^^^^^^^^^^^^^^^^^^^^^^^^^
  File "tdoa_cython.pyx", line 137, in tdoa_cython.compute_tdoa_1hz
ValueError: Różne długości s1 i s2: 64000 vs 32000

----------------------------------------------------------------------------------------------------

----------------------------------------------------------------------------------------------------
[Est_pos parent] Starting run: 20260511_191853_709847
[Est_pos parent] Time: 2026-05-11 19:18:53.711862
[Est_pos parent] Command:
  C:\ProgramData\Anaconda3\envs\Console\python.exe -u -m Est_pos.estimate_pos_runner --out C:\Users\Dell\AppData\Local\Temp\zopbsp_estpos_st0ejafg\estpos_result.json --session-log logs\estpos_subprocess\estpos_session_20260511_190502.log --run-id 20260511_191853_709847 C:\Pi_loc\05_11\RPI1\gps\GPS_RPI1_20260511_191820_Hydro_6673.txt C:\Pi_loc\05_11\RPI2\gps\GPS_RPI2_20260511_191820_Hydro_6675.txt C:\Pi_loc\05_11\RPI2\gps\GPS_RPI2_20260511_191820_Hydro_6675.txt C:\Pi_loc\05_11\RPI1\streaming\RBW6673_20260511_191820.wav C:\Pi_loc\05_11\RPI2\streaming\RBW6675_20260511_191820.wav C:\Pi_loc\05_11\RPI3\streaming\SAW2624_20260511_191820.wav
[Est_pos parent] Working directory:
  C:\Code\ZOPBSP_Console
----------------------------------------------------------------------------------------------------

==========================================================================================
[Est_pos child] RUN START: 20260511_191853_709847
[Est_pos child] Time: 2026-05-11 19:18:54.022079
[Est_pos child] Input files:
  gps1: C:\Pi_loc\05_11\RPI1\gps\GPS_RPI1_20260511_191820_Hydro_6673.txt
  gps2: C:\Pi_loc\05_11\RPI2\gps\GPS_RPI2_20260511_191820_Hydro_6675.txt
  gps3: C:\Pi_loc\05_11\RPI2\gps\GPS_RPI2_20260511_191820_Hydro_6675.txt
  wav1: C:\Pi_loc\05_11\RPI1\streaming\RBW6673_20260511_191820.wav
  wav2: C:\Pi_loc\05_11\RPI2\streaming\RBW6675_20260511_191820.wav
  wav3: C:\Pi_loc\05_11\RPI3\streaming\SAW2624_20260511_191820.wav
------------------------------------------------------------------------------------------
after import data
C:\ProgramData\Anaconda3\envs\Console\Lib\site-packages\scipy\interpolate\_interpolate.py:497: RuntimeWarning: invalid value encountered in divide
  slope = (y_hi - y_lo) / (x_hi - x_lo)[:, None]
------------------------------------------------------------------------------------------
[Est_pos child] RUN FAILED: 20260511_191853_709847
[Est_pos child] Error: ValueError('Różne długości s1 i s2: 64000 vs 32000')
[Est_pos child] Traceback:
Traceback (most recent call last):
  File "C:\Code\ZOPBSP_Console\Est_pos\estimate_pos_runner.py", line 120, in main
    result = estimate_pos(
             ^^^^^^^^^^^^^
  File "C:\Code\ZOPBSP_Console\Est_pos\Estimator_pos.py", line 137, in estimate_pos
    tdoa13_1hz_m = tdoa(s1_raw, s3_raw)
                   ^^^^^^^^^^^^^^^^^^^^
  File "C:\Code\ZOPBSP_Console\Est_pos\Estimator_pos.py", line 134, in tdoa
    return compute_tdoa_1hz(s1, s2, fs, c, epsilon, k, len_sig, jump_sig, low_cut, high_cut)
           ^^^^^^^^^^^^^^^^^^^^^^^^^^^^^^^^^^^^^^^^^^^^^^^^^^^^^^^^^^^^^^^^^^^^^^^^^^^^^^^^^
  File "tdoa_cython.pyx", line 137, in tdoa_cython.compute_tdoa_1hz
ValueError: Różne długości s1 i s2: 64000 vs 32000

==========================================================================================

[Est_pos parent] Run finished: 20260511_191853_709847
[Est_pos parent] Return code: 1
[Est_pos parent] JSON exists: True

[Est_pos parent] PYTHON FAILURE IN CHILD: 20260511_191853_709847
[Est_pos parent] Error: ValueError('Różne długości s1 i s2: 64000 vs 32000')
[Est_pos parent] Traceback:
Traceback (most recent call last):
  File "C:\Code\ZOPBSP_Console\Est_pos\estimate_pos_runner.py", line 120, in main
    result = estimate_pos(
             ^^^^^^^^^^^^^
  File "C:\Code\ZOPBSP_Console\Est_pos\Estimator_pos.py", line 137, in estimate_pos
    tdoa13_1hz_m = tdoa(s1_raw, s3_raw)
                   ^^^^^^^^^^^^^^^^^^^^
  File "C:\Code\ZOPBSP_Console\Est_pos\Estimator_pos.py", line 134, in tdoa
    return compute_tdoa_1hz(s1, s2, fs, c, epsilon, k, len_sig, jump_sig, low_cut, high_cut)
           ^^^^^^^^^^^^^^^^^^^^^^^^^^^^^^^^^^^^^^^^^^^^^^^^^^^^^^^^^^^^^^^^^^^^^^^^^^^^^^^^^
  File "tdoa_cython.pyx", line 137, in tdoa_cython.compute_tdoa_1hz
ValueError: Różne długości s1 i s2: 64000 vs 32000

----------------------------------------------------------------------------------------------------

----------------------------------------------------------------------------------------------------
[Est_pos parent] Starting run: 20260511_191857_816798
[Est_pos parent] Time: 2026-05-11 19:18:57.818812
[Est_pos parent] Command:
  C:\ProgramData\Anaconda3\envs\Console\python.exe -u -m Est_pos.estimate_pos_runner --out C:\Users\Dell\AppData\Local\Temp\zopbsp_estpos_v3tpe8g3\estpos_result.json --session-log logs\estpos_subprocess\estpos_session_20260511_190502.log --run-id 20260511_191857_816798 C:\Pi_loc\05_11\RPI1\gps\GPS_RPI1_20260511_191830_Hydro_6673.txt C:\Pi_loc\05_11\RPI2\gps\GPS_RPI2_20260511_191830_Hydro_6675.txt C:\Pi_loc\05_11\RPI2\gps\GPS_RPI2_20260511_191830_Hydro_6675.txt C:\Pi_loc\05_11\RPI1\streaming\RBW6673_20260511_191830.wav C:\Pi_loc\05_11\RPI2\streaming\RBW6675_20260511_191830.wav C:\Pi_loc\05_11\RPI3\streaming\SAW2624_20260511_191830.wav
[Est_pos parent] Working directory:
  C:\Code\ZOPBSP_Console
----------------------------------------------------------------------------------------------------

==========================================================================================
[Est_pos child] RUN START: 20260511_191857_816798
[Est_pos child] Time: 2026-05-11 19:18:58.068713
[Est_pos child] Input files:
  gps1: C:\Pi_loc\05_11\RPI1\gps\GPS_RPI1_20260511_191830_Hydro_6673.txt
  gps2: C:\Pi_loc\05_11\RPI2\gps\GPS_RPI2_20260511_191830_Hydro_6675.txt
  gps3: C:\Pi_loc\05_11\RPI2\gps\GPS_RPI2_20260511_191830_Hydro_6675.txt
  wav1: C:\Pi_loc\05_11\RPI1\streaming\RBW6673_20260511_191830.wav
  wav2: C:\Pi_loc\05_11\RPI2\streaming\RBW6675_20260511_191830.wav
  wav3: C:\Pi_loc\05_11\RPI3\streaming\SAW2624_20260511_191830.wav
------------------------------------------------------------------------------------------
after import data
C:\ProgramData\Anaconda3\envs\Console\Lib\site-packages\scipy\interpolate\_interpolate.py:497: RuntimeWarning: invalid value encountered in divide
  slope = (y_hi - y_lo) / (x_hi - x_lo)[:, None]
------------------------------------------------------------------------------------------
[Est_pos child] RUN FAILED: 20260511_191857_816798
[Est_pos child] Error: ValueError('Różne długości s1 i s2: 64000 vs 32000')
[Est_pos child] Traceback:
Traceback (most recent call last):
  File "C:\Code\ZOPBSP_Console\Est_pos\estimate_pos_runner.py", line 120, in main
    result = estimate_pos(
             ^^^^^^^^^^^^^
  File "C:\Code\ZOPBSP_Console\Est_pos\Estimator_pos.py", line 137, in estimate_pos
    tdoa13_1hz_m = tdoa(s1_raw, s3_raw)
                   ^^^^^^^^^^^^^^^^^^^^
  File "C:\Code\ZOPBSP_Console\Est_pos\Estimator_pos.py", line 134, in tdoa
    return compute_tdoa_1hz(s1, s2, fs, c, epsilon, k, len_sig, jump_sig, low_cut, high_cut)
           ^^^^^^^^^^^^^^^^^^^^^^^^^^^^^^^^^^^^^^^^^^^^^^^^^^^^^^^^^^^^^^^^^^^^^^^^^^^^^^^^^
  File "tdoa_cython.pyx", line 137, in tdoa_cython.compute_tdoa_1hz
ValueError: Różne długości s1 i s2: 64000 vs 32000

==========================================================================================

[Est_pos parent] Run finished: 20260511_191857_816798
[Est_pos parent] Return code: 1
[Est_pos parent] JSON exists: True

[Est_pos parent] PYTHON FAILURE IN CHILD: 20260511_191857_816798
[Est_pos parent] Error: ValueError('Różne długości s1 i s2: 64000 vs 32000')
[Est_pos parent] Traceback:
Traceback (most recent call last):
  File "C:\Code\ZOPBSP_Console\Est_pos\estimate_pos_runner.py", line 120, in main
    result = estimate_pos(
             ^^^^^^^^^^^^^
  File "C:\Code\ZOPBSP_Console\Est_pos\Estimator_pos.py", line 137, in estimate_pos
    tdoa13_1hz_m = tdoa(s1_raw, s3_raw)
                   ^^^^^^^^^^^^^^^^^^^^
  File "C:\Code\ZOPBSP_Console\Est_pos\Estimator_pos.py", line 134, in tdoa
    return compute_tdoa_1hz(s1, s2, fs, c, epsilon, k, len_sig, jump_sig, low_cut, high_cut)
           ^^^^^^^^^^^^^^^^^^^^^^^^^^^^^^^^^^^^^^^^^^^^^^^^^^^^^^^^^^^^^^^^^^^^^^^^^^^^^^^^^
  File "tdoa_cython.pyx", line 137, in tdoa_cython.compute_tdoa_1hz
ValueError: Różne długości s1 i s2: 64000 vs 32000

----------------------------------------------------------------------------------------------------

----------------------------------------------------------------------------------------------------
[Est_pos parent] Starting run: 20260511_191908_637181
[Est_pos parent] Time: 2026-05-11 19:19:08.641182
[Est_pos parent] Command:
  C:\ProgramData\Anaconda3\envs\Console\python.exe -u -m Est_pos.estimate_pos_runner --out C:\Users\Dell\AppData\Local\Temp\zopbsp_estpos__ub5py7s\estpos_result.json --session-log logs\estpos_subprocess\estpos_session_20260511_190502.log --run-id 20260511_191908_637181 C:\Pi_loc\05_11\RPI1\gps\GPS_RPI1_20260511_191840_Hydro_6673.txt C:\Pi_loc\05_11\RPI2\gps\GPS_RPI2_20260511_191840_Hydro_6675.txt C:\Pi_loc\05_11\RPI2\gps\GPS_RPI2_20260511_191840_Hydro_6675.txt C:\Pi_loc\05_11\RPI1\streaming\RBW6673_20260511_191840.wav C:\Pi_loc\05_11\RPI2\streaming\RBW6675_20260511_191840.wav C:\Pi_loc\05_11\RPI3\streaming\SAW2624_20260511_191840.wav
[Est_pos parent] Working directory:
  C:\Code\ZOPBSP_Console
----------------------------------------------------------------------------------------------------

==========================================================================================
[Est_pos child] RUN START: 20260511_191908_637181
[Est_pos child] Time: 2026-05-11 19:19:08.895356
[Est_pos child] Input files:
  gps1: C:\Pi_loc\05_11\RPI1\gps\GPS_RPI1_20260511_191840_Hydro_6673.txt
  gps2: C:\Pi_loc\05_11\RPI2\gps\GPS_RPI2_20260511_191840_Hydro_6675.txt
  gps3: C:\Pi_loc\05_11\RPI2\gps\GPS_RPI2_20260511_191840_Hydro_6675.txt
  wav1: C:\Pi_loc\05_11\RPI1\streaming\RBW6673_20260511_191840.wav
  wav2: C:\Pi_loc\05_11\RPI2\streaming\RBW6675_20260511_191840.wav
  wav3: C:\Pi_loc\05_11\RPI3\streaming\SAW2624_20260511_191840.wav
------------------------------------------------------------------------------------------
after import data
C:\ProgramData\Anaconda3\envs\Console\Lib\site-packages\scipy\interpolate\_interpolate.py:497: RuntimeWarning: invalid value encountered in divide
  slope = (y_hi - y_lo) / (x_hi - x_lo)[:, None]
------------------------------------------------------------------------------------------
[Est_pos child] RUN FAILED: 20260511_191908_637181
[Est_pos child] Error: ValueError('Różne długości s1 i s2: 64000 vs 32000')
[Est_pos child] Traceback:
Traceback (most recent call last):
  File "C:\Code\ZOPBSP_Console\Est_pos\estimate_pos_runner.py", line 120, in main
    result = estimate_pos(
             ^^^^^^^^^^^^^
  File "C:\Code\ZOPBSP_Console\Est_pos\Estimator_pos.py", line 137, in estimate_pos
    tdoa13_1hz_m = tdoa(s1_raw, s3_raw)
                   ^^^^^^^^^^^^^^^^^^^^
  File "C:\Code\ZOPBSP_Console\Est_pos\Estimator_pos.py", line 134, in tdoa
    return compute_tdoa_1hz(s1, s2, fs, c, epsilon, k, len_sig, jump_sig, low_cut, high_cut)
           ^^^^^^^^^^^^^^^^^^^^^^^^^^^^^^^^^^^^^^^^^^^^^^^^^^^^^^^^^^^^^^^^^^^^^^^^^^^^^^^^^
  File "tdoa_cython.pyx", line 137, in tdoa_cython.compute_tdoa_1hz
ValueError: Różne długości s1 i s2: 64000 vs 32000

==========================================================================================

[Est_pos parent] Run finished: 20260511_191908_637181
[Est_pos parent] Return code: 1
[Est_pos parent] JSON exists: True

[Est_pos parent] PYTHON FAILURE IN CHILD: 20260511_191908_637181
[Est_pos parent] Error: ValueError('Różne długości s1 i s2: 64000 vs 32000')
[Est_pos parent] Traceback:
Traceback (most recent call last):
  File "C:\Code\ZOPBSP_Console\Est_pos\estimate_pos_runner.py", line 120, in main
    result = estimate_pos(
             ^^^^^^^^^^^^^
  File "C:\Code\ZOPBSP_Console\Est_pos\Estimator_pos.py", line 137, in estimate_pos
    tdoa13_1hz_m = tdoa(s1_raw, s3_raw)
                   ^^^^^^^^^^^^^^^^^^^^
  File "C:\Code\ZOPBSP_Console\Est_pos\Estimator_pos.py", line 134, in tdoa
    return compute_tdoa_1hz(s1, s2, fs, c, epsilon, k, len_sig, jump_sig, low_cut, high_cut)
           ^^^^^^^^^^^^^^^^^^^^^^^^^^^^^^^^^^^^^^^^^^^^^^^^^^^^^^^^^^^^^^^^^^^^^^^^^^^^^^^^^
  File "tdoa_cython.pyx", line 137, in tdoa_cython.compute_tdoa_1hz
ValueError: Różne długości s1 i s2: 64000 vs 32000

----------------------------------------------------------------------------------------------------

----------------------------------------------------------------------------------------------------
[Est_pos parent] Starting run: 20260511_191916_788985
[Est_pos parent] Time: 2026-05-11 19:19:16.798802
[Est_pos parent] Command:
  C:\ProgramData\Anaconda3\envs\Console\python.exe -u -m Est_pos.estimate_pos_runner --out C:\Users\Dell\AppData\Local\Temp\zopbsp_estpos_yzm7lhen\estpos_result.json --session-log logs\estpos_subprocess\estpos_session_20260511_190502.log --run-id 20260511_191916_788985 C:\Pi_loc\05_11\RPI1\gps\GPS_RPI1_20260511_191850_Hydro_6673.txt C:\Pi_loc\05_11\RPI2\gps\GPS_RPI2_20260511_191850_Hydro_6675.txt C:\Pi_loc\05_11\RPI2\gps\GPS_RPI2_20260511_191850_Hydro_6675.txt C:\Pi_loc\05_11\RPI1\streaming\RBW6673_20260511_191850.wav C:\Pi_loc\05_11\RPI2\streaming\RBW6675_20260511_191850.wav C:\Pi_loc\05_11\RPI3\streaming\SAW2624_20260511_191850.wav
[Est_pos parent] Working directory:
  C:\Code\ZOPBSP_Console
----------------------------------------------------------------------------------------------------

==========================================================================================
[Est_pos child] RUN START: 20260511_191916_788985
[Est_pos child] Time: 2026-05-11 19:19:17.075966
[Est_pos child] Input files:
  gps1: C:\Pi_loc\05_11\RPI1\gps\GPS_RPI1_20260511_191850_Hydro_6673.txt
  gps2: C:\Pi_loc\05_11\RPI2\gps\GPS_RPI2_20260511_191850_Hydro_6675.txt
  gps3: C:\Pi_loc\05_11\RPI2\gps\GPS_RPI2_20260511_191850_Hydro_6675.txt
  wav1: C:\Pi_loc\05_11\RPI1\streaming\RBW6673_20260511_191850.wav
  wav2: C:\Pi_loc\05_11\RPI2\streaming\RBW6675_20260511_191850.wav
  wav3: C:\Pi_loc\05_11\RPI3\streaming\SAW2624_20260511_191850.wav
------------------------------------------------------------------------------------------
after import data
C:\ProgramData\Anaconda3\envs\Console\Lib\site-packages\scipy\interpolate\_interpolate.py:497: RuntimeWarning: invalid value encountered in divide
  slope = (y_hi - y_lo) / (x_hi - x_lo)[:, None]
------------------------------------------------------------------------------------------
[Est_pos child] RUN FAILED: 20260511_191916_788985
[Est_pos child] Error: ValueError('Różne długości s1 i s2: 64000 vs 32000')
[Est_pos child] Traceback:
Traceback (most recent call last):
  File "C:\Code\ZOPBSP_Console\Est_pos\estimate_pos_runner.py", line 120, in main
    result = estimate_pos(
             ^^^^^^^^^^^^^
  File "C:\Code\ZOPBSP_Console\Est_pos\Estimator_pos.py", line 137, in estimate_pos
    tdoa13_1hz_m = tdoa(s1_raw, s3_raw)
                   ^^^^^^^^^^^^^^^^^^^^
  File "C:\Code\ZOPBSP_Console\Est_pos\Estimator_pos.py", line 134, in tdoa
    return compute_tdoa_1hz(s1, s2, fs, c, epsilon, k, len_sig, jump_sig, low_cut, high_cut)
           ^^^^^^^^^^^^^^^^^^^^^^^^^^^^^^^^^^^^^^^^^^^^^^^^^^^^^^^^^^^^^^^^^^^^^^^^^^^^^^^^^
  File "tdoa_cython.pyx", line 137, in tdoa_cython.compute_tdoa_1hz
ValueError: Różne długości s1 i s2: 64000 vs 32000

==========================================================================================

[Est_pos parent] Run finished: 20260511_191916_788985
[Est_pos parent] Return code: 1
[Est_pos parent] JSON exists: True

[Est_pos parent] PYTHON FAILURE IN CHILD: 20260511_191916_788985
[Est_pos parent] Error: ValueError('Różne długości s1 i s2: 64000 vs 32000')
[Est_pos parent] Traceback:
Traceback (most recent call last):
  File "C:\Code\ZOPBSP_Console\Est_pos\estimate_pos_runner.py", line 120, in main
    result = estimate_pos(
             ^^^^^^^^^^^^^
  File "C:\Code\ZOPBSP_Console\Est_pos\Estimator_pos.py", line 137, in estimate_pos
    tdoa13_1hz_m = tdoa(s1_raw, s3_raw)
                   ^^^^^^^^^^^^^^^^^^^^
  File "C:\Code\ZOPBSP_Console\Est_pos\Estimator_pos.py", line 134, in tdoa
    return compute_tdoa_1hz(s1, s2, fs, c, epsilon, k, len_sig, jump_sig, low_cut, high_cut)
           ^^^^^^^^^^^^^^^^^^^^^^^^^^^^^^^^^^^^^^^^^^^^^^^^^^^^^^^^^^^^^^^^^^^^^^^^^^^^^^^^^
  File "tdoa_cython.pyx", line 137, in tdoa_cython.compute_tdoa_1hz
ValueError: Różne długości s1 i s2: 64000 vs 32000

----------------------------------------------------------------------------------------------------

----------------------------------------------------------------------------------------------------
[Est_pos parent] Starting run: 20260511_191936_434453
[Est_pos parent] Time: 2026-05-11 19:19:36.437453
[Est_pos parent] Command:
  C:\ProgramData\Anaconda3\envs\Console\python.exe -u -m Est_pos.estimate_pos_runner --out C:\Users\Dell\AppData\Local\Temp\zopbsp_estpos_2nh_7y9a\estpos_result.json --session-log logs\estpos_subprocess\estpos_session_20260511_190502.log --run-id 20260511_191936_434453 C:\Pi_loc\05_11\RPI1\gps\GPS_RPI1_20260511_191900_Hydro_6673.txt C:\Pi_loc\05_11\RPI2\gps\GPS_RPI2_20260511_191900_Hydro_6675.txt C:\Pi_loc\05_11\RPI2\gps\GPS_RPI2_20260511_191900_Hydro_6675.txt C:\Pi_loc\05_11\RPI1\streaming\RBW6673_20260511_191900.wav C:\Pi_loc\05_11\RPI2\streaming\RBW6675_20260511_191900.wav C:\Pi_loc\05_11\RPI3\streaming\SAW2624_20260511_191900.wav
[Est_pos parent] Working directory:
  C:\Code\ZOPBSP_Console
----------------------------------------------------------------------------------------------------

==========================================================================================
[Est_pos child] RUN START: 20260511_191936_434453
[Est_pos child] Time: 2026-05-11 19:19:36.736616
[Est_pos child] Input files:
  gps1: C:\Pi_loc\05_11\RPI1\gps\GPS_RPI1_20260511_191900_Hydro_6673.txt
  gps2: C:\Pi_loc\05_11\RPI2\gps\GPS_RPI2_20260511_191900_Hydro_6675.txt
  gps3: C:\Pi_loc\05_11\RPI2\gps\GPS_RPI2_20260511_191900_Hydro_6675.txt
  wav1: C:\Pi_loc\05_11\RPI1\streaming\RBW6673_20260511_191900.wav
  wav2: C:\Pi_loc\05_11\RPI2\streaming\RBW6675_20260511_191900.wav
  wav3: C:\Pi_loc\05_11\RPI3\streaming\SAW2624_20260511_191900.wav
------------------------------------------------------------------------------------------
after import data
C:\ProgramData\Anaconda3\envs\Console\Lib\site-packages\scipy\interpolate\_interpolate.py:497: RuntimeWarning: invalid value encountered in divide
  slope = (y_hi - y_lo) / (x_hi - x_lo)[:, None]
------------------------------------------------------------------------------------------
[Est_pos child] RUN FAILED: 20260511_191936_434453
[Est_pos child] Error: ValueError('Różne długości s1 i s2: 64000 vs 32000')
[Est_pos child] Traceback:
Traceback (most recent call last):
  File "C:\Code\ZOPBSP_Console\Est_pos\estimate_pos_runner.py", line 120, in main
    result = estimate_pos(
             ^^^^^^^^^^^^^
  File "C:\Code\ZOPBSP_Console\Est_pos\Estimator_pos.py", line 137, in estimate_pos
    tdoa13_1hz_m = tdoa(s1_raw, s3_raw)
                   ^^^^^^^^^^^^^^^^^^^^
  File "C:\Code\ZOPBSP_Console\Est_pos\Estimator_pos.py", line 134, in tdoa
    return compute_tdoa_1hz(s1, s2, fs, c, epsilon, k, len_sig, jump_sig, low_cut, high_cut)
           ^^^^^^^^^^^^^^^^^^^^^^^^^^^^^^^^^^^^^^^^^^^^^^^^^^^^^^^^^^^^^^^^^^^^^^^^^^^^^^^^^
  File "tdoa_cython.pyx", line 137, in tdoa_cython.compute_tdoa_1hz
ValueError: Różne długości s1 i s2: 64000 vs 32000

==========================================================================================

[Est_pos parent] Run finished: 20260511_191936_434453
[Est_pos parent] Return code: 1
[Est_pos parent] JSON exists: True

[Est_pos parent] PYTHON FAILURE IN CHILD: 20260511_191936_434453
[Est_pos parent] Error: ValueError('Różne długości s1 i s2: 64000 vs 32000')
[Est_pos parent] Traceback:
Traceback (most recent call last):
  File "C:\Code\ZOPBSP_Console\Est_pos\estimate_pos_runner.py", line 120, in main
    result = estimate_pos(
             ^^^^^^^^^^^^^
  File "C:\Code\ZOPBSP_Console\Est_pos\Estimator_pos.py", line 137, in estimate_pos
    tdoa13_1hz_m = tdoa(s1_raw, s3_raw)
                   ^^^^^^^^^^^^^^^^^^^^
  File "C:\Code\ZOPBSP_Console\Est_pos\Estimator_pos.py", line 134, in tdoa
    return compute_tdoa_1hz(s1, s2, fs, c, epsilon, k, len_sig, jump_sig, low_cut, high_cut)
           ^^^^^^^^^^^^^^^^^^^^^^^^^^^^^^^^^^^^^^^^^^^^^^^^^^^^^^^^^^^^^^^^^^^^^^^^^^^^^^^^^
  File "tdoa_cython.pyx", line 137, in tdoa_cython.compute_tdoa_1hz
ValueError: Różne długości s1 i s2: 64000 vs 32000

----------------------------------------------------------------------------------------------------

----------------------------------------------------------------------------------------------------
[Est_pos parent] Starting run: 20260511_191946_766569
[Est_pos parent] Time: 2026-05-11 19:19:46.768328
[Est_pos parent] Command:
  C:\ProgramData\Anaconda3\envs\Console\python.exe -u -m Est_pos.estimate_pos_runner --out C:\Users\Dell\AppData\Local\Temp\zopbsp_estpos_r03m655g\estpos_result.json --session-log logs\estpos_subprocess\estpos_session_20260511_190502.log --run-id 20260511_191946_766569 C:\Pi_loc\05_11\RPI1\gps\GPS_RPI1_20260511_191910_Hydro_6673.txt C:\Pi_loc\05_11_01\RPI2\gps\GPS_RPI2_20260511_191910_Hydro_6675.txt C:\Pi_loc\05_11_01\RPI2\gps\GPS_RPI2_20260511_191910_Hydro_6675.txt C:\Pi_loc\05_11\RPI1\streaming\RBW6673_20260511_191910.wav C:\Pi_loc\05_11\RPI2\streaming\RBW6675_20260511_191910.wav C:\Pi_loc\05_11_01\RPI3\streaming\SAW2624_20260511_191910.wav
[Est_pos parent] Working directory:
  C:\Code\ZOPBSP_Console
----------------------------------------------------------------------------------------------------

==========================================================================================
[Est_pos child] RUN START: 20260511_191946_766569
[Est_pos child] Time: 2026-05-11 19:19:47.067806
[Est_pos child] Input files:
  gps1: C:\Pi_loc\05_11\RPI1\gps\GPS_RPI1_20260511_191910_Hydro_6673.txt
  gps2: C:\Pi_loc\05_11_01\RPI2\gps\GPS_RPI2_20260511_191910_Hydro_6675.txt
  gps3: C:\Pi_loc\05_11_01\RPI2\gps\GPS_RPI2_20260511_191910_Hydro_6675.txt
  wav1: C:\Pi_loc\05_11\RPI1\streaming\RBW6673_20260511_191910.wav
  wav2: C:\Pi_loc\05_11\RPI2\streaming\RBW6675_20260511_191910.wav
  wav3: C:\Pi_loc\05_11_01\RPI3\streaming\SAW2624_20260511_191910.wav
------------------------------------------------------------------------------------------
after import data
C:\ProgramData\Anaconda3\envs\Console\Lib\site-packages\scipy\interpolate\_interpolate.py:497: RuntimeWarning: invalid value encountered in divide
  slope = (y_hi - y_lo) / (x_hi - x_lo)[:, None]
------------------------------------------------------------------------------------------
[Est_pos child] RUN FAILED: 20260511_191946_766569
[Est_pos child] Error: ValueError('Różne długości s1 i s2: 64000 vs 32000')
[Est_pos child] Traceback:
Traceback (most recent call last):
  File "C:\Code\ZOPBSP_Console\Est_pos\estimate_pos_runner.py", line 120, in main
    result = estimate_pos(
             ^^^^^^^^^^^^^
  File "C:\Code\ZOPBSP_Console\Est_pos\Estimator_pos.py", line 137, in estimate_pos
    tdoa13_1hz_m = tdoa(s1_raw, s3_raw)
                   ^^^^^^^^^^^^^^^^^^^^
  File "C:\Code\ZOPBSP_Console\Est_pos\Estimator_pos.py", line 134, in tdoa
    return compute_tdoa_1hz(s1, s2, fs, c, epsilon, k, len_sig, jump_sig, low_cut, high_cut)
           ^^^^^^^^^^^^^^^^^^^^^^^^^^^^^^^^^^^^^^^^^^^^^^^^^^^^^^^^^^^^^^^^^^^^^^^^^^^^^^^^^
  File "tdoa_cython.pyx", line 137, in tdoa_cython.compute_tdoa_1hz
ValueError: Różne długości s1 i s2: 64000 vs 32000

==========================================================================================

[Est_pos parent] Run finished: 20260511_191946_766569
[Est_pos parent] Return code: 1
[Est_pos parent] JSON exists: True

[Est_pos parent] PYTHON FAILURE IN CHILD: 20260511_191946_766569
[Est_pos parent] Error: ValueError('Różne długości s1 i s2: 64000 vs 32000')
[Est_pos parent] Traceback:
Traceback (most recent call last):
  File "C:\Code\ZOPBSP_Console\Est_pos\estimate_pos_runner.py", line 120, in main
    result = estimate_pos(
             ^^^^^^^^^^^^^
  File "C:\Code\ZOPBSP_Console\Est_pos\Estimator_pos.py", line 137, in estimate_pos
    tdoa13_1hz_m = tdoa(s1_raw, s3_raw)
                   ^^^^^^^^^^^^^^^^^^^^
  File "C:\Code\ZOPBSP_Console\Est_pos\Estimator_pos.py", line 134, in tdoa
    return compute_tdoa_1hz(s1, s2, fs, c, epsilon, k, len_sig, jump_sig, low_cut, high_cut)
           ^^^^^^^^^^^^^^^^^^^^^^^^^^^^^^^^^^^^^^^^^^^^^^^^^^^^^^^^^^^^^^^^^^^^^^^^^^^^^^^^^
  File "tdoa_cython.pyx", line 137, in tdoa_cython.compute_tdoa_1hz
ValueError: Różne długości s1 i s2: 64000 vs 32000

----------------------------------------------------------------------------------------------------

----------------------------------------------------------------------------------------------------
[Est_pos parent] Starting run: 20260511_191950_647683
[Est_pos parent] Time: 2026-05-11 19:19:50.649701
[Est_pos parent] Command:
  C:\ProgramData\Anaconda3\envs\Console\python.exe -u -m Est_pos.estimate_pos_runner --out C:\Users\Dell\AppData\Local\Temp\zopbsp_estpos_nmxpck_0\estpos_result.json --session-log logs\estpos_subprocess\estpos_session_20260511_190502.log --run-id 20260511_191950_647683 C:\Pi_loc\05_11_01\RPI1\gps\GPS_RPI1_20260511_191920_Hydro_6673.txt C:\Pi_loc\05_11_01\RPI2\gps\GPS_RPI2_20260511_191920_Hydro_6675.txt C:\Pi_loc\05_11_01\RPI2\gps\GPS_RPI2_20260511_191920_Hydro_6675.txt C:\Pi_loc\05_11_01\RPI1\streaming\RBW6673_20260511_191920.wav C:\Pi_loc\05_11_01\RPI2\streaming\RBW6675_20260511_191920.wav C:\Pi_loc\05_11_01\RPI3\streaming\SAW2624_20260511_191920.wav
[Est_pos parent] Working directory:
  C:\Code\ZOPBSP_Console
----------------------------------------------------------------------------------------------------

==========================================================================================
[Est_pos child] RUN START: 20260511_191950_647683
[Est_pos child] Time: 2026-05-11 19:19:50.906817
[Est_pos child] Input files:
  gps1: C:\Pi_loc\05_11_01\RPI1\gps\GPS_RPI1_20260511_191920_Hydro_6673.txt
  gps2: C:\Pi_loc\05_11_01\RPI2\gps\GPS_RPI2_20260511_191920_Hydro_6675.txt
  gps3: C:\Pi_loc\05_11_01\RPI2\gps\GPS_RPI2_20260511_191920_Hydro_6675.txt
  wav1: C:\Pi_loc\05_11_01\RPI1\streaming\RBW6673_20260511_191920.wav
  wav2: C:\Pi_loc\05_11_01\RPI2\streaming\RBW6675_20260511_191920.wav
  wav3: C:\Pi_loc\05_11_01\RPI3\streaming\SAW2624_20260511_191920.wav
------------------------------------------------------------------------------------------
after import data
C:\ProgramData\Anaconda3\envs\Console\Lib\site-packages\scipy\interpolate\_interpolate.py:497: RuntimeWarning: invalid value encountered in divide
  slope = (y_hi - y_lo) / (x_hi - x_lo)[:, None]
------------------------------------------------------------------------------------------
[Est_pos child] RUN FAILED: 20260511_191950_647683
[Est_pos child] Error: ValueError('Różne długości s1 i s2: 64000 vs 32000')
[Est_pos child] Traceback:
Traceback (most recent call last):
  File "C:\Code\ZOPBSP_Console\Est_pos\estimate_pos_runner.py", line 120, in main
    result = estimate_pos(
             ^^^^^^^^^^^^^
  File "C:\Code\ZOPBSP_Console\Est_pos\Estimator_pos.py", line 137, in estimate_pos
    tdoa13_1hz_m = tdoa(s1_raw, s3_raw)
                   ^^^^^^^^^^^^^^^^^^^^
  File "C:\Code\ZOPBSP_Console\Est_pos\Estimator_pos.py", line 134, in tdoa
    return compute_tdoa_1hz(s1, s2, fs, c, epsilon, k, len_sig, jump_sig, low_cut, high_cut)
           ^^^^^^^^^^^^^^^^^^^^^^^^^^^^^^^^^^^^^^^^^^^^^^^^^^^^^^^^^^^^^^^^^^^^^^^^^^^^^^^^^
  File "tdoa_cython.pyx", line 137, in tdoa_cython.compute_tdoa_1hz
ValueError: Różne długości s1 i s2: 64000 vs 32000

==========================================================================================

[Est_pos parent] Run finished: 20260511_191950_647683
[Est_pos parent] Return code: 1
[Est_pos parent] JSON exists: True

[Est_pos parent] PYTHON FAILURE IN CHILD: 20260511_191950_647683
[Est_pos parent] Error: ValueError('Różne długości s1 i s2: 64000 vs 32000')
[Est_pos parent] Traceback:
Traceback (most recent call last):
  File "C:\Code\ZOPBSP_Console\Est_pos\estimate_pos_runner.py", line 120, in main
    result = estimate_pos(
             ^^^^^^^^^^^^^
  File "C:\Code\ZOPBSP_Console\Est_pos\Estimator_pos.py", line 137, in estimate_pos
    tdoa13_1hz_m = tdoa(s1_raw, s3_raw)
                   ^^^^^^^^^^^^^^^^^^^^
  File "C:\Code\ZOPBSP_Console\Est_pos\Estimator_pos.py", line 134, in tdoa
    return compute_tdoa_1hz(s1, s2, fs, c, epsilon, k, len_sig, jump_sig, low_cut, high_cut)
           ^^^^^^^^^^^^^^^^^^^^^^^^^^^^^^^^^^^^^^^^^^^^^^^^^^^^^^^^^^^^^^^^^^^^^^^^^^^^^^^^^
  File "tdoa_cython.pyx", line 137, in tdoa_cython.compute_tdoa_1hz
ValueError: Różne długości s1 i s2: 64000 vs 32000

----------------------------------------------------------------------------------------------------

----------------------------------------------------------------------------------------------------
[Est_pos parent] Starting run: 20260511_192006_372088
[Est_pos parent] Time: 2026-05-11 19:20:06.376121
[Est_pos parent] Command:
  C:\ProgramData\Anaconda3\envs\Console\python.exe -u -m Est_pos.estimate_pos_runner --out C:\Users\Dell\AppData\Local\Temp\zopbsp_estpos_wv11y48e\estpos_result.json --session-log logs\estpos_subprocess\estpos_session_20260511_190502.log --run-id 20260511_192006_372088 C:\Pi_loc\05_11_01\RPI1\gps\GPS_RPI1_20260511_191930_Hydro_6673.txt C:\Pi_loc\05_11_01\RPI2\gps\GPS_RPI2_20260511_191930_Hydro_6675.txt C:\Pi_loc\05_11_01\RPI2\gps\GPS_RPI2_20260511_191930_Hydro_6675.txt C:\Pi_loc\05_11_01\RPI1\streaming\RBW6673_20260511_191930.wav C:\Pi_loc\05_11_01\RPI2\streaming\RBW6675_20260511_191930.wav C:\Pi_loc\05_11_01\RPI3\streaming\SAW2624_20260511_191930.wav
[Est_pos parent] Working directory:
  C:\Code\ZOPBSP_Console
----------------------------------------------------------------------------------------------------

==========================================================================================
[Est_pos child] RUN START: 20260511_192006_372088
[Est_pos child] Time: 2026-05-11 19:20:06.693932
[Est_pos child] Input files:
  gps1: C:\Pi_loc\05_11_01\RPI1\gps\GPS_RPI1_20260511_191930_Hydro_6673.txt
  gps2: C:\Pi_loc\05_11_01\RPI2\gps\GPS_RPI2_20260511_191930_Hydro_6675.txt
  gps3: C:\Pi_loc\05_11_01\RPI2\gps\GPS_RPI2_20260511_191930_Hydro_6675.txt
  wav1: C:\Pi_loc\05_11_01\RPI1\streaming\RBW6673_20260511_191930.wav
  wav2: C:\Pi_loc\05_11_01\RPI2\streaming\RBW6675_20260511_191930.wav
  wav3: C:\Pi_loc\05_11_01\RPI3\streaming\SAW2624_20260511_191930.wav
------------------------------------------------------------------------------------------
after import data
C:\ProgramData\Anaconda3\envs\Console\Lib\site-packages\scipy\interpolate\_interpolate.py:497: RuntimeWarning: invalid value encountered in divide
  slope = (y_hi - y_lo) / (x_hi - x_lo)[:, None]
------------------------------------------------------------------------------------------
[Est_pos child] RUN FAILED: 20260511_192006_372088
[Est_pos child] Error: ValueError('Różne długości s1 i s2: 64000 vs 32000')
[Est_pos child] Traceback:
Traceback (most recent call last):
  File "C:\Code\ZOPBSP_Console\Est_pos\estimate_pos_runner.py", line 120, in main
    result = estimate_pos(
             ^^^^^^^^^^^^^
  File "C:\Code\ZOPBSP_Console\Est_pos\Estimator_pos.py", line 137, in estimate_pos
    tdoa13_1hz_m = tdoa(s1_raw, s3_raw)
                   ^^^^^^^^^^^^^^^^^^^^
  File "C:\Code\ZOPBSP_Console\Est_pos\Estimator_pos.py", line 134, in tdoa
    return compute_tdoa_1hz(s1, s2, fs, c, epsilon, k, len_sig, jump_sig, low_cut, high_cut)
           ^^^^^^^^^^^^^^^^^^^^^^^^^^^^^^^^^^^^^^^^^^^^^^^^^^^^^^^^^^^^^^^^^^^^^^^^^^^^^^^^^
  File "tdoa_cython.pyx", line 137, in tdoa_cython.compute_tdoa_1hz
ValueError: Różne długości s1 i s2: 64000 vs 32000

==========================================================================================

[Est_pos parent] Run finished: 20260511_192006_372088
[Est_pos parent] Return code: 1
[Est_pos parent] JSON exists: True

[Est_pos parent] PYTHON FAILURE IN CHILD: 20260511_192006_372088
[Est_pos parent] Error: ValueError('Różne długości s1 i s2: 64000 vs 32000')
[Est_pos parent] Traceback:
Traceback (most recent call last):
  File "C:\Code\ZOPBSP_Console\Est_pos\estimate_pos_runner.py", line 120, in main
    result = estimate_pos(
             ^^^^^^^^^^^^^
  File "C:\Code\ZOPBSP_Console\Est_pos\Estimator_pos.py", line 137, in estimate_pos
    tdoa13_1hz_m = tdoa(s1_raw, s3_raw)
                   ^^^^^^^^^^^^^^^^^^^^
  File "C:\Code\ZOPBSP_Console\Est_pos\Estimator_pos.py", line 134, in tdoa
    return compute_tdoa_1hz(s1, s2, fs, c, epsilon, k, len_sig, jump_sig, low_cut, high_cut)
           ^^^^^^^^^^^^^^^^^^^^^^^^^^^^^^^^^^^^^^^^^^^^^^^^^^^^^^^^^^^^^^^^^^^^^^^^^^^^^^^^^
  File "tdoa_cython.pyx", line 137, in tdoa_cython.compute_tdoa_1hz
ValueError: Różne długości s1 i s2: 64000 vs 32000

----------------------------------------------------------------------------------------------------

----------------------------------------------------------------------------------------------------
[Est_pos parent] Starting run: 20260511_192016_742338
[Est_pos parent] Time: 2026-05-11 19:20:16.746365
[Est_pos parent] Command:
  C:\ProgramData\Anaconda3\envs\Console\python.exe -u -m Est_pos.estimate_pos_runner --out C:\Users\Dell\AppData\Local\Temp\zopbsp_estpos_76913jx5\estpos_result.json --session-log logs\estpos_subprocess\estpos_session_20260511_190502.log --run-id 20260511_192016_742338 C:\Pi_loc\05_11_01\RPI1\gps\GPS_RPI1_20260511_191950_Hydro_6673.txt C:\Pi_loc\05_11_01\RPI2\gps\GPS_RPI2_20260511_191950_Hydro_6675.txt C:\Pi_loc\05_11_01\RPI2\gps\GPS_RPI2_20260511_191950_Hydro_6675.txt C:\Pi_loc\05_11_01\RPI1\streaming\RBW6673_20260511_191950.wav C:\Pi_loc\05_11_01\RPI2\streaming\RBW6675_20260511_191950.wav C:\Pi_loc\05_11_01\RPI3\streaming\SAW2624_20260511_191950.wav
[Est_pos parent] Working directory:
  C:\Code\ZOPBSP_Console
----------------------------------------------------------------------------------------------------

==========================================================================================
[Est_pos child] RUN START: 20260511_192016_742338
[Est_pos child] Time: 2026-05-11 19:20:17.047405
[Est_pos child] Input files:
  gps1: C:\Pi_loc\05_11_01\RPI1\gps\GPS_RPI1_20260511_191950_Hydro_6673.txt
  gps2: C:\Pi_loc\05_11_01\RPI2\gps\GPS_RPI2_20260511_191950_Hydro_6675.txt
  gps3: C:\Pi_loc\05_11_01\RPI2\gps\GPS_RPI2_20260511_191950_Hydro_6675.txt
  wav1: C:\Pi_loc\05_11_01\RPI1\streaming\RBW6673_20260511_191950.wav
  wav2: C:\Pi_loc\05_11_01\RPI2\streaming\RBW6675_20260511_191950.wav
  wav3: C:\Pi_loc\05_11_01\RPI3\streaming\SAW2624_20260511_191950.wav
------------------------------------------------------------------------------------------
after import data
C:\ProgramData\Anaconda3\envs\Console\Lib\site-packages\scipy\interpolate\_interpolate.py:497: RuntimeWarning: invalid value encountered in divide
  slope = (y_hi - y_lo) / (x_hi - x_lo)[:, None]
------------------------------------------------------------------------------------------
[Est_pos child] RUN FAILED: 20260511_192016_742338
[Est_pos child] Error: ValueError('Różne długości s1 i s2: 64000 vs 32000')
[Est_pos child] Traceback:
Traceback (most recent call last):
  File "C:\Code\ZOPBSP_Console\Est_pos\estimate_pos_runner.py", line 120, in main
    result = estimate_pos(
             ^^^^^^^^^^^^^
  File "C:\Code\ZOPBSP_Console\Est_pos\Estimator_pos.py", line 137, in estimate_pos
    tdoa13_1hz_m = tdoa(s1_raw, s3_raw)
                   ^^^^^^^^^^^^^^^^^^^^
  File "C:\Code\ZOPBSP_Console\Est_pos\Estimator_pos.py", line 134, in tdoa
    return compute_tdoa_1hz(s1, s2, fs, c, epsilon, k, len_sig, jump_sig, low_cut, high_cut)
           ^^^^^^^^^^^^^^^^^^^^^^^^^^^^^^^^^^^^^^^^^^^^^^^^^^^^^^^^^^^^^^^^^^^^^^^^^^^^^^^^^
  File "tdoa_cython.pyx", line 137, in tdoa_cython.compute_tdoa_1hz
ValueError: Różne długości s1 i s2: 64000 vs 32000

==========================================================================================

[Est_pos parent] Run finished: 20260511_192016_742338
[Est_pos parent] Return code: 1
[Est_pos parent] JSON exists: True

[Est_pos parent] PYTHON FAILURE IN CHILD: 20260511_192016_742338
[Est_pos parent] Error: ValueError('Różne długości s1 i s2: 64000 vs 32000')
[Est_pos parent] Traceback:
Traceback (most recent call last):
  File "C:\Code\ZOPBSP_Console\Est_pos\estimate_pos_runner.py", line 120, in main
    result = estimate_pos(
             ^^^^^^^^^^^^^
  File "C:\Code\ZOPBSP_Console\Est_pos\Estimator_pos.py", line 137, in estimate_pos
    tdoa13_1hz_m = tdoa(s1_raw, s3_raw)
                   ^^^^^^^^^^^^^^^^^^^^
  File "C:\Code\ZOPBSP_Console\Est_pos\Estimator_pos.py", line 134, in tdoa
    return compute_tdoa_1hz(s1, s2, fs, c, epsilon, k, len_sig, jump_sig, low_cut, high_cut)
           ^^^^^^^^^^^^^^^^^^^^^^^^^^^^^^^^^^^^^^^^^^^^^^^^^^^^^^^^^^^^^^^^^^^^^^^^^^^^^^^^^
  File "tdoa_cython.pyx", line 137, in tdoa_cython.compute_tdoa_1hz
ValueError: Różne długości s1 i s2: 64000 vs 32000

----------------------------------------------------------------------------------------------------

----------------------------------------------------------------------------------------------------
[Est_pos parent] Starting run: 20260511_192020_878749
[Est_pos parent] Time: 2026-05-11 19:20:20.880761
[Est_pos parent] Command:
  C:\ProgramData\Anaconda3\envs\Console\python.exe -u -m Est_pos.estimate_pos_runner --out C:\Users\Dell\AppData\Local\Temp\zopbsp_estpos_qi50ojnx\estpos_result.json --session-log logs\estpos_subprocess\estpos_session_20260511_190502.log --run-id 20260511_192020_878749 C:\Pi_loc\05_11_01\RPI1\gps\GPS_RPI1_20260511_191940_Hydro_6673.txt C:\Pi_loc\05_11_01\RPI2\gps\GPS_RPI2_20260511_191940_Hydro_6675.txt C:\Pi_loc\05_11_01\RPI2\gps\GPS_RPI2_20260511_191940_Hydro_6675.txt C:\Pi_loc\05_11_01\RPI1\streaming\RBW6673_20260511_191940.wav C:\Pi_loc\05_11_01\RPI2\streaming\RBW6675_20260511_191940.wav C:\Pi_loc\05_11_01\RPI3\streaming\SAW2624_20260511_191940.wav
[Est_pos parent] Working directory:
  C:\Code\ZOPBSP_Console
----------------------------------------------------------------------------------------------------

==========================================================================================
[Est_pos child] RUN START: 20260511_192020_878749
[Est_pos child] Time: 2026-05-11 19:20:21.126107
[Est_pos child] Input files:
  gps1: C:\Pi_loc\05_11_01\RPI1\gps\GPS_RPI1_20260511_191940_Hydro_6673.txt
  gps2: C:\Pi_loc\05_11_01\RPI2\gps\GPS_RPI2_20260511_191940_Hydro_6675.txt
  gps3: C:\Pi_loc\05_11_01\RPI2\gps\GPS_RPI2_20260511_191940_Hydro_6675.txt
  wav1: C:\Pi_loc\05_11_01\RPI1\streaming\RBW6673_20260511_191940.wav
  wav2: C:\Pi_loc\05_11_01\RPI2\streaming\RBW6675_20260511_191940.wav
  wav3: C:\Pi_loc\05_11_01\RPI3\streaming\SAW2624_20260511_191940.wav
------------------------------------------------------------------------------------------
after import data
C:\ProgramData\Anaconda3\envs\Console\Lib\site-packages\scipy\interpolate\_interpolate.py:497: RuntimeWarning: invalid value encountered in divide
  slope = (y_hi - y_lo) / (x_hi - x_lo)[:, None]
------------------------------------------------------------------------------------------
[Est_pos child] RUN FAILED: 20260511_192020_878749
[Est_pos child] Error: ValueError('Różne długości s1 i s2: 64000 vs 32000')
[Est_pos child] Traceback:
Traceback (most recent call last):
  File "C:\Code\ZOPBSP_Console\Est_pos\estimate_pos_runner.py", line 120, in main
    result = estimate_pos(
             ^^^^^^^^^^^^^
  File "C:\Code\ZOPBSP_Console\Est_pos\Estimator_pos.py", line 137, in estimate_pos
    tdoa13_1hz_m = tdoa(s1_raw, s3_raw)
                   ^^^^^^^^^^^^^^^^^^^^
  File "C:\Code\ZOPBSP_Console\Est_pos\Estimator_pos.py", line 134, in tdoa
    return compute_tdoa_1hz(s1, s2, fs, c, epsilon, k, len_sig, jump_sig, low_cut, high_cut)
           ^^^^^^^^^^^^^^^^^^^^^^^^^^^^^^^^^^^^^^^^^^^^^^^^^^^^^^^^^^^^^^^^^^^^^^^^^^^^^^^^^
  File "tdoa_cython.pyx", line 137, in tdoa_cython.compute_tdoa_1hz
ValueError: Różne długości s1 i s2: 64000 vs 32000

==========================================================================================

[Est_pos parent] Run finished: 20260511_192020_878749
[Est_pos parent] Return code: 1
[Est_pos parent] JSON exists: True

[Est_pos parent] PYTHON FAILURE IN CHILD: 20260511_192020_878749
[Est_pos parent] Error: ValueError('Różne długości s1 i s2: 64000 vs 32000')
[Est_pos parent] Traceback:
Traceback (most recent call last):
  File "C:\Code\ZOPBSP_Console\Est_pos\estimate_pos_runner.py", line 120, in main
    result = estimate_pos(
             ^^^^^^^^^^^^^
  File "C:\Code\ZOPBSP_Console\Est_pos\Estimator_pos.py", line 137, in estimate_pos
    tdoa13_1hz_m = tdoa(s1_raw, s3_raw)
                   ^^^^^^^^^^^^^^^^^^^^
  File "C:\Code\ZOPBSP_Console\Est_pos\Estimator_pos.py", line 134, in tdoa
    return compute_tdoa_1hz(s1, s2, fs, c, epsilon, k, len_sig, jump_sig, low_cut, high_cut)
           ^^^^^^^^^^^^^^^^^^^^^^^^^^^^^^^^^^^^^^^^^^^^^^^^^^^^^^^^^^^^^^^^^^^^^^^^^^^^^^^^^
  File "tdoa_cython.pyx", line 137, in tdoa_cython.compute_tdoa_1hz
ValueError: Różne długości s1 i s2: 64000 vs 32000

----------------------------------------------------------------------------------------------------

----------------------------------------------------------------------------------------------------
[Est_pos parent] Starting run: 20260511_192035_855993
[Est_pos parent] Time: 2026-05-11 19:20:35.858009
[Est_pos parent] Command:
  C:\ProgramData\Anaconda3\envs\Console\python.exe -u -m Est_pos.estimate_pos_runner --out C:\Users\Dell\AppData\Local\Temp\zopbsp_estpos_a9u0wlrt\estpos_result.json --session-log logs\estpos_subprocess\estpos_session_20260511_190502.log --run-id 20260511_192035_855993 C:\Pi_loc\05_11_01\RPI1\gps\GPS_RPI1_20260511_192000_Hydro_6673.txt C:\Pi_loc\05_11_01\RPI2\gps\GPS_RPI2_20260511_192000_Hydro_6675.txt C:\Pi_loc\05_11_01\RPI2\gps\GPS_RPI2_20260511_192000_Hydro_6675.txt C:\Pi_loc\05_11_01\RPI1\streaming\RBW6673_20260511_192000.wav C:\Pi_loc\05_11_01\RPI2\streaming\RBW6675_20260511_192000.wav C:\Pi_loc\05_11_01\RPI3\streaming\SAW2624_20260511_192000.wav
[Est_pos parent] Working directory:
  C:\Code\ZOPBSP_Console
----------------------------------------------------------------------------------------------------

==========================================================================================
[Est_pos child] RUN START: 20260511_192035_855993
[Est_pos child] Time: 2026-05-11 19:20:36.146841
[Est_pos child] Input files:
  gps1: C:\Pi_loc\05_11_01\RPI1\gps\GPS_RPI1_20260511_192000_Hydro_6673.txt
  gps2: C:\Pi_loc\05_11_01\RPI2\gps\GPS_RPI2_20260511_192000_Hydro_6675.txt
  gps3: C:\Pi_loc\05_11_01\RPI2\gps\GPS_RPI2_20260511_192000_Hydro_6675.txt
  wav1: C:\Pi_loc\05_11_01\RPI1\streaming\RBW6673_20260511_192000.wav
  wav2: C:\Pi_loc\05_11_01\RPI2\streaming\RBW6675_20260511_192000.wav
  wav3: C:\Pi_loc\05_11_01\RPI3\streaming\SAW2624_20260511_192000.wav
------------------------------------------------------------------------------------------
after import data
C:\ProgramData\Anaconda3\envs\Console\Lib\site-packages\scipy\interpolate\_interpolate.py:497: RuntimeWarning: invalid value encountered in divide
  slope = (y_hi - y_lo) / (x_hi - x_lo)[:, None]
------------------------------------------------------------------------------------------
[Est_pos child] RUN FAILED: 20260511_192035_855993
[Est_pos child] Error: ValueError('Różne długości s1 i s2: 64000 vs 32000')
[Est_pos child] Traceback:
Traceback (most recent call last):
  File "C:\Code\ZOPBSP_Console\Est_pos\estimate_pos_runner.py", line 120, in main
    result = estimate_pos(
             ^^^^^^^^^^^^^
  File "C:\Code\ZOPBSP_Console\Est_pos\Estimator_pos.py", line 137, in estimate_pos
    tdoa13_1hz_m = tdoa(s1_raw, s3_raw)
                   ^^^^^^^^^^^^^^^^^^^^
  File "C:\Code\ZOPBSP_Console\Est_pos\Estimator_pos.py", line 134, in tdoa
    return compute_tdoa_1hz(s1, s2, fs, c, epsilon, k, len_sig, jump_sig, low_cut, high_cut)
           ^^^^^^^^^^^^^^^^^^^^^^^^^^^^^^^^^^^^^^^^^^^^^^^^^^^^^^^^^^^^^^^^^^^^^^^^^^^^^^^^^
  File "tdoa_cython.pyx", line 137, in tdoa_cython.compute_tdoa_1hz
ValueError: Różne długości s1 i s2: 64000 vs 32000

==========================================================================================

[Est_pos parent] Run finished: 20260511_192035_855993
[Est_pos parent] Return code: 1
[Est_pos parent] JSON exists: True

[Est_pos parent] PYTHON FAILURE IN CHILD: 20260511_192035_855993
[Est_pos parent] Error: ValueError('Różne długości s1 i s2: 64000 vs 32000')
[Est_pos parent] Traceback:
Traceback (most recent call last):
  File "C:\Code\ZOPBSP_Console\Est_pos\estimate_pos_runner.py", line 120, in main
    result = estimate_pos(
             ^^^^^^^^^^^^^
  File "C:\Code\ZOPBSP_Console\Est_pos\Estimator_pos.py", line 137, in estimate_pos
    tdoa13_1hz_m = tdoa(s1_raw, s3_raw)
                   ^^^^^^^^^^^^^^^^^^^^
  File "C:\Code\ZOPBSP_Console\Est_pos\Estimator_pos.py", line 134, in tdoa
    return compute_tdoa_1hz(s1, s2, fs, c, epsilon, k, len_sig, jump_sig, low_cut, high_cut)
           ^^^^^^^^^^^^^^^^^^^^^^^^^^^^^^^^^^^^^^^^^^^^^^^^^^^^^^^^^^^^^^^^^^^^^^^^^^^^^^^^^
  File "tdoa_cython.pyx", line 137, in tdoa_cython.compute_tdoa_1hz
ValueError: Różne długości s1 i s2: 64000 vs 32000

----------------------------------------------------------------------------------------------------

----------------------------------------------------------------------------------------------------
[Est_pos parent] Starting run: 20260511_192046_139070
[Est_pos parent] Time: 2026-05-11 19:20:46.139070
[Est_pos parent] Command:
  C:\ProgramData\Anaconda3\envs\Console\python.exe -u -m Est_pos.estimate_pos_runner --out C:\Users\Dell\AppData\Local\Temp\zopbsp_estpos_g9d47w5l\estpos_result.json --session-log logs\estpos_subprocess\estpos_session_20260511_190502.log --run-id 20260511_192046_139070 C:\Pi_loc\05_11_01\RPI1\gps\GPS_RPI1_20260511_192010_Hydro_6673.txt C:\Pi_loc\05_11_01\RPI2\gps\GPS_RPI2_20260511_192010_Hydro_6675.txt C:\Pi_loc\05_11_01\RPI2\gps\GPS_RPI2_20260511_192010_Hydro_6675.txt C:\Pi_loc\05_11_01\RPI1\streaming\RBW6673_20260511_192010.wav C:\Pi_loc\05_11_01\RPI2\streaming\RBW6675_20260511_192010.wav C:\Pi_loc\05_11_01\RPI3\streaming\SAW2624_20260511_192010.wav
[Est_pos parent] Working directory:
  C:\Code\ZOPBSP_Console
----------------------------------------------------------------------------------------------------

==========================================================================================
[Est_pos child] RUN START: 20260511_192046_139070
[Est_pos child] Time: 2026-05-11 19:20:46.433903
[Est_pos child] Input files:
  gps1: C:\Pi_loc\05_11_01\RPI1\gps\GPS_RPI1_20260511_192010_Hydro_6673.txt
  gps2: C:\Pi_loc\05_11_01\RPI2\gps\GPS_RPI2_20260511_192010_Hydro_6675.txt
  gps3: C:\Pi_loc\05_11_01\RPI2\gps\GPS_RPI2_20260511_192010_Hydro_6675.txt
  wav1: C:\Pi_loc\05_11_01\RPI1\streaming\RBW6673_20260511_192010.wav
  wav2: C:\Pi_loc\05_11_01\RPI2\streaming\RBW6675_20260511_192010.wav
  wav3: C:\Pi_loc\05_11_01\RPI3\streaming\SAW2624_20260511_192010.wav
------------------------------------------------------------------------------------------
after import data
C:\ProgramData\Anaconda3\envs\Console\Lib\site-packages\scipy\interpolate\_interpolate.py:497: RuntimeWarning: invalid value encountered in divide
  slope = (y_hi - y_lo) / (x_hi - x_lo)[:, None]
------------------------------------------------------------------------------------------
[Est_pos child] RUN FAILED: 20260511_192046_139070
[Est_pos child] Error: ValueError('Różne długości s1 i s2: 64000 vs 32000')
[Est_pos child] Traceback:
Traceback (most recent call last):
  File "C:\Code\ZOPBSP_Console\Est_pos\estimate_pos_runner.py", line 120, in main
    result = estimate_pos(
             ^^^^^^^^^^^^^
  File "C:\Code\ZOPBSP_Console\Est_pos\Estimator_pos.py", line 137, in estimate_pos
    tdoa13_1hz_m = tdoa(s1_raw, s3_raw)
                   ^^^^^^^^^^^^^^^^^^^^
  File "C:\Code\ZOPBSP_Console\Est_pos\Estimator_pos.py", line 134, in tdoa
    return compute_tdoa_1hz(s1, s2, fs, c, epsilon, k, len_sig, jump_sig, low_cut, high_cut)
           ^^^^^^^^^^^^^^^^^^^^^^^^^^^^^^^^^^^^^^^^^^^^^^^^^^^^^^^^^^^^^^^^^^^^^^^^^^^^^^^^^
  File "tdoa_cython.pyx", line 137, in tdoa_cython.compute_tdoa_1hz
ValueError: Różne długości s1 i s2: 64000 vs 32000

==========================================================================================

[Est_pos parent] Run finished: 20260511_192046_139070
[Est_pos parent] Return code: 1
[Est_pos parent] JSON exists: True

[Est_pos parent] PYTHON FAILURE IN CHILD: 20260511_192046_139070
[Est_pos parent] Error: ValueError('Różne długości s1 i s2: 64000 vs 32000')
[Est_pos parent] Traceback:
Traceback (most recent call last):
  File "C:\Code\ZOPBSP_Console\Est_pos\estimate_pos_runner.py", line 120, in main
    result = estimate_pos(
             ^^^^^^^^^^^^^
  File "C:\Code\ZOPBSP_Console\Est_pos\Estimator_pos.py", line 137, in estimate_pos
    tdoa13_1hz_m = tdoa(s1_raw, s3_raw)
                   ^^^^^^^^^^^^^^^^^^^^
  File "C:\Code\ZOPBSP_Console\Est_pos\Estimator_pos.py", line 134, in tdoa
    return compute_tdoa_1hz(s1, s2, fs, c, epsilon, k, len_sig, jump_sig, low_cut, high_cut)
           ^^^^^^^^^^^^^^^^^^^^^^^^^^^^^^^^^^^^^^^^^^^^^^^^^^^^^^^^^^^^^^^^^^^^^^^^^^^^^^^^^
  File "tdoa_cython.pyx", line 137, in tdoa_cython.compute_tdoa_1hz
ValueError: Różne długości s1 i s2: 64000 vs 32000

----------------------------------------------------------------------------------------------------

----------------------------------------------------------------------------------------------------
[Est_pos parent] Starting run: 20260511_192050_335395
[Est_pos parent] Time: 2026-05-11 19:20:50.335395
[Est_pos parent] Command:
  C:\ProgramData\Anaconda3\envs\Console\python.exe -u -m Est_pos.estimate_pos_runner --out C:\Users\Dell\AppData\Local\Temp\zopbsp_estpos_9fj6uhl6\estpos_result.json --session-log logs\estpos_subprocess\estpos_session_20260511_190502.log --run-id 20260511_192050_335395 C:\Pi_loc\05_11_01\RPI1\gps\GPS_RPI1_20260511_192020_Hydro_6673.txt C:\Pi_loc\05_11_01\RPI2\gps\GPS_RPI2_20260511_192020_Hydro_6675.txt C:\Pi_loc\05_11_01\RPI2\gps\GPS_RPI2_20260511_192020_Hydro_6675.txt C:\Pi_loc\05_11_01\RPI1\streaming\RBW6673_20260511_192020.wav C:\Pi_loc\05_11_01\RPI2\streaming\RBW6675_20260511_192020.wav C:\Pi_loc\05_11_01\RPI3\streaming\SAW2624_20260511_192020.wav
[Est_pos parent] Working directory:
  C:\Code\ZOPBSP_Console
----------------------------------------------------------------------------------------------------

==========================================================================================
[Est_pos child] RUN START: 20260511_192050_335395
[Est_pos child] Time: 2026-05-11 19:20:50.588414
[Est_pos child] Input files:
  gps1: C:\Pi_loc\05_11_01\RPI1\gps\GPS_RPI1_20260511_192020_Hydro_6673.txt
  gps2: C:\Pi_loc\05_11_01\RPI2\gps\GPS_RPI2_20260511_192020_Hydro_6675.txt
  gps3: C:\Pi_loc\05_11_01\RPI2\gps\GPS_RPI2_20260511_192020_Hydro_6675.txt
  wav1: C:\Pi_loc\05_11_01\RPI1\streaming\RBW6673_20260511_192020.wav
  wav2: C:\Pi_loc\05_11_01\RPI2\streaming\RBW6675_20260511_192020.wav
  wav3: C:\Pi_loc\05_11_01\RPI3\streaming\SAW2624_20260511_192020.wav
------------------------------------------------------------------------------------------
after import data
C:\ProgramData\Anaconda3\envs\Console\Lib\site-packages\scipy\interpolate\_interpolate.py:497: RuntimeWarning: invalid value encountered in divide
  slope = (y_hi - y_lo) / (x_hi - x_lo)[:, None]
------------------------------------------------------------------------------------------
[Est_pos child] RUN FAILED: 20260511_192050_335395
[Est_pos child] Error: ValueError('Różne długości s1 i s2: 64000 vs 32000')
[Est_pos child] Traceback:
Traceback (most recent call last):
  File "C:\Code\ZOPBSP_Console\Est_pos\estimate_pos_runner.py", line 120, in main
    result = estimate_pos(
             ^^^^^^^^^^^^^
  File "C:\Code\ZOPBSP_Console\Est_pos\Estimator_pos.py", line 137, in estimate_pos
    tdoa13_1hz_m = tdoa(s1_raw, s3_raw)
                   ^^^^^^^^^^^^^^^^^^^^
  File "C:\Code\ZOPBSP_Console\Est_pos\Estimator_pos.py", line 134, in tdoa
    return compute_tdoa_1hz(s1, s2, fs, c, epsilon, k, len_sig, jump_sig, low_cut, high_cut)
           ^^^^^^^^^^^^^^^^^^^^^^^^^^^^^^^^^^^^^^^^^^^^^^^^^^^^^^^^^^^^^^^^^^^^^^^^^^^^^^^^^
  File "tdoa_cython.pyx", line 137, in tdoa_cython.compute_tdoa_1hz
ValueError: Różne długości s1 i s2: 64000 vs 32000

==========================================================================================

[Est_pos parent] Run finished: 20260511_192050_335395
[Est_pos parent] Return code: 1
[Est_pos parent] JSON exists: True

[Est_pos parent] PYTHON FAILURE IN CHILD: 20260511_192050_335395
[Est_pos parent] Error: ValueError('Różne długości s1 i s2: 64000 vs 32000')
[Est_pos parent] Traceback:
Traceback (most recent call last):
  File "C:\Code\ZOPBSP_Console\Est_pos\estimate_pos_runner.py", line 120, in main
    result = estimate_pos(
             ^^^^^^^^^^^^^
  File "C:\Code\ZOPBSP_Console\Est_pos\Estimator_pos.py", line 137, in estimate_pos
    tdoa13_1hz_m = tdoa(s1_raw, s3_raw)
                   ^^^^^^^^^^^^^^^^^^^^
  File "C:\Code\ZOPBSP_Console\Est_pos\Estimator_pos.py", line 134, in tdoa
    return compute_tdoa_1hz(s1, s2, fs, c, epsilon, k, len_sig, jump_sig, low_cut, high_cut)
           ^^^^^^^^^^^^^^^^^^^^^^^^^^^^^^^^^^^^^^^^^^^^^^^^^^^^^^^^^^^^^^^^^^^^^^^^^^^^^^^^^
  File "tdoa_cython.pyx", line 137, in tdoa_cython.compute_tdoa_1hz
ValueError: Różne długości s1 i s2: 64000 vs 32000

----------------------------------------------------------------------------------------------------

----------------------------------------------------------------------------------------------------
[Est_pos parent] Starting run: 20260511_192059_401069
[Est_pos parent] Time: 2026-05-11 19:20:59.409307
[Est_pos parent] Command:
  C:\ProgramData\Anaconda3\envs\Console\python.exe -u -m Est_pos.estimate_pos_runner --out C:\Users\Dell\AppData\Local\Temp\zopbsp_estpos_m6isrbb4\estpos_result.json --session-log logs\estpos_subprocess\estpos_session_20260511_190502.log --run-id 20260511_192059_401069 C:\Pi_loc\05_11_01\RPI1\gps\GPS_RPI1_20260511_192030_Hydro_6673.txt C:\Pi_loc\05_11_01\RPI2\gps\GPS_RPI2_20260511_192030_Hydro_6675.txt C:\Pi_loc\05_11_01\RPI2\gps\GPS_RPI2_20260511_192030_Hydro_6675.txt C:\Pi_loc\05_11_01\RPI1\streaming\RBW6673_20260511_192030.wav C:\Pi_loc\05_11_01\RPI2\streaming\RBW6675_20260511_192030.wav C:\Pi_loc\05_11_01\RPI3\streaming\SAW2624_20260511_192030.wav
[Est_pos parent] Working directory:
  C:\Code\ZOPBSP_Console
----------------------------------------------------------------------------------------------------

==========================================================================================
[Est_pos child] RUN START: 20260511_192059_401069
[Est_pos child] Time: 2026-05-11 19:20:59.699146
[Est_pos child] Input files:
  gps1: C:\Pi_loc\05_11_01\RPI1\gps\GPS_RPI1_20260511_192030_Hydro_6673.txt
  gps2: C:\Pi_loc\05_11_01\RPI2\gps\GPS_RPI2_20260511_192030_Hydro_6675.txt
  gps3: C:\Pi_loc\05_11_01\RPI2\gps\GPS_RPI2_20260511_192030_Hydro_6675.txt
  wav1: C:\Pi_loc\05_11_01\RPI1\streaming\RBW6673_20260511_192030.wav
  wav2: C:\Pi_loc\05_11_01\RPI2\streaming\RBW6675_20260511_192030.wav
  wav3: C:\Pi_loc\05_11_01\RPI3\streaming\SAW2624_20260511_192030.wav
------------------------------------------------------------------------------------------
after import data
C:\ProgramData\Anaconda3\envs\Console\Lib\site-packages\scipy\interpolate\_interpolate.py:497: RuntimeWarning: invalid value encountered in divide
  slope = (y_hi - y_lo) / (x_hi - x_lo)[:, None]
------------------------------------------------------------------------------------------
[Est_pos child] RUN FAILED: 20260511_192059_401069
[Est_pos child] Error: ValueError('Różne długości s1 i s2: 64000 vs 32000')
[Est_pos child] Traceback:
Traceback (most recent call last):
  File "C:\Code\ZOPBSP_Console\Est_pos\estimate_pos_runner.py", line 120, in main
    result = estimate_pos(
             ^^^^^^^^^^^^^
  File "C:\Code\ZOPBSP_Console\Est_pos\Estimator_pos.py", line 137, in estimate_pos
    tdoa13_1hz_m = tdoa(s1_raw, s3_raw)
                   ^^^^^^^^^^^^^^^^^^^^
  File "C:\Code\ZOPBSP_Console\Est_pos\Estimator_pos.py", line 134, in tdoa
    return compute_tdoa_1hz(s1, s2, fs, c, epsilon, k, len_sig, jump_sig, low_cut, high_cut)
           ^^^^^^^^^^^^^^^^^^^^^^^^^^^^^^^^^^^^^^^^^^^^^^^^^^^^^^^^^^^^^^^^^^^^^^^^^^^^^^^^^
  File "tdoa_cython.pyx", line 137, in tdoa_cython.compute_tdoa_1hz
ValueError: Różne długości s1 i s2: 64000 vs 32000

==========================================================================================

[Est_pos parent] Run finished: 20260511_192059_401069
[Est_pos parent] Return code: 1
[Est_pos parent] JSON exists: True

[Est_pos parent] PYTHON FAILURE IN CHILD: 20260511_192059_401069
[Est_pos parent] Error: ValueError('Różne długości s1 i s2: 64000 vs 32000')
[Est_pos parent] Traceback:
Traceback (most recent call last):
  File "C:\Code\ZOPBSP_Console\Est_pos\estimate_pos_runner.py", line 120, in main
    result = estimate_pos(
             ^^^^^^^^^^^^^
  File "C:\Code\ZOPBSP_Console\Est_pos\Estimator_pos.py", line 137, in estimate_pos
    tdoa13_1hz_m = tdoa(s1_raw, s3_raw)
                   ^^^^^^^^^^^^^^^^^^^^
  File "C:\Code\ZOPBSP_Console\Est_pos\Estimator_pos.py", line 134, in tdoa
    return compute_tdoa_1hz(s1, s2, fs, c, epsilon, k, len_sig, jump_sig, low_cut, high_cut)
           ^^^^^^^^^^^^^^^^^^^^^^^^^^^^^^^^^^^^^^^^^^^^^^^^^^^^^^^^^^^^^^^^^^^^^^^^^^^^^^^^^
  File "tdoa_cython.pyx", line 137, in tdoa_cython.compute_tdoa_1hz
ValueError: Różne długości s1 i s2: 64000 vs 32000

----------------------------------------------------------------------------------------------------

----------------------------------------------------------------------------------------------------
[Est_pos parent] Starting run: 20260511_192108_233069
[Est_pos parent] Time: 2026-05-11 19:21:08.233069
[Est_pos parent] Command:
  C:\ProgramData\Anaconda3\envs\Console\python.exe -u -m Est_pos.estimate_pos_runner --out C:\Users\Dell\AppData\Local\Temp\zopbsp_estpos__9j8y3w2\estpos_result.json --session-log logs\estpos_subprocess\estpos_session_20260511_190502.log --run-id 20260511_192108_233069 C:\Pi_loc\05_11_01\RPI1\gps\GPS_RPI1_20260511_192040_Hydro_6673.txt C:\Pi_loc\05_11_01\RPI2\gps\GPS_RPI2_20260511_192040_Hydro_6675.txt C:\Pi_loc\05_11_01\RPI2\gps\GPS_RPI2_20260511_192040_Hydro_6675.txt C:\Pi_loc\05_11_01\RPI1\streaming\RBW6673_20260511_192040.wav C:\Pi_loc\05_11_01\RPI2\streaming\RBW6675_20260511_192040.wav C:\Pi_loc\05_11_01\RPI3\streaming\SAW2624_20260511_192040.wav
[Est_pos parent] Working directory:
  C:\Code\ZOPBSP_Console
----------------------------------------------------------------------------------------------------

==========================================================================================
[Est_pos child] RUN START: 20260511_192108_233069
[Est_pos child] Time: 2026-05-11 19:21:08.543374
[Est_pos child] Input files:
  gps1: C:\Pi_loc\05_11_01\RPI1\gps\GPS_RPI1_20260511_192040_Hydro_6673.txt
  gps2: C:\Pi_loc\05_11_01\RPI2\gps\GPS_RPI2_20260511_192040_Hydro_6675.txt
  gps3: C:\Pi_loc\05_11_01\RPI2\gps\GPS_RPI2_20260511_192040_Hydro_6675.txt
  wav1: C:\Pi_loc\05_11_01\RPI1\streaming\RBW6673_20260511_192040.wav
  wav2: C:\Pi_loc\05_11_01\RPI2\streaming\RBW6675_20260511_192040.wav
  wav3: C:\Pi_loc\05_11_01\RPI3\streaming\SAW2624_20260511_192040.wav
------------------------------------------------------------------------------------------
after import data
C:\ProgramData\Anaconda3\envs\Console\Lib\site-packages\scipy\interpolate\_interpolate.py:497: RuntimeWarning: invalid value encountered in divide
  slope = (y_hi - y_lo) / (x_hi - x_lo)[:, None]
------------------------------------------------------------------------------------------
[Est_pos child] RUN FAILED: 20260511_192108_233069
[Est_pos child] Error: ValueError('Różne długości s1 i s2: 64000 vs 32000')
[Est_pos child] Traceback:
Traceback (most recent call last):
  File "C:\Code\ZOPBSP_Console\Est_pos\estimate_pos_runner.py", line 120, in main
    result = estimate_pos(
             ^^^^^^^^^^^^^
  File "C:\Code\ZOPBSP_Console\Est_pos\Estimator_pos.py", line 137, in estimate_pos
    tdoa13_1hz_m = tdoa(s1_raw, s3_raw)
                   ^^^^^^^^^^^^^^^^^^^^
  File "C:\Code\ZOPBSP_Console\Est_pos\Estimator_pos.py", line 134, in tdoa
    return compute_tdoa_1hz(s1, s2, fs, c, epsilon, k, len_sig, jump_sig, low_cut, high_cut)
           ^^^^^^^^^^^^^^^^^^^^^^^^^^^^^^^^^^^^^^^^^^^^^^^^^^^^^^^^^^^^^^^^^^^^^^^^^^^^^^^^^
  File "tdoa_cython.pyx", line 137, in tdoa_cython.compute_tdoa_1hz
ValueError: Różne długości s1 i s2: 64000 vs 32000

==========================================================================================

[Est_pos parent] Run finished: 20260511_192108_233069
[Est_pos parent] Return code: 1
[Est_pos parent] JSON exists: True

[Est_pos parent] PYTHON FAILURE IN CHILD: 20260511_192108_233069
[Est_pos parent] Error: ValueError('Różne długości s1 i s2: 64000 vs 32000')
[Est_pos parent] Traceback:
Traceback (most recent call last):
  File "C:\Code\ZOPBSP_Console\Est_pos\estimate_pos_runner.py", line 120, in main
    result = estimate_pos(
             ^^^^^^^^^^^^^
  File "C:\Code\ZOPBSP_Console\Est_pos\Estimator_pos.py", line 137, in estimate_pos
    tdoa13_1hz_m = tdoa(s1_raw, s3_raw)
                   ^^^^^^^^^^^^^^^^^^^^
  File "C:\Code\ZOPBSP_Console\Est_pos\Estimator_pos.py", line 134, in tdoa
    return compute_tdoa_1hz(s1, s2, fs, c, epsilon, k, len_sig, jump_sig, low_cut, high_cut)
           ^^^^^^^^^^^^^^^^^^^^^^^^^^^^^^^^^^^^^^^^^^^^^^^^^^^^^^^^^^^^^^^^^^^^^^^^^^^^^^^^^
  File "tdoa_cython.pyx", line 137, in tdoa_cython.compute_tdoa_1hz
ValueError: Różne długości s1 i s2: 64000 vs 32000

----------------------------------------------------------------------------------------------------

----------------------------------------------------------------------------------------------------
[Est_pos parent] Starting run: 20260511_192125_882021
[Est_pos parent] Time: 2026-05-11 19:21:25.886790
[Est_pos parent] Command:
  C:\ProgramData\Anaconda3\envs\Console\python.exe -u -m Est_pos.estimate_pos_runner --out C:\Users\Dell\AppData\Local\Temp\zopbsp_estpos_b587u_kb\estpos_result.json --session-log logs\estpos_subprocess\estpos_session_20260511_190502.log --run-id 20260511_192125_882021 C:\Pi_loc\05_11_01\RPI1\gps\GPS_RPI1_20260511_192050_Hydro_6673.txt C:\Pi_loc\05_11_01\RPI2\gps\GPS_RPI2_20260511_192050_Hydro_6675.txt C:\Pi_loc\05_11_01\RPI2\gps\GPS_RPI2_20260511_192050_Hydro_6675.txt C:\Pi_loc\05_11_01\RPI1\streaming\RBW6673_20260511_192050.wav C:\Pi_loc\05_11_01\RPI2\streaming\RBW6675_20260511_192050.wav C:\Pi_loc\05_11_01\RPI3\streaming\SAW2624_20260511_192050.wav
[Est_pos parent] Working directory:
  C:\Code\ZOPBSP_Console
----------------------------------------------------------------------------------------------------

==========================================================================================
[Est_pos child] RUN START: 20260511_192125_882021
[Est_pos child] Time: 2026-05-11 19:21:26.207329
[Est_pos child] Input files:
  gps1: C:\Pi_loc\05_11_01\RPI1\gps\GPS_RPI1_20260511_192050_Hydro_6673.txt
  gps2: C:\Pi_loc\05_11_01\RPI2\gps\GPS_RPI2_20260511_192050_Hydro_6675.txt
  gps3: C:\Pi_loc\05_11_01\RPI2\gps\GPS_RPI2_20260511_192050_Hydro_6675.txt
  wav1: C:\Pi_loc\05_11_01\RPI1\streaming\RBW6673_20260511_192050.wav
  wav2: C:\Pi_loc\05_11_01\RPI2\streaming\RBW6675_20260511_192050.wav
  wav3: C:\Pi_loc\05_11_01\RPI3\streaming\SAW2624_20260511_192050.wav
------------------------------------------------------------------------------------------
after import data
C:\ProgramData\Anaconda3\envs\Console\Lib\site-packages\scipy\interpolate\_interpolate.py:497: RuntimeWarning: invalid value encountered in divide
  slope = (y_hi - y_lo) / (x_hi - x_lo)[:, None]
------------------------------------------------------------------------------------------
[Est_pos child] RUN FAILED: 20260511_192125_882021
[Est_pos child] Error: ValueError('Różne długości s1 i s2: 64000 vs 32000')
[Est_pos child] Traceback:
Traceback (most recent call last):
  File "C:\Code\ZOPBSP_Console\Est_pos\estimate_pos_runner.py", line 120, in main
    result = estimate_pos(
             ^^^^^^^^^^^^^
  File "C:\Code\ZOPBSP_Console\Est_pos\Estimator_pos.py", line 137, in estimate_pos
    tdoa13_1hz_m = tdoa(s1_raw, s3_raw)
                   ^^^^^^^^^^^^^^^^^^^^
  File "C:\Code\ZOPBSP_Console\Est_pos\Estimator_pos.py", line 134, in tdoa
    return compute_tdoa_1hz(s1, s2, fs, c, epsilon, k, len_sig, jump_sig, low_cut, high_cut)
           ^^^^^^^^^^^^^^^^^^^^^^^^^^^^^^^^^^^^^^^^^^^^^^^^^^^^^^^^^^^^^^^^^^^^^^^^^^^^^^^^^
  File "tdoa_cython.pyx", line 137, in tdoa_cython.compute_tdoa_1hz
ValueError: Różne długości s1 i s2: 64000 vs 32000

==========================================================================================

[Est_pos parent] Run finished: 20260511_192125_882021
[Est_pos parent] Return code: 1
[Est_pos parent] JSON exists: True

[Est_pos parent] PYTHON FAILURE IN CHILD: 20260511_192125_882021
[Est_pos parent] Error: ValueError('Różne długości s1 i s2: 64000 vs 32000')
[Est_pos parent] Traceback:
Traceback (most recent call last):
  File "C:\Code\ZOPBSP_Console\Est_pos\estimate_pos_runner.py", line 120, in main
    result = estimate_pos(
             ^^^^^^^^^^^^^
  File "C:\Code\ZOPBSP_Console\Est_pos\Estimator_pos.py", line 137, in estimate_pos
    tdoa13_1hz_m = tdoa(s1_raw, s3_raw)
                   ^^^^^^^^^^^^^^^^^^^^
  File "C:\Code\ZOPBSP_Console\Est_pos\Estimator_pos.py", line 134, in tdoa
    return compute_tdoa_1hz(s1, s2, fs, c, epsilon, k, len_sig, jump_sig, low_cut, high_cut)
           ^^^^^^^^^^^^^^^^^^^^^^^^^^^^^^^^^^^^^^^^^^^^^^^^^^^^^^^^^^^^^^^^^^^^^^^^^^^^^^^^^
  File "tdoa_cython.pyx", line 137, in tdoa_cython.compute_tdoa_1hz
ValueError: Różne długości s1 i s2: 64000 vs 32000

----------------------------------------------------------------------------------------------------

----------------------------------------------------------------------------------------------------
[Est_pos parent] Starting run: 20260511_193847_297065
[Est_pos parent] Time: 2026-05-11 19:38:47.308978
[Est_pos parent] Command:
  C:\ProgramData\Anaconda3\envs\Console\python.exe -u -m Est_pos.estimate_pos_runner --out C:\Users\Dell\AppData\Local\Temp\zopbsp_estpos_2m7ii_04\estpos_result.json --session-log logs\estpos_subprocess\estpos_session_20260511_190502.log --run-id 20260511_193847_297065 C:\Pi_loc\05_11_03\RPI1\gps\GPS_RPI1_20260511_193600_Hydro_6673.txt C:\Pi_loc\05_11_03\RPI2\gps\GPS_RPI2_20260511_193600_Hydro_6675.txt C:\Pi_loc\05_11_03\RPI2\gps\GPS_RPI2_20260511_193600_Hydro_6675.txt C:\Pi_loc\05_11_03\RPI1\streaming\RBW6673_20260511_193600.wav C:\Pi_loc\05_11_03\RPI2\streaming\RBW6675_20260511_193600.wav C:\Pi_loc\05_11_03\RPI3\streaming\SAW2624_20260511_193600.wav
[Est_pos parent] Working directory:
  C:\Code\ZOPBSP_Console
----------------------------------------------------------------------------------------------------

==========================================================================================
[Est_pos child] RUN START: 20260511_193847_297065
[Est_pos child] Time: 2026-05-11 19:38:47.610299
[Est_pos child] Input files:
  gps1: C:\Pi_loc\05_11_03\RPI1\gps\GPS_RPI1_20260511_193600_Hydro_6673.txt
  gps2: C:\Pi_loc\05_11_03\RPI2\gps\GPS_RPI2_20260511_193600_Hydro_6675.txt
  gps3: C:\Pi_loc\05_11_03\RPI2\gps\GPS_RPI2_20260511_193600_Hydro_6675.txt
  wav1: C:\Pi_loc\05_11_03\RPI1\streaming\RBW6673_20260511_193600.wav
  wav2: C:\Pi_loc\05_11_03\RPI2\streaming\RBW6675_20260511_193600.wav
  wav3: C:\Pi_loc\05_11_03\RPI3\streaming\SAW2624_20260511_193600.wav
------------------------------------------------------------------------------------------
after import data
C:\ProgramData\Anaconda3\envs\Console\Lib\site-packages\scipy\interpolate\_interpolate.py:497: RuntimeWarning: invalid value encountered in divide
  slope = (y_hi - y_lo) / (x_hi - x_lo)[:, None]
after tdoa
GPS1: [[173600, 53.838144885000006, 17.648810171666664]]
GPS2: [[173600, 53.83814423666666, 17.648805515]]
GPS3: [[173600, 53.83814423666666, 17.648805515]]
ref_lat:  53.838144885000006
ref_lon:  17.648810171666664
aeqd: +proj=aeqd +lat_0=53.838144885000006 +lon_0=17.648810171666664 +datum=WGS84 +units=m +no_defs +type=crs
fwd: proj=pipeline step proj=unitconvert xy_in=deg xy_out=rad step proj=aeqd lat_0=53.838144885 lon_0=17.6488101716667 x_0=0 y_0=0 ellps=WGS84
inv: proj=pipeline step inv proj=aeqd lat_0=53.838144885 lon_0=17.6488101716667 x_0=0 y_0=0 ellps=WGS84 step proj=unitconvert xy_in=rad xy_out=deg
after make_local_transformer
after H_coord
after tdoa_estimate_mode_6
after filter_est_track_by_radius
------------------------------------------------------------------------------------------
[Est_pos child] RUN OK: 20260511_193847_297065
[Est_pos child] Result length: 1
[Est_pos child] Output JSON: C:\Users\Dell\AppData\Local\Temp\zopbsp_estpos_2m7ii_04\estpos_result.json
==========================================================================================

[Est_pos parent] Run finished: 20260511_193847_297065
[Est_pos parent] Return code: 0
[Est_pos parent] JSON exists: True

[Est_pos parent] RUN OK: 20260511_193847_297065
[Est_pos parent] Result length: 1
----------------------------------------------------------------------------------------------------

----------------------------------------------------------------------------------------------------
[Est_pos parent] Starting run: 20260511_193852_187906
[Est_pos parent] Time: 2026-05-11 19:38:52.189914
[Est_pos parent] Command:
  C:\ProgramData\Anaconda3\envs\Console\python.exe -u -m Est_pos.estimate_pos_runner --out C:\Users\Dell\AppData\Local\Temp\zopbsp_estpos_egyn4vmg\estpos_result.json --session-log logs\estpos_subprocess\estpos_session_20260511_190502.log --run-id 20260511_193852_187906 C:\Pi_loc\05_11_03\RPI1\gps\GPS_RPI1_20260511_193600_Hydro_6673.txt C:\Pi_loc\05_11_03\RPI2\gps\GPS_RPI2_20260511_193600_Hydro_6675.txt C:\Pi_loc\05_11_03\RPI3\gps\GPS_RPI3_20260511_193600_Hydro_2624.txt C:\Pi_loc\05_11_03\RPI1\streaming\RBW6673_20260511_193600.wav C:\Pi_loc\05_11_03\RPI2\streaming\RBW6675_20260511_193600.wav C:\Pi_loc\05_11_03\RPI3\streaming\SAW2624_20260511_193600.wav
[Est_pos parent] Working directory:
  C:\Code\ZOPBSP_Console
----------------------------------------------------------------------------------------------------

==========================================================================================
[Est_pos child] RUN START: 20260511_193852_187906
[Est_pos child] Time: 2026-05-11 19:38:52.412909
[Est_pos child] Input files:
  gps1: C:\Pi_loc\05_11_03\RPI1\gps\GPS_RPI1_20260511_193600_Hydro_6673.txt
  gps2: C:\Pi_loc\05_11_03\RPI2\gps\GPS_RPI2_20260511_193600_Hydro_6675.txt
  gps3: C:\Pi_loc\05_11_03\RPI3\gps\GPS_RPI3_20260511_193600_Hydro_2624.txt
  wav1: C:\Pi_loc\05_11_03\RPI1\streaming\RBW6673_20260511_193600.wav
  wav2: C:\Pi_loc\05_11_03\RPI2\streaming\RBW6675_20260511_193600.wav
  wav3: C:\Pi_loc\05_11_03\RPI3\streaming\SAW2624_20260511_193600.wav
------------------------------------------------------------------------------------------
after import data
C:\ProgramData\Anaconda3\envs\Console\Lib\site-packages\scipy\interpolate\_interpolate.py:497: RuntimeWarning: invalid value encountered in divide
  slope = (y_hi - y_lo) / (x_hi - x_lo)[:, None]
after tdoa
GPS1: [[173600, 53.838144885000006, 17.648810171666664]]
GPS2: [[173600, 53.83814423666666, 17.648805515]]
GPS3: [[173600, 53.83814569333334, 17.648830701666668]]
ref_lat:  53.838144885000006
ref_lon:  17.648810171666664
aeqd: +proj=aeqd +lat_0=53.838144885000006 +lon_0=17.648810171666664 +datum=WGS84 +units=m +no_defs +type=crs
fwd: proj=pipeline step proj=unitconvert xy_in=deg xy_out=rad step proj=aeqd lat_0=53.838144885 lon_0=17.6488101716667 x_0=0 y_0=0 ellps=WGS84
inv: proj=pipeline step inv proj=aeqd lat_0=53.838144885 lon_0=17.6488101716667 x_0=0 y_0=0 ellps=WGS84 step proj=unitconvert xy_in=rad xy_out=deg
after make_local_transformer
after H_coord
after tdoa_estimate_mode_6
after filter_est_track_by_radius
------------------------------------------------------------------------------------------
[Est_pos child] RUN OK: 20260511_193852_187906
[Est_pos child] Result length: 0
[Est_pos child] Output JSON: C:\Users\Dell\AppData\Local\Temp\zopbsp_estpos_egyn4vmg\estpos_result.json
==========================================================================================

[Est_pos parent] Run finished: 20260511_193852_187906
[Est_pos parent] Return code: 0
[Est_pos parent] JSON exists: True

[Est_pos parent] RUN OK: 20260511_193852_187906
[Est_pos parent] Result length: 0
----------------------------------------------------------------------------------------------------

----------------------------------------------------------------------------------------------------
[Est_pos parent] Starting run: 20260511_193855_986948
[Est_pos parent] Time: 2026-05-11 19:38:55.988967
[Est_pos parent] Command:
  C:\ProgramData\Anaconda3\envs\Console\python.exe -u -m Est_pos.estimate_pos_runner --out C:\Users\Dell\AppData\Local\Temp\zopbsp_estpos_o0fq6fo_\estpos_result.json --session-log logs\estpos_subprocess\estpos_session_20260511_190502.log --run-id 20260511_193855_986948 C:\Pi_loc\05_11_03\RPI1\gps\GPS_RPI1_20260511_193550_Hydro_6673.txt C:\Pi_loc\05_11_03\RPI2\gps\GPS_RPI2_20260511_193550_Hydro_6675.txt C:\Pi_loc\05_11_03\RPI2\gps\GPS_RPI2_20260511_193550_Hydro_6675.txt C:\Pi_loc\05_11_03\RPI1\streaming\RBW6673_20260511_193550.wav C:\Pi_loc\05_11_03\RPI2\streaming\RBW6675_20260511_193550.wav C:\Pi_loc\05_11_03\RPI3\streaming\SAW2624_20260511_193550.wav
[Est_pos parent] Working directory:
  C:\Code\ZOPBSP_Console
----------------------------------------------------------------------------------------------------

==========================================================================================
[Est_pos child] RUN START: 20260511_193855_986948
[Est_pos child] Time: 2026-05-11 19:38:56.247903
[Est_pos child] Input files:
  gps1: C:\Pi_loc\05_11_03\RPI1\gps\GPS_RPI1_20260511_193550_Hydro_6673.txt
  gps2: C:\Pi_loc\05_11_03\RPI2\gps\GPS_RPI2_20260511_193550_Hydro_6675.txt
  gps3: C:\Pi_loc\05_11_03\RPI2\gps\GPS_RPI2_20260511_193550_Hydro_6675.txt
  wav1: C:\Pi_loc\05_11_03\RPI1\streaming\RBW6673_20260511_193550.wav
  wav2: C:\Pi_loc\05_11_03\RPI2\streaming\RBW6675_20260511_193550.wav
  wav3: C:\Pi_loc\05_11_03\RPI3\streaming\SAW2624_20260511_193550.wav
------------------------------------------------------------------------------------------
after import data
C:\ProgramData\Anaconda3\envs\Console\Lib\site-packages\scipy\interpolate\_interpolate.py:497: RuntimeWarning: invalid value encountered in divide
  slope = (y_hi - y_lo) / (x_hi - x_lo)[:, None]
after tdoa
GPS1: [[173550, 53.838144845, 17.648810198333333]]
GPS2: [[173550, 53.83814417333333, 17.64880550166667]]
GPS3: [[173550, 53.83814417333333, 17.64880550166667]]
ref_lat:  53.838144845
ref_lon:  17.648810198333333
aeqd: +proj=aeqd +lat_0=53.838144845 +lon_0=17.648810198333333 +datum=WGS84 +units=m +no_defs +type=crs
fwd: proj=pipeline step proj=unitconvert xy_in=deg xy_out=rad step proj=aeqd lat_0=53.838144845 lon_0=17.6488101983333 x_0=0 y_0=0 ellps=WGS84
inv: proj=pipeline step inv proj=aeqd lat_0=53.838144845 lon_0=17.6488101983333 x_0=0 y_0=0 ellps=WGS84 step proj=unitconvert xy_in=rad xy_out=deg
after make_local_transformer
after H_coord
after tdoa_estimate_mode_6
after filter_est_track_by_radius
------------------------------------------------------------------------------------------
[Est_pos child] RUN OK: 20260511_193855_986948
[Est_pos child] Result length: 1
[Est_pos child] Output JSON: C:\Users\Dell\AppData\Local\Temp\zopbsp_estpos_o0fq6fo_\estpos_result.json
==========================================================================================

[Est_pos parent] Run finished: 20260511_193855_986948
[Est_pos parent] Return code: 0
[Est_pos parent] JSON exists: True

[Est_pos parent] RUN OK: 20260511_193855_986948
[Est_pos parent] Result length: 1
----------------------------------------------------------------------------------------------------

----------------------------------------------------------------------------------------------------
[Est_pos parent] Starting run: 20260511_193859_922704
[Est_pos parent] Time: 2026-05-11 19:38:59.924462
[Est_pos parent] Command:
  C:\ProgramData\Anaconda3\envs\Console\python.exe -u -m Est_pos.estimate_pos_runner --out C:\Users\Dell\AppData\Local\Temp\zopbsp_estpos_w0x_m9gb\estpos_result.json --session-log logs\estpos_subprocess\estpos_session_20260511_190502.log --run-id 20260511_193859_922704 C:\Pi_loc\05_11_03\RPI1\gps\GPS_RPI1_20260511_193550_Hydro_6673.txt C:\Pi_loc\05_11_03\RPI2\gps\GPS_RPI2_20260511_193550_Hydro_6675.txt C:\Pi_loc\05_11_03\RPI3\gps\GPS_RPI3_20260511_193550_Hydro_2624.txt C:\Pi_loc\05_11_03\RPI1\streaming\RBW6673_20260511_193550.wav C:\Pi_loc\05_11_03\RPI2\streaming\RBW6675_20260511_193550.wav C:\Pi_loc\05_11_03\RPI3\streaming\SAW2624_20260511_193550.wav
[Est_pos parent] Working directory:
  C:\Code\ZOPBSP_Console
----------------------------------------------------------------------------------------------------

==========================================================================================
[Est_pos child] RUN START: 20260511_193859_922704
[Est_pos child] Time: 2026-05-11 19:39:00.177079
[Est_pos child] Input files:
  gps1: C:\Pi_loc\05_11_03\RPI1\gps\GPS_RPI1_20260511_193550_Hydro_6673.txt
  gps2: C:\Pi_loc\05_11_03\RPI2\gps\GPS_RPI2_20260511_193550_Hydro_6675.txt
  gps3: C:\Pi_loc\05_11_03\RPI3\gps\GPS_RPI3_20260511_193550_Hydro_2624.txt
  wav1: C:\Pi_loc\05_11_03\RPI1\streaming\RBW6673_20260511_193550.wav
  wav2: C:\Pi_loc\05_11_03\RPI2\streaming\RBW6675_20260511_193550.wav
  wav3: C:\Pi_loc\05_11_03\RPI3\streaming\SAW2624_20260511_193550.wav
------------------------------------------------------------------------------------------
after import data
C:\ProgramData\Anaconda3\envs\Console\Lib\site-packages\scipy\interpolate\_interpolate.py:497: RuntimeWarning: invalid value encountered in divide
  slope = (y_hi - y_lo) / (x_hi - x_lo)[:, None]
after tdoa
GPS1: [[173550, 53.838144845, 17.648810198333333]]
GPS2: [[173550, 53.83814417333333, 17.64880550166667]]
GPS3: [[173550, 53.838181219999996, 17.64880931]]
ref_lat:  53.838144845
ref_lon:  17.648810198333333
aeqd: +proj=aeqd +lat_0=53.838144845 +lon_0=17.648810198333333 +datum=WGS84 +units=m +no_defs +type=crs
fwd: proj=pipeline step proj=unitconvert xy_in=deg xy_out=rad step proj=aeqd lat_0=53.838144845 lon_0=17.6488101983333 x_0=0 y_0=0 ellps=WGS84
inv: proj=pipeline step inv proj=aeqd lat_0=53.838144845 lon_0=17.6488101983333 x_0=0 y_0=0 ellps=WGS84 step proj=unitconvert xy_in=rad xy_out=deg
after make_local_transformer
after H_coord
after tdoa_estimate_mode_6
after filter_est_track_by_radius
------------------------------------------------------------------------------------------
[Est_pos child] RUN OK: 20260511_193859_922704
[Est_pos child] Result length: 0
[Est_pos child] Output JSON: C:\Users\Dell\AppData\Local\Temp\zopbsp_estpos_w0x_m9gb\estpos_result.json
==========================================================================================

[Est_pos parent] Run finished: 20260511_193859_922704
[Est_pos parent] Return code: 0
[Est_pos parent] JSON exists: True

[Est_pos parent] RUN OK: 20260511_193859_922704
[Est_pos parent] Result length: 0
----------------------------------------------------------------------------------------------------

----------------------------------------------------------------------------------------------------
[Est_pos parent] Starting run: 20260511_193903_856983
[Est_pos parent] Time: 2026-05-11 19:39:03.856983
[Est_pos parent] Command:
  C:\ProgramData\Anaconda3\envs\Console\python.exe -u -m Est_pos.estimate_pos_runner --out C:\Users\Dell\AppData\Local\Temp\zopbsp_estpos_aw4_istf\estpos_result.json --session-log logs\estpos_subprocess\estpos_session_20260511_190502.log --run-id 20260511_193903_856983 C:\Pi_loc\05_11_03\RPI1\gps\GPS_RPI1_20260511_193610_Hydro_6673.txt C:\Pi_loc\05_11_03\RPI2\gps\GPS_RPI2_20260511_193610_Hydro_6675.txt C:\Pi_loc\05_11_03\RPI2\gps\GPS_RPI2_20260511_193610_Hydro_6675.txt C:\Pi_loc\05_11_03\RPI1\streaming\RBW6673_20260511_193610.wav C:\Pi_loc\05_11_03\RPI2\streaming\RBW6675_20260511_193610.wav C:\Pi_loc\05_11_03\RPI3\streaming\SAW2624_20260511_193610.wav
[Est_pos parent] Working directory:
  C:\Code\ZOPBSP_Console
----------------------------------------------------------------------------------------------------

==========================================================================================
[Est_pos child] RUN START: 20260511_193903_856983
[Est_pos child] Time: 2026-05-11 19:39:04.103905
[Est_pos child] Input files:
  gps1: C:\Pi_loc\05_11_03\RPI1\gps\GPS_RPI1_20260511_193610_Hydro_6673.txt
  gps2: C:\Pi_loc\05_11_03\RPI2\gps\GPS_RPI2_20260511_193610_Hydro_6675.txt
  gps3: C:\Pi_loc\05_11_03\RPI2\gps\GPS_RPI2_20260511_193610_Hydro_6675.txt
  wav1: C:\Pi_loc\05_11_03\RPI1\streaming\RBW6673_20260511_193610.wav
  wav2: C:\Pi_loc\05_11_03\RPI2\streaming\RBW6675_20260511_193610.wav
  wav3: C:\Pi_loc\05_11_03\RPI3\streaming\SAW2624_20260511_193610.wav
------------------------------------------------------------------------------------------
after import data
C:\ProgramData\Anaconda3\envs\Console\Lib\site-packages\scipy\interpolate\_interpolate.py:497: RuntimeWarning: invalid value encountered in divide
  slope = (y_hi - y_lo) / (x_hi - x_lo)[:, None]
after tdoa
GPS1: [[173610, 53.83814488333334, 17.648810168333334]]
GPS2: [[173610, 53.83814412, 17.64880542666667]]
GPS3: [[173610, 53.83814412, 17.64880542666667]]
ref_lat:  53.83814488333334
ref_lon:  17.648810168333334
aeqd: +proj=aeqd +lat_0=53.83814488333334 +lon_0=17.648810168333334 +datum=WGS84 +units=m +no_defs +type=crs
fwd: proj=pipeline step proj=unitconvert xy_in=deg xy_out=rad step proj=aeqd lat_0=53.8381448833333 lon_0=17.6488101683333 x_0=0 y_0=0 ellps=WGS84
inv: proj=pipeline step inv proj=aeqd lat_0=53.8381448833333 lon_0=17.6488101683333 x_0=0 y_0=0 ellps=WGS84 step proj=unitconvert xy_in=rad xy_out=deg
after make_local_transformer
after H_coord
after tdoa_estimate_mode_6
after filter_est_track_by_radius
------------------------------------------------------------------------------------------
[Est_pos child] RUN OK: 20260511_193903_856983
[Est_pos child] Result length: 0
[Est_pos child] Output JSON: C:\Users\Dell\AppData\Local\Temp\zopbsp_estpos_aw4_istf\estpos_result.json
==========================================================================================

[Est_pos parent] Run finished: 20260511_193903_856983
[Est_pos parent] Return code: 0
[Est_pos parent] JSON exists: True

[Est_pos parent] RUN OK: 20260511_193903_856983
[Est_pos parent] Result length: 0
----------------------------------------------------------------------------------------------------

----------------------------------------------------------------------------------------------------
[Est_pos parent] Starting run: 20260511_193907_830635
[Est_pos parent] Time: 2026-05-11 19:39:07.832642
[Est_pos parent] Command:
  C:\ProgramData\Anaconda3\envs\Console\python.exe -u -m Est_pos.estimate_pos_runner --out C:\Users\Dell\AppData\Local\Temp\zopbsp_estpos_9i4tc941\estpos_result.json --session-log logs\estpos_subprocess\estpos_session_20260511_190502.log --run-id 20260511_193907_830635 C:\Pi_loc\05_11_03\RPI1\gps\GPS_RPI1_20260511_193610_Hydro_6673.txt C:\Pi_loc\05_11_03\RPI2\gps\GPS_RPI2_20260511_193610_Hydro_6675.txt C:\Pi_loc\05_11_03\RPI3\gps\GPS_RPI3_20260511_193610_Hydro_2624.txt C:\Pi_loc\05_11_03\RPI1\streaming\RBW6673_20260511_193610.wav C:\Pi_loc\05_11_03\RPI2\streaming\RBW6675_20260511_193610.wav C:\Pi_loc\05_11_03\RPI3\streaming\SAW2624_20260511_193610.wav
[Est_pos parent] Working directory:
  C:\Code\ZOPBSP_Console
----------------------------------------------------------------------------------------------------

==========================================================================================
[Est_pos child] RUN START: 20260511_193907_830635
[Est_pos child] Time: 2026-05-11 19:39:08.065744
[Est_pos child] Input files:
  gps1: C:\Pi_loc\05_11_03\RPI1\gps\GPS_RPI1_20260511_193610_Hydro_6673.txt
  gps2: C:\Pi_loc\05_11_03\RPI2\gps\GPS_RPI2_20260511_193610_Hydro_6675.txt
  gps3: C:\Pi_loc\05_11_03\RPI3\gps\GPS_RPI3_20260511_193610_Hydro_2624.txt
  wav1: C:\Pi_loc\05_11_03\RPI1\streaming\RBW6673_20260511_193610.wav
  wav2: C:\Pi_loc\05_11_03\RPI2\streaming\RBW6675_20260511_193610.wav
  wav3: C:\Pi_loc\05_11_03\RPI3\streaming\SAW2624_20260511_193610.wav
------------------------------------------------------------------------------------------
after import data
C:\ProgramData\Anaconda3\envs\Console\Lib\site-packages\scipy\interpolate\_interpolate.py:497: RuntimeWarning: invalid value encountered in divide
  slope = (y_hi - y_lo) / (x_hi - x_lo)[:, None]
after tdoa
GPS1: [[173610, 53.83814488333334, 17.648810168333334]]
GPS2: [[173610, 53.83814412, 17.64880542666667]]
GPS3: [[173610, 53.838164211666665, 17.648794743333333]]
ref_lat:  53.83814488333334
ref_lon:  17.648810168333334
aeqd: +proj=aeqd +lat_0=53.83814488333334 +lon_0=17.648810168333334 +datum=WGS84 +units=m +no_defs +type=crs
fwd: proj=pipeline step proj=unitconvert xy_in=deg xy_out=rad step proj=aeqd lat_0=53.8381448833333 lon_0=17.6488101683333 x_0=0 y_0=0 ellps=WGS84
inv: proj=pipeline step inv proj=aeqd lat_0=53.8381448833333 lon_0=17.6488101683333 x_0=0 y_0=0 ellps=WGS84 step proj=unitconvert xy_in=rad xy_out=deg
after make_local_transformer
after H_coord
after tdoa_estimate_mode_6
after filter_est_track_by_radius
------------------------------------------------------------------------------------------
[Est_pos child] RUN OK: 20260511_193907_830635
[Est_pos child] Result length: 0
[Est_pos child] Output JSON: C:\Users\Dell\AppData\Local\Temp\zopbsp_estpos_9i4tc941\estpos_result.json
==========================================================================================

[Est_pos parent] Run finished: 20260511_193907_830635
[Est_pos parent] Return code: 0
[Est_pos parent] JSON exists: True

[Est_pos parent] RUN OK: 20260511_193907_830635
[Est_pos parent] Result length: 0
----------------------------------------------------------------------------------------------------

----------------------------------------------------------------------------------------------------
[Est_pos parent] Starting run: 20260511_193911_909549
[Est_pos parent] Time: 2026-05-11 19:39:11.913567
[Est_pos parent] Command:
  C:\ProgramData\Anaconda3\envs\Console\python.exe -u -m Est_pos.estimate_pos_runner --out C:\Users\Dell\AppData\Local\Temp\zopbsp_estpos_a04txt4c\estpos_result.json --session-log logs\estpos_subprocess\estpos_session_20260511_190502.log --run-id 20260511_193911_909549 C:\Pi_loc\05_11_03\RPI1\gps\GPS_RPI1_20260511_193530_Hydro_6673.txt C:\Pi_loc\05_11_03\RPI2\gps\GPS_RPI2_20260511_193530_Hydro_6675.txt C:\Pi_loc\05_11_03\RPI2\gps\GPS_RPI2_20260511_193530_Hydro_6675.txt C:\Pi_loc\05_11_03\RPI1\streaming\RBW6673_20260511_193530.wav C:\Pi_loc\05_11_03\RPI2\streaming\RBW6675_20260511_193530.wav C:\Pi_loc\05_11_03\RPI3\streaming\SAW2624_20260511_193530.wav
[Est_pos parent] Working directory:
  C:\Code\ZOPBSP_Console
----------------------------------------------------------------------------------------------------

==========================================================================================
[Est_pos child] RUN START: 20260511_193911_909549
[Est_pos child] Time: 2026-05-11 19:39:12.177211
[Est_pos child] Input files:
  gps1: C:\Pi_loc\05_11_03\RPI1\gps\GPS_RPI1_20260511_193530_Hydro_6673.txt
  gps2: C:\Pi_loc\05_11_03\RPI2\gps\GPS_RPI2_20260511_193530_Hydro_6675.txt
  gps3: C:\Pi_loc\05_11_03\RPI2\gps\GPS_RPI2_20260511_193530_Hydro_6675.txt
  wav1: C:\Pi_loc\05_11_03\RPI1\streaming\RBW6673_20260511_193530.wav
  wav2: C:\Pi_loc\05_11_03\RPI2\streaming\RBW6675_20260511_193530.wav
  wav3: C:\Pi_loc\05_11_03\RPI3\streaming\SAW2624_20260511_193530.wav
------------------------------------------------------------------------------------------
after import data
C:\ProgramData\Anaconda3\envs\Console\Lib\site-packages\scipy\interpolate\_interpolate.py:497: RuntimeWarning: invalid value encountered in divide
  slope = (y_hi - y_lo) / (x_hi - x_lo)[:, None]
after tdoa
GPS1: [[173530, 53.838144856666666, 17.64881017]]
GPS2: [[173530, 53.83814416333333, 17.648805536666668]]
GPS3: [[173530, 53.83814416333333, 17.648805536666668]]
ref_lat:  53.838144856666666
ref_lon:  17.64881017
aeqd: +proj=aeqd +lat_0=53.838144856666666 +lon_0=17.64881017 +datum=WGS84 +units=m +no_defs +type=crs
fwd: proj=pipeline step proj=unitconvert xy_in=deg xy_out=rad step proj=aeqd lat_0=53.8381448566667 lon_0=17.64881017 x_0=0 y_0=0 ellps=WGS84
inv: proj=pipeline step inv proj=aeqd lat_0=53.8381448566667 lon_0=17.64881017 x_0=0 y_0=0 ellps=WGS84 step proj=unitconvert xy_in=rad xy_out=deg
after make_local_transformer
after H_coord
after tdoa_estimate_mode_6
after filter_est_track_by_radius
------------------------------------------------------------------------------------------
[Est_pos child] RUN OK: 20260511_193911_909549
[Est_pos child] Result length: 1
[Est_pos child] Output JSON: C:\Users\Dell\AppData\Local\Temp\zopbsp_estpos_a04txt4c\estpos_result.json
==========================================================================================

[Est_pos parent] Run finished: 20260511_193911_909549
[Est_pos parent] Return code: 0
[Est_pos parent] JSON exists: True

[Est_pos parent] RUN OK: 20260511_193911_909549
[Est_pos parent] Result length: 1
----------------------------------------------------------------------------------------------------

----------------------------------------------------------------------------------------------------
[Est_pos parent] Starting run: 20260511_193915_986634
[Est_pos parent] Time: 2026-05-11 19:39:15.988654
[Est_pos parent] Command:
  C:\ProgramData\Anaconda3\envs\Console\python.exe -u -m Est_pos.estimate_pos_runner --out C:\Users\Dell\AppData\Local\Temp\zopbsp_estpos_r1ctc0pd\estpos_result.json --session-log logs\estpos_subprocess\estpos_session_20260511_190502.log --run-id 20260511_193915_986634 C:\Pi_loc\05_11_03\RPI1\gps\GPS_RPI1_20260511_193530_Hydro_6673.txt C:\Pi_loc\05_11_03\RPI2\gps\GPS_RPI2_20260511_193530_Hydro_6675.txt C:\Pi_loc\05_11_02\RPI3\gps\GPS_RPI3_20260511_193530_Hydro_2624.txt C:\Pi_loc\05_11_03\RPI1\streaming\RBW6673_20260511_193530.wav C:\Pi_loc\05_11_03\RPI2\streaming\RBW6675_20260511_193530.wav C:\Pi_loc\05_11_03\RPI3\streaming\SAW2624_20260511_193530.wav
[Est_pos parent] Working directory:
  C:\Code\ZOPBSP_Console
----------------------------------------------------------------------------------------------------

==========================================================================================
[Est_pos child] RUN START: 20260511_193915_986634
[Est_pos child] Time: 2026-05-11 19:39:16.242236
[Est_pos child] Input files:
  gps1: C:\Pi_loc\05_11_03\RPI1\gps\GPS_RPI1_20260511_193530_Hydro_6673.txt
  gps2: C:\Pi_loc\05_11_03\RPI2\gps\GPS_RPI2_20260511_193530_Hydro_6675.txt
  gps3: C:\Pi_loc\05_11_02\RPI3\gps\GPS_RPI3_20260511_193530_Hydro_2624.txt
  wav1: C:\Pi_loc\05_11_03\RPI1\streaming\RBW6673_20260511_193530.wav
  wav2: C:\Pi_loc\05_11_03\RPI2\streaming\RBW6675_20260511_193530.wav
  wav3: C:\Pi_loc\05_11_03\RPI3\streaming\SAW2624_20260511_193530.wav
------------------------------------------------------------------------------------------
after import data
C:\ProgramData\Anaconda3\envs\Console\Lib\site-packages\scipy\interpolate\_interpolate.py:497: RuntimeWarning: invalid value encountered in divide
  slope = (y_hi - y_lo) / (x_hi - x_lo)[:, None]
after tdoa
GPS1: [[173530, 53.838144856666666, 17.64881017]]
GPS2: [[173530, 53.83814416333333, 17.648805536666668]]
GPS3: [[173530, 53.83820777333334, 17.648779093333335]]
ref_lat:  53.838144856666666
ref_lon:  17.64881017
aeqd: +proj=aeqd +lat_0=53.838144856666666 +lon_0=17.64881017 +datum=WGS84 +units=m +no_defs +type=crs
fwd: proj=pipeline step proj=unitconvert xy_in=deg xy_out=rad step proj=aeqd lat_0=53.8381448566667 lon_0=17.64881017 x_0=0 y_0=0 ellps=WGS84
inv: proj=pipeline step inv proj=aeqd lat_0=53.8381448566667 lon_0=17.64881017 x_0=0 y_0=0 ellps=WGS84 step proj=unitconvert xy_in=rad xy_out=deg
after make_local_transformer
after H_coord
after tdoa_estimate_mode_6
after filter_est_track_by_radius
------------------------------------------------------------------------------------------
[Est_pos child] RUN OK: 20260511_193915_986634
[Est_pos child] Result length: 0
[Est_pos child] Output JSON: C:\Users\Dell\AppData\Local\Temp\zopbsp_estpos_r1ctc0pd\estpos_result.json
==========================================================================================

[Est_pos parent] Run finished: 20260511_193915_986634
[Est_pos parent] Return code: 0
[Est_pos parent] JSON exists: True

[Est_pos parent] RUN OK: 20260511_193915_986634
[Est_pos parent] Result length: 0
----------------------------------------------------------------------------------------------------

----------------------------------------------------------------------------------------------------
[Est_pos parent] Starting run: 20260511_193919_852830
[Est_pos parent] Time: 2026-05-11 19:39:19.856870
[Est_pos parent] Command:
  C:\ProgramData\Anaconda3\envs\Console\python.exe -u -m Est_pos.estimate_pos_runner --out C:\Users\Dell\AppData\Local\Temp\zopbsp_estpos_nl6s_73v\estpos_result.json --session-log logs\estpos_subprocess\estpos_session_20260511_190502.log --run-id 20260511_193919_852830 C:\Pi_loc\05_11_03\RPI1\gps\GPS_RPI1_20260511_193540_Hydro_6673.txt C:\Pi_loc\05_11_03\RPI2\gps\GPS_RPI2_20260511_193540_Hydro_6675.txt C:\Pi_loc\05_11_03\RPI2\gps\GPS_RPI2_20260511_193540_Hydro_6675.txt C:\Pi_loc\05_11_03\RPI1\streaming\RBW6673_20260511_193540.wav C:\Pi_loc\05_11_03\RPI2\streaming\RBW6675_20260511_193540.wav C:\Pi_loc\05_11_03\RPI3\streaming\SAW2624_20260511_193540.wav
[Est_pos parent] Working directory:
  C:\Code\ZOPBSP_Console
----------------------------------------------------------------------------------------------------

==========================================================================================
[Est_pos child] RUN START: 20260511_193919_852830
[Est_pos child] Time: 2026-05-11 19:39:20.089015
[Est_pos child] Input files:
  gps1: C:\Pi_loc\05_11_03\RPI1\gps\GPS_RPI1_20260511_193540_Hydro_6673.txt
  gps2: C:\Pi_loc\05_11_03\RPI2\gps\GPS_RPI2_20260511_193540_Hydro_6675.txt
  gps3: C:\Pi_loc\05_11_03\RPI2\gps\GPS_RPI2_20260511_193540_Hydro_6675.txt
  wav1: C:\Pi_loc\05_11_03\RPI1\streaming\RBW6673_20260511_193540.wav
  wav2: C:\Pi_loc\05_11_03\RPI2\streaming\RBW6675_20260511_193540.wav
  wav3: C:\Pi_loc\05_11_03\RPI3\streaming\SAW2624_20260511_193540.wav
------------------------------------------------------------------------------------------
after import data
C:\ProgramData\Anaconda3\envs\Console\Lib\site-packages\scipy\interpolate\_interpolate.py:497: RuntimeWarning: invalid value encountered in divide
  slope = (y_hi - y_lo) / (x_hi - x_lo)[:, None]
after tdoa
GPS1: [[173540, 53.83814484166666, 17.648810181666665]]
GPS2: [[173540, 53.838144140000004, 17.648805465000002]]
GPS3: [[173540, 53.838144140000004, 17.648805465000002]]
ref_lat:  53.83814484166666
ref_lon:  17.648810181666665
aeqd: +proj=aeqd +lat_0=53.83814484166666 +lon_0=17.648810181666665 +datum=WGS84 +units=m +no_defs +type=crs
fwd: proj=pipeline step proj=unitconvert xy_in=deg xy_out=rad step proj=aeqd lat_0=53.8381448416667 lon_0=17.6488101816667 x_0=0 y_0=0 ellps=WGS84
inv: proj=pipeline step inv proj=aeqd lat_0=53.8381448416667 lon_0=17.6488101816667 x_0=0 y_0=0 ellps=WGS84 step proj=unitconvert xy_in=rad xy_out=deg
after make_local_transformer
after H_coord
after tdoa_estimate_mode_6
after filter_est_track_by_radius
------------------------------------------------------------------------------------------
[Est_pos child] RUN OK: 20260511_193919_852830
[Est_pos child] Result length: 1
[Est_pos child] Output JSON: C:\Users\Dell\AppData\Local\Temp\zopbsp_estpos_nl6s_73v\estpos_result.json
==========================================================================================

[Est_pos parent] Run finished: 20260511_193919_852830
[Est_pos parent] Return code: 0
[Est_pos parent] JSON exists: True

[Est_pos parent] RUN OK: 20260511_193919_852830
[Est_pos parent] Result length: 1
----------------------------------------------------------------------------------------------------

----------------------------------------------------------------------------------------------------
[Est_pos parent] Starting run: 20260511_193923_790785
[Est_pos parent] Time: 2026-05-11 19:39:23.792817
[Est_pos parent] Command:
  C:\ProgramData\Anaconda3\envs\Console\python.exe -u -m Est_pos.estimate_pos_runner --out C:\Users\Dell\AppData\Local\Temp\zopbsp_estpos_fy6edm0m\estpos_result.json --session-log logs\estpos_subprocess\estpos_session_20260511_190502.log --run-id 20260511_193923_790785 C:\Pi_loc\05_11_03\RPI1\gps\GPS_RPI1_20260511_193540_Hydro_6673.txt C:\Pi_loc\05_11_03\RPI2\gps\GPS_RPI2_20260511_193540_Hydro_6675.txt C:\Pi_loc\05_11_03\RPI3\gps\GPS_RPI3_20260511_193540_Hydro_2624.txt C:\Pi_loc\05_11_03\RPI1\streaming\RBW6673_20260511_193540.wav C:\Pi_loc\05_11_03\RPI2\streaming\RBW6675_20260511_193540.wav C:\Pi_loc\05_11_03\RPI3\streaming\SAW2624_20260511_193540.wav
[Est_pos parent] Working directory:
  C:\Code\ZOPBSP_Console
----------------------------------------------------------------------------------------------------

==========================================================================================
[Est_pos child] RUN START: 20260511_193923_790785
[Est_pos child] Time: 2026-05-11 19:39:24.046550
[Est_pos child] Input files:
  gps1: C:\Pi_loc\05_11_03\RPI1\gps\GPS_RPI1_20260511_193540_Hydro_6673.txt
  gps2: C:\Pi_loc\05_11_03\RPI2\gps\GPS_RPI2_20260511_193540_Hydro_6675.txt
  gps3: C:\Pi_loc\05_11_03\RPI3\gps\GPS_RPI3_20260511_193540_Hydro_2624.txt
  wav1: C:\Pi_loc\05_11_03\RPI1\streaming\RBW6673_20260511_193540.wav
  wav2: C:\Pi_loc\05_11_03\RPI2\streaming\RBW6675_20260511_193540.wav
  wav3: C:\Pi_loc\05_11_03\RPI3\streaming\SAW2624_20260511_193540.wav
------------------------------------------------------------------------------------------
after import data
C:\ProgramData\Anaconda3\envs\Console\Lib\site-packages\scipy\interpolate\_interpolate.py:497: RuntimeWarning: invalid value encountered in divide
  slope = (y_hi - y_lo) / (x_hi - x_lo)[:, None]
after tdoa
GPS1: [[173540, 53.83814484166666, 17.648810181666665]]
GPS2: [[173540, 53.838144140000004, 17.648805465000002]]
GPS3: [[173540, 53.83820360333334, 17.648774911666667]]
ref_lat:  53.83814484166666
ref_lon:  17.648810181666665
aeqd: +proj=aeqd +lat_0=53.83814484166666 +lon_0=17.648810181666665 +datum=WGS84 +units=m +no_defs +type=crs
fwd: proj=pipeline step proj=unitconvert xy_in=deg xy_out=rad step proj=aeqd lat_0=53.8381448416667 lon_0=17.6488101816667 x_0=0 y_0=0 ellps=WGS84
inv: proj=pipeline step inv proj=aeqd lat_0=53.8381448416667 lon_0=17.6488101816667 x_0=0 y_0=0 ellps=WGS84 step proj=unitconvert xy_in=rad xy_out=deg
after make_local_transformer
after H_coord
after tdoa_estimate_mode_6
after filter_est_track_by_radius
------------------------------------------------------------------------------------------
[Est_pos child] RUN OK: 20260511_193923_790785
[Est_pos child] Result length: 0
[Est_pos child] Output JSON: C:\Users\Dell\AppData\Local\Temp\zopbsp_estpos_fy6edm0m\estpos_result.json
==========================================================================================

[Est_pos parent] Run finished: 20260511_193923_790785
[Est_pos parent] Return code: 0
[Est_pos parent] JSON exists: True

[Est_pos parent] RUN OK: 20260511_193923_790785
[Est_pos parent] Result length: 0
----------------------------------------------------------------------------------------------------

----------------------------------------------------------------------------------------------------
[Est_pos parent] Starting run: 20260511_193927_671039
[Est_pos parent] Time: 2026-05-11 19:39:27.671039
[Est_pos parent] Command:
  C:\ProgramData\Anaconda3\envs\Console\python.exe -u -m Est_pos.estimate_pos_runner --out C:\Users\Dell\AppData\Local\Temp\zopbsp_estpos__mbuvie7\estpos_result.json --session-log logs\estpos_subprocess\estpos_session_20260511_190502.log --run-id 20260511_193927_671039 C:\Pi_loc\05_11_03\RPI1\gps\GPS_RPI1_20260511_193620_Hydro_6673.txt C:\Pi_loc\05_11_03\RPI2\gps\GPS_RPI2_20260511_193620_Hydro_6675.txt C:\Pi_loc\05_11_03\RPI2\gps\GPS_RPI2_20260511_193620_Hydro_6675.txt C:\Pi_loc\05_11_03\RPI1\streaming\RBW6673_20260511_193620.wav C:\Pi_loc\05_11_03\RPI2\streaming\RBW6675_20260511_193620.wav C:\Pi_loc\05_11_03\RPI3\streaming\SAW2624_20260511_193620.wav
[Est_pos parent] Working directory:
  C:\Code\ZOPBSP_Console
----------------------------------------------------------------------------------------------------

==========================================================================================
[Est_pos child] RUN START: 20260511_193927_671039
[Est_pos child] Time: 2026-05-11 19:39:27.919123
[Est_pos child] Input files:
  gps1: C:\Pi_loc\05_11_03\RPI1\gps\GPS_RPI1_20260511_193620_Hydro_6673.txt
  gps2: C:\Pi_loc\05_11_03\RPI2\gps\GPS_RPI2_20260511_193620_Hydro_6675.txt
  gps3: C:\Pi_loc\05_11_03\RPI2\gps\GPS_RPI2_20260511_193620_Hydro_6675.txt
  wav1: C:\Pi_loc\05_11_03\RPI1\streaming\RBW6673_20260511_193620.wav
  wav2: C:\Pi_loc\05_11_03\RPI2\streaming\RBW6675_20260511_193620.wav
  wav3: C:\Pi_loc\05_11_03\RPI3\streaming\SAW2624_20260511_193620.wav
------------------------------------------------------------------------------------------
after import data
C:\ProgramData\Anaconda3\envs\Console\Lib\site-packages\scipy\interpolate\_interpolate.py:497: RuntimeWarning: invalid value encountered in divide
  slope = (y_hi - y_lo) / (x_hi - x_lo)[:, None]
after tdoa
GPS1: [[173620, 53.83814491666667, 17.648810175]]
GPS2: [[173620, 53.83814418666666, 17.648805456666665]]
GPS3: [[173620, 53.83814418666666, 17.648805456666665]]
ref_lat:  53.83814491666667
ref_lon:  17.648810175
aeqd: +proj=aeqd +lat_0=53.83814491666667 +lon_0=17.648810175 +datum=WGS84 +units=m +no_defs +type=crs
fwd: proj=pipeline step proj=unitconvert xy_in=deg xy_out=rad step proj=aeqd lat_0=53.8381449166667 lon_0=17.648810175 x_0=0 y_0=0 ellps=WGS84
inv: proj=pipeline step inv proj=aeqd lat_0=53.8381449166667 lon_0=17.648810175 x_0=0 y_0=0 ellps=WGS84 step proj=unitconvert xy_in=rad xy_out=deg
after make_local_transformer
after H_coord
after tdoa_estimate_mode_6
after filter_est_track_by_radius
------------------------------------------------------------------------------------------
[Est_pos child] RUN OK: 20260511_193927_671039
[Est_pos child] Result length: 1
[Est_pos child] Output JSON: C:\Users\Dell\AppData\Local\Temp\zopbsp_estpos__mbuvie7\estpos_result.json
==========================================================================================

[Est_pos parent] Run finished: 20260511_193927_671039
[Est_pos parent] Return code: 0
[Est_pos parent] JSON exists: True

[Est_pos parent] RUN OK: 20260511_193927_671039
[Est_pos parent] Result length: 1
----------------------------------------------------------------------------------------------------

----------------------------------------------------------------------------------------------------
[Est_pos parent] Starting run: 20260511_193931_569721
[Est_pos parent] Time: 2026-05-11 19:39:31.571742
[Est_pos parent] Command:
  C:\ProgramData\Anaconda3\envs\Console\python.exe -u -m Est_pos.estimate_pos_runner --out C:\Users\Dell\AppData\Local\Temp\zopbsp_estpos_7d12uvti\estpos_result.json --session-log logs\estpos_subprocess\estpos_session_20260511_190502.log --run-id 20260511_193931_569721 C:\Pi_loc\05_11_03\RPI1\gps\GPS_RPI1_20260511_193620_Hydro_6673.txt C:\Pi_loc\05_11_03\RPI2\gps\GPS_RPI2_20260511_193620_Hydro_6675.txt C:\Pi_loc\05_11_03\RPI3\gps\GPS_RPI3_20260511_193620_Hydro_2624.txt C:\Pi_loc\05_11_03\RPI1\streaming\RBW6673_20260511_193620.wav C:\Pi_loc\05_11_03\RPI2\streaming\RBW6675_20260511_193620.wav C:\Pi_loc\05_11_03\RPI3\streaming\SAW2624_20260511_193620.wav
[Est_pos parent] Working directory:
  C:\Code\ZOPBSP_Console
----------------------------------------------------------------------------------------------------

==========================================================================================
[Est_pos child] RUN START: 20260511_193931_569721
[Est_pos child] Time: 2026-05-11 19:39:31.804613
[Est_pos child] Input files:
  gps1: C:\Pi_loc\05_11_03\RPI1\gps\GPS_RPI1_20260511_193620_Hydro_6673.txt
  gps2: C:\Pi_loc\05_11_03\RPI2\gps\GPS_RPI2_20260511_193620_Hydro_6675.txt
  gps3: C:\Pi_loc\05_11_03\RPI3\gps\GPS_RPI3_20260511_193620_Hydro_2624.txt
  wav1: C:\Pi_loc\05_11_03\RPI1\streaming\RBW6673_20260511_193620.wav
  wav2: C:\Pi_loc\05_11_03\RPI2\streaming\RBW6675_20260511_193620.wav
  wav3: C:\Pi_loc\05_11_03\RPI3\streaming\SAW2624_20260511_193620.wav
------------------------------------------------------------------------------------------
after import data
C:\ProgramData\Anaconda3\envs\Console\Lib\site-packages\scipy\interpolate\_interpolate.py:497: RuntimeWarning: invalid value encountered in divide
  slope = (y_hi - y_lo) / (x_hi - x_lo)[:, None]
after tdoa
GPS1: [[173620, 53.83814491666667, 17.648810175]]
GPS2: [[173620, 53.83814418666666, 17.648805456666665]]
GPS3: [[173620, 53.838179466666666, 17.648811538333334]]
ref_lat:  53.83814491666667
ref_lon:  17.648810175
aeqd: +proj=aeqd +lat_0=53.83814491666667 +lon_0=17.648810175 +datum=WGS84 +units=m +no_defs +type=crs
fwd: proj=pipeline step proj=unitconvert xy_in=deg xy_out=rad step proj=aeqd lat_0=53.8381449166667 lon_0=17.648810175 x_0=0 y_0=0 ellps=WGS84
inv: proj=pipeline step inv proj=aeqd lat_0=53.8381449166667 lon_0=17.648810175 x_0=0 y_0=0 ellps=WGS84 step proj=unitconvert xy_in=rad xy_out=deg
after make_local_transformer
after H_coord
after tdoa_estimate_mode_6
after filter_est_track_by_radius
------------------------------------------------------------------------------------------
[Est_pos child] RUN OK: 20260511_193931_569721
[Est_pos child] Result length: 0
[Est_pos child] Output JSON: C:\Users\Dell\AppData\Local\Temp\zopbsp_estpos_7d12uvti\estpos_result.json
==========================================================================================

[Est_pos parent] Run finished: 20260511_193931_569721
[Est_pos parent] Return code: 0
[Est_pos parent] JSON exists: True

[Est_pos parent] RUN OK: 20260511_193931_569721
[Est_pos parent] Result length: 0
----------------------------------------------------------------------------------------------------

----------------------------------------------------------------------------------------------------
[Est_pos parent] Starting run: 20260511_193935_561383
[Est_pos parent] Time: 2026-05-11 19:39:35.564682
[Est_pos parent] Command:
  C:\ProgramData\Anaconda3\envs\Console\python.exe -u -m Est_pos.estimate_pos_runner --out C:\Users\Dell\AppData\Local\Temp\zopbsp_estpos_glfn9dn2\estpos_result.json --session-log logs\estpos_subprocess\estpos_session_20260511_190502.log --run-id 20260511_193935_561383 C:\Pi_loc\05_11_03\RPI1\gps\GPS_RPI1_20260511_193630_Hydro_6673.txt C:\Pi_loc\05_11_03\RPI2\gps\GPS_RPI2_20260511_193630_Hydro_6675.txt C:\Pi_loc\05_11_03\RPI2\gps\GPS_RPI2_20260511_193630_Hydro_6675.txt C:\Pi_loc\05_11_03\RPI1\streaming\RBW6673_20260511_193630.wav C:\Pi_loc\05_11_03\RPI2\streaming\RBW6675_20260511_193630.wav C:\Pi_loc\05_11_03\RPI3\streaming\SAW2624_20260511_193630.wav
[Est_pos parent] Working directory:
  C:\Code\ZOPBSP_Console
----------------------------------------------------------------------------------------------------

==========================================================================================
[Est_pos child] RUN START: 20260511_193935_561383
[Est_pos child] Time: 2026-05-11 19:39:35.804945
[Est_pos child] Input files:
  gps1: C:\Pi_loc\05_11_03\RPI1\gps\GPS_RPI1_20260511_193630_Hydro_6673.txt
  gps2: C:\Pi_loc\05_11_03\RPI2\gps\GPS_RPI2_20260511_193630_Hydro_6675.txt
  gps3: C:\Pi_loc\05_11_03\RPI2\gps\GPS_RPI2_20260511_193630_Hydro_6675.txt
  wav1: C:\Pi_loc\05_11_03\RPI1\streaming\RBW6673_20260511_193630.wav
  wav2: C:\Pi_loc\05_11_03\RPI2\streaming\RBW6675_20260511_193630.wav
  wav3: C:\Pi_loc\05_11_03\RPI3\streaming\SAW2624_20260511_193630.wav
------------------------------------------------------------------------------------------
after import data
C:\ProgramData\Anaconda3\envs\Console\Lib\site-packages\scipy\interpolate\_interpolate.py:497: RuntimeWarning: invalid value encountered in divide
  slope = (y_hi - y_lo) / (x_hi - x_lo)[:, None]
after tdoa
GPS1: [[173630, 53.838144971666665, 17.648810178333335]]
GPS2: [[173630, 53.838144205, 17.648805460000002]]
GPS3: [[173630, 53.838144205, 17.648805460000002]]
ref_lat:  53.838144971666665
ref_lon:  17.648810178333335
aeqd: +proj=aeqd +lat_0=53.838144971666665 +lon_0=17.648810178333335 +datum=WGS84 +units=m +no_defs +type=crs
fwd: proj=pipeline step proj=unitconvert xy_in=deg xy_out=rad step proj=aeqd lat_0=53.8381449716667 lon_0=17.6488101783333 x_0=0 y_0=0 ellps=WGS84
inv: proj=pipeline step inv proj=aeqd lat_0=53.8381449716667 lon_0=17.6488101783333 x_0=0 y_0=0 ellps=WGS84 step proj=unitconvert xy_in=rad xy_out=deg
after make_local_transformer
after H_coord
after tdoa_estimate_mode_6
after filter_est_track_by_radius
------------------------------------------------------------------------------------------
[Est_pos child] RUN OK: 20260511_193935_561383
[Est_pos child] Result length: 0
[Est_pos child] Output JSON: C:\Users\Dell\AppData\Local\Temp\zopbsp_estpos_glfn9dn2\estpos_result.json
==========================================================================================

[Est_pos parent] Run finished: 20260511_193935_561383
[Est_pos parent] Return code: 0
[Est_pos parent] JSON exists: True

[Est_pos parent] RUN OK: 20260511_193935_561383
[Est_pos parent] Result length: 0
----------------------------------------------------------------------------------------------------

----------------------------------------------------------------------------------------------------
[Est_pos parent] Starting run: 20260511_193939_481203
[Est_pos parent] Time: 2026-05-11 19:39:39.483216
[Est_pos parent] Command:
  C:\ProgramData\Anaconda3\envs\Console\python.exe -u -m Est_pos.estimate_pos_runner --out C:\Users\Dell\AppData\Local\Temp\zopbsp_estpos_pbh3ma22\estpos_result.json --session-log logs\estpos_subprocess\estpos_session_20260511_190502.log --run-id 20260511_193939_481203 C:\Pi_loc\05_11_03\RPI1\gps\GPS_RPI1_20260511_193630_Hydro_6673.txt C:\Pi_loc\05_11_03\RPI2\gps\GPS_RPI2_20260511_193630_Hydro_6675.txt C:\Pi_loc\05_11_03\RPI3\gps\GPS_RPI3_20260511_193630_Hydro_2624.txt C:\Pi_loc\05_11_03\RPI1\streaming\RBW6673_20260511_193630.wav C:\Pi_loc\05_11_03\RPI2\streaming\RBW6675_20260511_193630.wav C:\Pi_loc\05_11_03\RPI3\streaming\SAW2624_20260511_193630.wav
[Est_pos parent] Working directory:
  C:\Code\ZOPBSP_Console
----------------------------------------------------------------------------------------------------

==========================================================================================
[Est_pos child] RUN START: 20260511_193939_481203
[Est_pos child] Time: 2026-05-11 19:39:39.730515
[Est_pos child] Input files:
  gps1: C:\Pi_loc\05_11_03\RPI1\gps\GPS_RPI1_20260511_193630_Hydro_6673.txt
  gps2: C:\Pi_loc\05_11_03\RPI2\gps\GPS_RPI2_20260511_193630_Hydro_6675.txt
  gps3: C:\Pi_loc\05_11_03\RPI3\gps\GPS_RPI3_20260511_193630_Hydro_2624.txt
  wav1: C:\Pi_loc\05_11_03\RPI1\streaming\RBW6673_20260511_193630.wav
  wav2: C:\Pi_loc\05_11_03\RPI2\streaming\RBW6675_20260511_193630.wav
  wav3: C:\Pi_loc\05_11_03\RPI3\streaming\SAW2624_20260511_193630.wav
------------------------------------------------------------------------------------------
after import data
C:\ProgramData\Anaconda3\envs\Console\Lib\site-packages\scipy\interpolate\_interpolate.py:497: RuntimeWarning: invalid value encountered in divide
  slope = (y_hi - y_lo) / (x_hi - x_lo)[:, None]
after tdoa
GPS1: [[173630, 53.838144971666665, 17.648810178333335]]
GPS2: [[173630, 53.838144205, 17.648805460000002]]
GPS3: [[173630, 53.83814615166666, 17.648806236666665]]
ref_lat:  53.838144971666665
ref_lon:  17.648810178333335
aeqd: +proj=aeqd +lat_0=53.838144971666665 +lon_0=17.648810178333335 +datum=WGS84 +units=m +no_defs +type=crs
fwd: proj=pipeline step proj=unitconvert xy_in=deg xy_out=rad step proj=aeqd lat_0=53.8381449716667 lon_0=17.6488101783333 x_0=0 y_0=0 ellps=WGS84
inv: proj=pipeline step inv proj=aeqd lat_0=53.8381449716667 lon_0=17.6488101783333 x_0=0 y_0=0 ellps=WGS84 step proj=unitconvert xy_in=rad xy_out=deg
after make_local_transformer
after H_coord
after tdoa_estimate_mode_6
after filter_est_track_by_radius
------------------------------------------------------------------------------------------
[Est_pos child] RUN OK: 20260511_193939_481203
[Est_pos child] Result length: 0
[Est_pos child] Output JSON: C:\Users\Dell\AppData\Local\Temp\zopbsp_estpos_pbh3ma22\estpos_result.json
==========================================================================================

[Est_pos parent] Run finished: 20260511_193939_481203
[Est_pos parent] Return code: 0
[Est_pos parent] JSON exists: True

[Est_pos parent] RUN OK: 20260511_193939_481203
[Est_pos parent] Result length: 0
----------------------------------------------------------------------------------------------------

----------------------------------------------------------------------------------------------------
[Est_pos parent] Starting run: 20260511_193943_368953
[Est_pos parent] Time: 2026-05-11 19:39:43.371622
[Est_pos parent] Command:
  C:\ProgramData\Anaconda3\envs\Console\python.exe -u -m Est_pos.estimate_pos_runner --out C:\Users\Dell\AppData\Local\Temp\zopbsp_estpos_jr0pnnqj\estpos_result.json --session-log logs\estpos_subprocess\estpos_session_20260511_190502.log --run-id 20260511_193943_368953 C:\Pi_loc\05_11_03\RPI1\gps\GPS_RPI1_20260511_193650_Hydro_6673.txt C:\Pi_loc\05_11_03\RPI2\gps\GPS_RPI2_20260511_193650_Hydro_6675.txt C:\Pi_loc\05_11_03\RPI2\gps\GPS_RPI2_20260511_193650_Hydro_6675.txt C:\Pi_loc\05_11_03\RPI1\streaming\RBW6673_20260511_193650.wav C:\Pi_loc\05_11_03\RPI2\streaming\RBW6675_20260511_193650.wav C:\Pi_loc\05_11_03\RPI3\streaming\SAW2624_20260511_193650.wav
[Est_pos parent] Working directory:
  C:\Code\ZOPBSP_Console
----------------------------------------------------------------------------------------------------

==========================================================================================
[Est_pos child] RUN START: 20260511_193943_368953
[Est_pos child] Time: 2026-05-11 19:39:43.601865
[Est_pos child] Input files:
  gps1: C:\Pi_loc\05_11_03\RPI1\gps\GPS_RPI1_20260511_193650_Hydro_6673.txt
  gps2: C:\Pi_loc\05_11_03\RPI2\gps\GPS_RPI2_20260511_193650_Hydro_6675.txt
  gps3: C:\Pi_loc\05_11_03\RPI2\gps\GPS_RPI2_20260511_193650_Hydro_6675.txt
  wav1: C:\Pi_loc\05_11_03\RPI1\streaming\RBW6673_20260511_193650.wav
  wav2: C:\Pi_loc\05_11_03\RPI2\streaming\RBW6675_20260511_193650.wav
  wav3: C:\Pi_loc\05_11_03\RPI3\streaming\SAW2624_20260511_193650.wav
------------------------------------------------------------------------------------------
after import data
C:\ProgramData\Anaconda3\envs\Console\Lib\site-packages\scipy\interpolate\_interpolate.py:497: RuntimeWarning: invalid value encountered in divide
  slope = (y_hi - y_lo) / (x_hi - x_lo)[:, None]
after tdoa
GPS1: [[173650, 53.838144705, 17.64880998]]
GPS2: [[173650, 53.838144278333324, 17.64880550333333]]
GPS3: [[173650, 53.838144278333324, 17.64880550333333]]
ref_lat:  53.838144705
ref_lon:  17.64880998
aeqd: +proj=aeqd +lat_0=53.838144705 +lon_0=17.64880998 +datum=WGS84 +units=m +no_defs +type=crs
fwd: proj=pipeline step proj=unitconvert xy_in=deg xy_out=rad step proj=aeqd lat_0=53.838144705 lon_0=17.64880998 x_0=0 y_0=0 ellps=WGS84
inv: proj=pipeline step inv proj=aeqd lat_0=53.838144705 lon_0=17.64880998 x_0=0 y_0=0 ellps=WGS84 step proj=unitconvert xy_in=rad xy_out=deg
after make_local_transformer
after H_coord
after tdoa_estimate_mode_6
after filter_est_track_by_radius
------------------------------------------------------------------------------------------
[Est_pos child] RUN OK: 20260511_193943_368953
[Est_pos child] Result length: 1
[Est_pos child] Output JSON: C:\Users\Dell\AppData\Local\Temp\zopbsp_estpos_jr0pnnqj\estpos_result.json
==========================================================================================

[Est_pos parent] Run finished: 20260511_193943_368953
[Est_pos parent] Return code: 0
[Est_pos parent] JSON exists: True

[Est_pos parent] RUN OK: 20260511_193943_368953
[Est_pos parent] Result length: 1
----------------------------------------------------------------------------------------------------

----------------------------------------------------------------------------------------------------
[Est_pos parent] Starting run: 20260511_193947_367860
[Est_pos parent] Time: 2026-05-11 19:39:47.369875
[Est_pos parent] Command:
  C:\ProgramData\Anaconda3\envs\Console\python.exe -u -m Est_pos.estimate_pos_runner --out C:\Users\Dell\AppData\Local\Temp\zopbsp_estpos_gpr_5ldh\estpos_result.json --session-log logs\estpos_subprocess\estpos_session_20260511_190502.log --run-id 20260511_193947_367860 C:\Pi_loc\05_11_03\RPI1\gps\GPS_RPI1_20260511_193650_Hydro_6673.txt C:\Pi_loc\05_11_03\RPI2\gps\GPS_RPI2_20260511_193650_Hydro_6675.txt C:\Pi_loc\05_11_03\RPI3\gps\GPS_RPI3_20260511_193650_Hydro_2624.txt C:\Pi_loc\05_11_03\RPI1\streaming\RBW6673_20260511_193650.wav C:\Pi_loc\05_11_03\RPI2\streaming\RBW6675_20260511_193650.wav C:\Pi_loc\05_11_03\RPI3\streaming\SAW2624_20260511_193650.wav
[Est_pos parent] Working directory:
  C:\Code\ZOPBSP_Console
----------------------------------------------------------------------------------------------------

==========================================================================================
[Est_pos child] RUN START: 20260511_193947_367860
[Est_pos child] Time: 2026-05-11 19:39:47.614640
[Est_pos child] Input files:
  gps1: C:\Pi_loc\05_11_03\RPI1\gps\GPS_RPI1_20260511_193650_Hydro_6673.txt
  gps2: C:\Pi_loc\05_11_03\RPI2\gps\GPS_RPI2_20260511_193650_Hydro_6675.txt
  gps3: C:\Pi_loc\05_11_03\RPI3\gps\GPS_RPI3_20260511_193650_Hydro_2624.txt
  wav1: C:\Pi_loc\05_11_03\RPI1\streaming\RBW6673_20260511_193650.wav
  wav2: C:\Pi_loc\05_11_03\RPI2\streaming\RBW6675_20260511_193650.wav
  wav3: C:\Pi_loc\05_11_03\RPI3\streaming\SAW2624_20260511_193650.wav
------------------------------------------------------------------------------------------
after import data
C:\ProgramData\Anaconda3\envs\Console\Lib\site-packages\scipy\interpolate\_interpolate.py:497: RuntimeWarning: invalid value encountered in divide
  slope = (y_hi - y_lo) / (x_hi - x_lo)[:, None]
after tdoa
GPS1: [[173650, 53.838144705, 17.64880998]]
GPS2: [[173650, 53.838144278333324, 17.64880550333333]]
GPS3: [[173650, 53.83817364666667, 17.648788348333333]]
ref_lat:  53.838144705
ref_lon:  17.64880998
aeqd: +proj=aeqd +lat_0=53.838144705 +lon_0=17.64880998 +datum=WGS84 +units=m +no_defs +type=crs
fwd: proj=pipeline step proj=unitconvert xy_in=deg xy_out=rad step proj=aeqd lat_0=53.838144705 lon_0=17.64880998 x_0=0 y_0=0 ellps=WGS84
inv: proj=pipeline step inv proj=aeqd lat_0=53.838144705 lon_0=17.64880998 x_0=0 y_0=0 ellps=WGS84 step proj=unitconvert xy_in=rad xy_out=deg
after make_local_transformer
after H_coord
after tdoa_estimate_mode_6
after filter_est_track_by_radius
------------------------------------------------------------------------------------------
[Est_pos child] RUN OK: 20260511_193947_367860
[Est_pos child] Result length: 0
[Est_pos child] Output JSON: C:\Users\Dell\AppData\Local\Temp\zopbsp_estpos_gpr_5ldh\estpos_result.json
==========================================================================================

[Est_pos parent] Run finished: 20260511_193947_367860
[Est_pos parent] Return code: 0
[Est_pos parent] JSON exists: True

[Est_pos parent] RUN OK: 20260511_193947_367860
[Est_pos parent] Result length: 0
----------------------------------------------------------------------------------------------------

----------------------------------------------------------------------------------------------------
[Est_pos parent] Starting run: 20260511_193951_320355
[Est_pos parent] Time: 2026-05-11 19:39:51.320355
[Est_pos parent] Command:
  C:\ProgramData\Anaconda3\envs\Console\python.exe -u -m Est_pos.estimate_pos_runner --out C:\Users\Dell\AppData\Local\Temp\zopbsp_estpos_z5d5tgbp\estpos_result.json --session-log logs\estpos_subprocess\estpos_session_20260511_190502.log --run-id 20260511_193951_320355 C:\Pi_loc\05_11_03\RPI1\gps\GPS_RPI1_20260511_193700_Hydro_6673.txt C:\Pi_loc\05_11_03\RPI2\gps\GPS_RPI2_20260511_193700_Hydro_6675.txt C:\Pi_loc\05_11_03\RPI2\gps\GPS_RPI2_20260511_193700_Hydro_6675.txt C:\Pi_loc\05_11_03\RPI1\streaming\RBW6673_20260511_193700.wav C:\Pi_loc\05_11_03\RPI2\streaming\RBW6675_20260511_193700.wav C:\Pi_loc\05_11_03\RPI3\streaming\SAW2624_20260511_193700.wav
[Est_pos parent] Working directory:
  C:\Code\ZOPBSP_Console
----------------------------------------------------------------------------------------------------

==========================================================================================
[Est_pos child] RUN START: 20260511_193951_320355
[Est_pos child] Time: 2026-05-11 19:39:51.567145
[Est_pos child] Input files:
  gps1: C:\Pi_loc\05_11_03\RPI1\gps\GPS_RPI1_20260511_193700_Hydro_6673.txt
  gps2: C:\Pi_loc\05_11_03\RPI2\gps\GPS_RPI2_20260511_193700_Hydro_6675.txt
  gps3: C:\Pi_loc\05_11_03\RPI2\gps\GPS_RPI2_20260511_193700_Hydro_6675.txt
  wav1: C:\Pi_loc\05_11_03\RPI1\streaming\RBW6673_20260511_193700.wav
  wav2: C:\Pi_loc\05_11_03\RPI2\streaming\RBW6675_20260511_193700.wav
  wav3: C:\Pi_loc\05_11_03\RPI3\streaming\SAW2624_20260511_193700.wav
------------------------------------------------------------------------------------------
after import data
C:\ProgramData\Anaconda3\envs\Console\Lib\site-packages\scipy\interpolate\_interpolate.py:497: RuntimeWarning: invalid value encountered in divide
  slope = (y_hi - y_lo) / (x_hi - x_lo)[:, None]
after tdoa
GPS1: [[173700, 53.838144766666666, 17.648809981666666]]
GPS2: [[173700, 53.838144365, 17.648805481666667]]
GPS3: [[173700, 53.838144365, 17.648805481666667]]
ref_lat:  53.838144766666666
ref_lon:  17.648809981666666
aeqd: +proj=aeqd +lat_0=53.838144766666666 +lon_0=17.648809981666666 +datum=WGS84 +units=m +no_defs +type=crs
fwd: proj=pipeline step proj=unitconvert xy_in=deg xy_out=rad step proj=aeqd lat_0=53.8381447666667 lon_0=17.6488099816667 x_0=0 y_0=0 ellps=WGS84
inv: proj=pipeline step inv proj=aeqd lat_0=53.8381447666667 lon_0=17.6488099816667 x_0=0 y_0=0 ellps=WGS84 step proj=unitconvert xy_in=rad xy_out=deg
after make_local_transformer
after H_coord
after tdoa_estimate_mode_6
after filter_est_track_by_radius
------------------------------------------------------------------------------------------
[Est_pos child] RUN OK: 20260511_193951_320355
[Est_pos child] Result length: 1
[Est_pos child] Output JSON: C:\Users\Dell\AppData\Local\Temp\zopbsp_estpos_z5d5tgbp\estpos_result.json
==========================================================================================

[Est_pos parent] Run finished: 20260511_193951_320355
[Est_pos parent] Return code: 0
[Est_pos parent] JSON exists: True

[Est_pos parent] RUN OK: 20260511_193951_320355
[Est_pos parent] Result length: 1
----------------------------------------------------------------------------------------------------

----------------------------------------------------------------------------------------------------
[Est_pos parent] Starting run: 20260511_193955_217787
[Est_pos parent] Time: 2026-05-11 19:39:55.219802
[Est_pos parent] Command:
  C:\ProgramData\Anaconda3\envs\Console\python.exe -u -m Est_pos.estimate_pos_runner --out C:\Users\Dell\AppData\Local\Temp\zopbsp_estpos_e7pkxa0n\estpos_result.json --session-log logs\estpos_subprocess\estpos_session_20260511_190502.log --run-id 20260511_193955_217787 C:\Pi_loc\05_11_03\RPI1\gps\GPS_RPI1_20260511_193700_Hydro_6673.txt C:\Pi_loc\05_11_03\RPI2\gps\GPS_RPI2_20260511_193700_Hydro_6675.txt C:\Pi_loc\05_11_03\RPI3\gps\GPS_RPI3_20260511_193700_Hydro_2624.txt C:\Pi_loc\05_11_03\RPI1\streaming\RBW6673_20260511_193700.wav C:\Pi_loc\05_11_03\RPI2\streaming\RBW6675_20260511_193700.wav C:\Pi_loc\05_11_03\RPI3\streaming\SAW2624_20260511_193700.wav
[Est_pos parent] Working directory:
  C:\Code\ZOPBSP_Console
----------------------------------------------------------------------------------------------------

==========================================================================================
[Est_pos child] RUN START: 20260511_193955_217787
[Est_pos child] Time: 2026-05-11 19:39:55.542718
[Est_pos child] Input files:
  gps1: C:\Pi_loc\05_11_03\RPI1\gps\GPS_RPI1_20260511_193700_Hydro_6673.txt
  gps2: C:\Pi_loc\05_11_03\RPI2\gps\GPS_RPI2_20260511_193700_Hydro_6675.txt
  gps3: C:\Pi_loc\05_11_03\RPI3\gps\GPS_RPI3_20260511_193700_Hydro_2624.txt
  wav1: C:\Pi_loc\05_11_03\RPI1\streaming\RBW6673_20260511_193700.wav
  wav2: C:\Pi_loc\05_11_03\RPI2\streaming\RBW6675_20260511_193700.wav
  wav3: C:\Pi_loc\05_11_03\RPI3\streaming\SAW2624_20260511_193700.wav
------------------------------------------------------------------------------------------
after import data
C:\ProgramData\Anaconda3\envs\Console\Lib\site-packages\scipy\interpolate\_interpolate.py:497: RuntimeWarning: invalid value encountered in divide
  slope = (y_hi - y_lo) / (x_hi - x_lo)[:, None]
after tdoa
GPS1: [[173700, 53.838144766666666, 17.648809981666666]]
GPS2: [[173700, 53.838144365, 17.648805481666667]]
GPS3: [[173700, 53.838170006666665, 17.64878978]]
ref_lat:  53.838144766666666
ref_lon:  17.648809981666666
aeqd: +proj=aeqd +lat_0=53.838144766666666 +lon_0=17.648809981666666 +datum=WGS84 +units=m +no_defs +type=crs
fwd: proj=pipeline step proj=unitconvert xy_in=deg xy_out=rad step proj=aeqd lat_0=53.8381447666667 lon_0=17.6488099816667 x_0=0 y_0=0 ellps=WGS84
inv: proj=pipeline step inv proj=aeqd lat_0=53.8381447666667 lon_0=17.6488099816667 x_0=0 y_0=0 ellps=WGS84 step proj=unitconvert xy_in=rad xy_out=deg
after make_local_transformer
after H_coord
after tdoa_estimate_mode_6
after filter_est_track_by_radius
------------------------------------------------------------------------------------------
[Est_pos child] RUN OK: 20260511_193955_217787
[Est_pos child] Result length: 0
[Est_pos child] Output JSON: C:\Users\Dell\AppData\Local\Temp\zopbsp_estpos_e7pkxa0n\estpos_result.json
==========================================================================================

[Est_pos parent] Run finished: 20260511_193955_217787
[Est_pos parent] Return code: 0
[Est_pos parent] JSON exists: True

[Est_pos parent] RUN OK: 20260511_193955_217787
[Est_pos parent] Result length: 0
----------------------------------------------------------------------------------------------------

----------------------------------------------------------------------------------------------------
[Est_pos parent] Starting run: 20260511_193959_148679
[Est_pos parent] Time: 2026-05-11 19:39:59.148679
[Est_pos parent] Command:
  C:\ProgramData\Anaconda3\envs\Console\python.exe -u -m Est_pos.estimate_pos_runner --out C:\Users\Dell\AppData\Local\Temp\zopbsp_estpos_xptv0qaq\estpos_result.json --session-log logs\estpos_subprocess\estpos_session_20260511_190502.log --run-id 20260511_193959_148679 C:\Pi_loc\05_11_03\RPI1\gps\GPS_RPI1_20260511_193640_Hydro_6673.txt C:\Pi_loc\05_11_03\RPI2\gps\GPS_RPI2_20260511_193640_Hydro_6675.txt C:\Pi_loc\05_11_03\RPI2\gps\GPS_RPI2_20260511_193640_Hydro_6675.txt C:\Pi_loc\05_11_03\RPI1\streaming\RBW6673_20260511_193640.wav C:\Pi_loc\05_11_03\RPI2\streaming\RBW6675_20260511_193640.wav C:\Pi_loc\05_11_03\RPI3\streaming\SAW2624_20260511_193640.wav
[Est_pos parent] Working directory:
  C:\Code\ZOPBSP_Console
----------------------------------------------------------------------------------------------------

==========================================================================================
[Est_pos child] RUN START: 20260511_193959_148679
[Est_pos child] Time: 2026-05-11 19:39:59.387234
[Est_pos child] Input files:
  gps1: C:\Pi_loc\05_11_03\RPI1\gps\GPS_RPI1_20260511_193640_Hydro_6673.txt
  gps2: C:\Pi_loc\05_11_03\RPI2\gps\GPS_RPI2_20260511_193640_Hydro_6675.txt
  gps3: C:\Pi_loc\05_11_03\RPI2\gps\GPS_RPI2_20260511_193640_Hydro_6675.txt
  wav1: C:\Pi_loc\05_11_03\RPI1\streaming\RBW6673_20260511_193640.wav
  wav2: C:\Pi_loc\05_11_03\RPI2\streaming\RBW6675_20260511_193640.wav
  wav3: C:\Pi_loc\05_11_03\RPI3\streaming\SAW2624_20260511_193640.wav
------------------------------------------------------------------------------------------
after import data
C:\ProgramData\Anaconda3\envs\Console\Lib\site-packages\scipy\interpolate\_interpolate.py:497: RuntimeWarning: invalid value encountered in divide
  slope = (y_hi - y_lo) / (x_hi - x_lo)[:, None]
after tdoa
GPS1: [[173640, 53.83814498, 17.648810105]]
GPS2: [[173640, 53.838144345, 17.648805418333332]]
GPS3: [[173640, 53.838144345, 17.648805418333332]]
ref_lat:  53.83814498
ref_lon:  17.648810105
aeqd: +proj=aeqd +lat_0=53.83814498 +lon_0=17.648810105 +datum=WGS84 +units=m +no_defs +type=crs
fwd: proj=pipeline step proj=unitconvert xy_in=deg xy_out=rad step proj=aeqd lat_0=53.83814498 lon_0=17.648810105 x_0=0 y_0=0 ellps=WGS84
inv: proj=pipeline step inv proj=aeqd lat_0=53.83814498 lon_0=17.648810105 x_0=0 y_0=0 ellps=WGS84 step proj=unitconvert xy_in=rad xy_out=deg
after make_local_transformer
after H_coord
after tdoa_estimate_mode_6
after filter_est_track_by_radius
------------------------------------------------------------------------------------------
[Est_pos child] RUN OK: 20260511_193959_148679
[Est_pos child] Result length: 0
[Est_pos child] Output JSON: C:\Users\Dell\AppData\Local\Temp\zopbsp_estpos_xptv0qaq\estpos_result.json
==========================================================================================

[Est_pos parent] Run finished: 20260511_193959_148679
[Est_pos parent] Return code: 0
[Est_pos parent] JSON exists: True

[Est_pos parent] RUN OK: 20260511_193959_148679
[Est_pos parent] Result length: 0
----------------------------------------------------------------------------------------------------

----------------------------------------------------------------------------------------------------
[Est_pos parent] Starting run: 20260511_194003_172396
[Est_pos parent] Time: 2026-05-11 19:40:03.174414
[Est_pos parent] Command:
  C:\ProgramData\Anaconda3\envs\Console\python.exe -u -m Est_pos.estimate_pos_runner --out C:\Users\Dell\AppData\Local\Temp\zopbsp_estpos_a4pvehwd\estpos_result.json --session-log logs\estpos_subprocess\estpos_session_20260511_190502.log --run-id 20260511_194003_172396 C:\Pi_loc\05_11_03\RPI1\gps\GPS_RPI1_20260511_193640_Hydro_6673.txt C:\Pi_loc\05_11_03\RPI2\gps\GPS_RPI2_20260511_193640_Hydro_6675.txt C:\Pi_loc\05_11_03\RPI3\gps\GPS_RPI3_20260511_193640_Hydro_2624.txt C:\Pi_loc\05_11_03\RPI1\streaming\RBW6673_20260511_193640.wav C:\Pi_loc\05_11_03\RPI2\streaming\RBW6675_20260511_193640.wav C:\Pi_loc\05_11_03\RPI3\streaming\SAW2624_20260511_193640.wav
[Est_pos parent] Working directory:
  C:\Code\ZOPBSP_Console
----------------------------------------------------------------------------------------------------

==========================================================================================
[Est_pos child] RUN START: 20260511_194003_172396
[Est_pos child] Time: 2026-05-11 19:40:03.465011
[Est_pos child] Input files:
  gps1: C:\Pi_loc\05_11_03\RPI1\gps\GPS_RPI1_20260511_193640_Hydro_6673.txt
  gps2: C:\Pi_loc\05_11_03\RPI2\gps\GPS_RPI2_20260511_193640_Hydro_6675.txt
  gps3: C:\Pi_loc\05_11_03\RPI3\gps\GPS_RPI3_20260511_193640_Hydro_2624.txt
  wav1: C:\Pi_loc\05_11_03\RPI1\streaming\RBW6673_20260511_193640.wav
  wav2: C:\Pi_loc\05_11_03\RPI2\streaming\RBW6675_20260511_193640.wav
  wav3: C:\Pi_loc\05_11_03\RPI3\streaming\SAW2624_20260511_193640.wav
------------------------------------------------------------------------------------------
after import data
C:\ProgramData\Anaconda3\envs\Console\Lib\site-packages\scipy\interpolate\_interpolate.py:497: RuntimeWarning: invalid value encountered in divide
  slope = (y_hi - y_lo) / (x_hi - x_lo)[:, None]
after tdoa
GPS1: [[173640, 53.83814498, 17.648810105]]
GPS2: [[173640, 53.838144345, 17.648805418333332]]
GPS3: [[173640, 53.83817551833334, 17.648782338333334]]
ref_lat:  53.83814498
ref_lon:  17.648810105
aeqd: +proj=aeqd +lat_0=53.83814498 +lon_0=17.648810105 +datum=WGS84 +units=m +no_defs +type=crs
fwd: proj=pipeline step proj=unitconvert xy_in=deg xy_out=rad step proj=aeqd lat_0=53.83814498 lon_0=17.648810105 x_0=0 y_0=0 ellps=WGS84
inv: proj=pipeline step inv proj=aeqd lat_0=53.83814498 lon_0=17.648810105 x_0=0 y_0=0 ellps=WGS84 step proj=unitconvert xy_in=rad xy_out=deg
after make_local_transformer
after H_coord
after tdoa_estimate_mode_6
after filter_est_track_by_radius
------------------------------------------------------------------------------------------
[Est_pos child] RUN OK: 20260511_194003_172396
[Est_pos child] Result length: 0
[Est_pos child] Output JSON: C:\Users\Dell\AppData\Local\Temp\zopbsp_estpos_a4pvehwd\estpos_result.json
==========================================================================================

[Est_pos parent] Run finished: 20260511_194003_172396
[Est_pos parent] Return code: 0
[Est_pos parent] JSON exists: True

[Est_pos parent] RUN OK: 20260511_194003_172396
[Est_pos parent] Result length: 0
----------------------------------------------------------------------------------------------------

----------------------------------------------------------------------------------------------------
[Est_pos parent] Starting run: 20260511_194007_384156
[Est_pos parent] Time: 2026-05-11 19:40:07.386173
[Est_pos parent] Command:
  C:\ProgramData\Anaconda3\envs\Console\python.exe -u -m Est_pos.estimate_pos_runner --out C:\Users\Dell\AppData\Local\Temp\zopbsp_estpos_wfyurms0\estpos_result.json --session-log logs\estpos_subprocess\estpos_session_20260511_190502.log --run-id 20260511_194007_384156 C:\Pi_loc\05_11_03\RPI1\gps\GPS_RPI1_20260511_193710_Hydro_6673.txt C:\Pi_loc\05_11_03\RPI2\gps\GPS_RPI2_20260511_193710_Hydro_6675.txt C:\Pi_loc\05_11_03\RPI2\gps\GPS_RPI2_20260511_193710_Hydro_6675.txt C:\Pi_loc\05_11_03\RPI1\streaming\RBW6673_20260511_193710.wav C:\Pi_loc\05_11_03\RPI2\streaming\RBW6675_20260511_193710.wav C:\Pi_loc\05_11_03\RPI3\streaming\SAW2624_20260511_193710.wav
[Est_pos parent] Working directory:
  C:\Code\ZOPBSP_Console
----------------------------------------------------------------------------------------------------

==========================================================================================
[Est_pos child] RUN START: 20260511_194007_384156
[Est_pos child] Time: 2026-05-11 19:40:07.676762
[Est_pos child] Input files:
  gps1: C:\Pi_loc\05_11_03\RPI1\gps\GPS_RPI1_20260511_193710_Hydro_6673.txt
  gps2: C:\Pi_loc\05_11_03\RPI2\gps\GPS_RPI2_20260511_193710_Hydro_6675.txt
  gps3: C:\Pi_loc\05_11_03\RPI2\gps\GPS_RPI2_20260511_193710_Hydro_6675.txt
  wav1: C:\Pi_loc\05_11_03\RPI1\streaming\RBW6673_20260511_193710.wav
  wav2: C:\Pi_loc\05_11_03\RPI2\streaming\RBW6675_20260511_193710.wav
  wav3: C:\Pi_loc\05_11_03\RPI3\streaming\SAW2624_20260511_193710.wav
------------------------------------------------------------------------------------------
after import data
C:\ProgramData\Anaconda3\envs\Console\Lib\site-packages\scipy\interpolate\_interpolate.py:497: RuntimeWarning: invalid value encountered in divide
  slope = (y_hi - y_lo) / (x_hi - x_lo)[:, None]
after tdoa
GPS1: [[173710, 53.83814498333333, 17.648809975]]
GPS2: [[173710, 53.838144469999996, 17.64880544]]
GPS3: [[173710, 53.838144469999996, 17.64880544]]
ref_lat:  53.83814498333333
ref_lon:  17.648809975
aeqd: +proj=aeqd +lat_0=53.83814498333333 +lon_0=17.648809975 +datum=WGS84 +units=m +no_defs +type=crs
fwd: proj=pipeline step proj=unitconvert xy_in=deg xy_out=rad step proj=aeqd lat_0=53.8381449833333 lon_0=17.648809975 x_0=0 y_0=0 ellps=WGS84
inv: proj=pipeline step inv proj=aeqd lat_0=53.8381449833333 lon_0=17.648809975 x_0=0 y_0=0 ellps=WGS84 step proj=unitconvert xy_in=rad xy_out=deg
after make_local_transformer
after H_coord
after tdoa_estimate_mode_6
after filter_est_track_by_radius
------------------------------------------------------------------------------------------
[Est_pos child] RUN OK: 20260511_194007_384156
[Est_pos child] Result length: 1
[Est_pos child] Output JSON: C:\Users\Dell\AppData\Local\Temp\zopbsp_estpos_wfyurms0\estpos_result.json
==========================================================================================

[Est_pos parent] Run finished: 20260511_194007_384156
[Est_pos parent] Return code: 0
[Est_pos parent] JSON exists: True

[Est_pos parent] RUN OK: 20260511_194007_384156
[Est_pos parent] Result length: 1
----------------------------------------------------------------------------------------------------

----------------------------------------------------------------------------------------------------
[Est_pos parent] Starting run: 20260511_194011_428441
[Est_pos parent] Time: 2026-05-11 19:40:11.430465
[Est_pos parent] Command:
  C:\ProgramData\Anaconda3\envs\Console\python.exe -u -m Est_pos.estimate_pos_runner --out C:\Users\Dell\AppData\Local\Temp\zopbsp_estpos_ux0scv71\estpos_result.json --session-log logs\estpos_subprocess\estpos_session_20260511_190502.log --run-id 20260511_194011_428441 C:\Pi_loc\05_11_03\RPI1\gps\GPS_RPI1_20260511_193710_Hydro_6673.txt C:\Pi_loc\05_11_03\RPI2\gps\GPS_RPI2_20260511_193710_Hydro_6675.txt C:\Pi_loc\05_11_03\RPI3\gps\GPS_RPI3_20260511_193710_Hydro_2624.txt C:\Pi_loc\05_11_03\RPI1\streaming\RBW6673_20260511_193710.wav C:\Pi_loc\05_11_03\RPI2\streaming\RBW6675_20260511_193710.wav C:\Pi_loc\05_11_03\RPI3\streaming\SAW2624_20260511_193710.wav
[Est_pos parent] Working directory:
  C:\Code\ZOPBSP_Console
----------------------------------------------------------------------------------------------------

==========================================================================================
[Est_pos child] RUN START: 20260511_194011_428441
[Est_pos child] Time: 2026-05-11 19:40:11.792095
[Est_pos child] Input files:
  gps1: C:\Pi_loc\05_11_03\RPI1\gps\GPS_RPI1_20260511_193710_Hydro_6673.txt
  gps2: C:\Pi_loc\05_11_03\RPI2\gps\GPS_RPI2_20260511_193710_Hydro_6675.txt
  gps3: C:\Pi_loc\05_11_03\RPI3\gps\GPS_RPI3_20260511_193710_Hydro_2624.txt
  wav1: C:\Pi_loc\05_11_03\RPI1\streaming\RBW6673_20260511_193710.wav
  wav2: C:\Pi_loc\05_11_03\RPI2\streaming\RBW6675_20260511_193710.wav
  wav3: C:\Pi_loc\05_11_03\RPI3\streaming\SAW2624_20260511_193710.wav
------------------------------------------------------------------------------------------
after import data
C:\ProgramData\Anaconda3\envs\Console\Lib\site-packages\scipy\interpolate\_interpolate.py:497: RuntimeWarning: invalid value encountered in divide
  slope = (y_hi - y_lo) / (x_hi - x_lo)[:, None]
after tdoa
GPS1: [[173710, 53.83814498333333, 17.648809975]]
GPS2: [[173710, 53.838144469999996, 17.64880544]]
GPS3: [[173710, 53.83816796666667, 17.648789455]]
ref_lat:  53.83814498333333
ref_lon:  17.648809975
aeqd: +proj=aeqd +lat_0=53.83814498333333 +lon_0=17.648809975 +datum=WGS84 +units=m +no_defs +type=crs
fwd: proj=pipeline step proj=unitconvert xy_in=deg xy_out=rad step proj=aeqd lat_0=53.8381449833333 lon_0=17.648809975 x_0=0 y_0=0 ellps=WGS84
inv: proj=pipeline step inv proj=aeqd lat_0=53.8381449833333 lon_0=17.648809975 x_0=0 y_0=0 ellps=WGS84 step proj=unitconvert xy_in=rad xy_out=deg
after make_local_transformer
after H_coord
after tdoa_estimate_mode_6
after filter_est_track_by_radius
------------------------------------------------------------------------------------------
[Est_pos child] RUN OK: 20260511_194011_428441
[Est_pos child] Result length: 0
[Est_pos child] Output JSON: C:\Users\Dell\AppData\Local\Temp\zopbsp_estpos_ux0scv71\estpos_result.json
==========================================================================================

[Est_pos parent] Run finished: 20260511_194011_428441
[Est_pos parent] Return code: 0
[Est_pos parent] JSON exists: True

[Est_pos parent] RUN OK: 20260511_194011_428441
[Est_pos parent] Result length: 0
----------------------------------------------------------------------------------------------------

----------------------------------------------------------------------------------------------------
[Est_pos parent] Starting run: 20260511_194015_491333
[Est_pos parent] Time: 2026-05-11 19:40:15.494930
[Est_pos parent] Command:
  C:\ProgramData\Anaconda3\envs\Console\python.exe -u -m Est_pos.estimate_pos_runner --out C:\Users\Dell\AppData\Local\Temp\zopbsp_estpos_h4gh1r3w\estpos_result.json --session-log logs\estpos_subprocess\estpos_session_20260511_190502.log --run-id 20260511_194015_491333 C:\Pi_loc\05_11_03\RPI1\gps\GPS_RPI1_20260511_193730_Hydro_6673.txt C:\Pi_loc\05_11_03\RPI2\gps\GPS_RPI2_20260511_193730_Hydro_6675.txt C:\Pi_loc\05_11_03\RPI2\gps\GPS_RPI2_20260511_193730_Hydro_6675.txt C:\Pi_loc\05_11_03\RPI1\streaming\RBW6673_20260511_193730.wav C:\Pi_loc\05_11_03\RPI2\streaming\RBW6675_20260511_193730.wav C:\Pi_loc\05_11_03\RPI3\streaming\SAW2624_20260511_193730.wav
[Est_pos parent] Working directory:
  C:\Code\ZOPBSP_Console
----------------------------------------------------------------------------------------------------

==========================================================================================
[Est_pos child] RUN START: 20260511_194015_491333
[Est_pos child] Time: 2026-05-11 19:40:15.731586
[Est_pos child] Input files:
  gps1: C:\Pi_loc\05_11_03\RPI1\gps\GPS_RPI1_20260511_193730_Hydro_6673.txt
  gps2: C:\Pi_loc\05_11_03\RPI2\gps\GPS_RPI2_20260511_193730_Hydro_6675.txt
  gps3: C:\Pi_loc\05_11_03\RPI2\gps\GPS_RPI2_20260511_193730_Hydro_6675.txt
  wav1: C:\Pi_loc\05_11_03\RPI1\streaming\RBW6673_20260511_193730.wav
  wav2: C:\Pi_loc\05_11_03\RPI2\streaming\RBW6675_20260511_193730.wav
  wav3: C:\Pi_loc\05_11_03\RPI3\streaming\SAW2624_20260511_193730.wav
------------------------------------------------------------------------------------------
after import data
C:\ProgramData\Anaconda3\envs\Console\Lib\site-packages\scipy\interpolate\_interpolate.py:497: RuntimeWarning: invalid value encountered in divide
  slope = (y_hi - y_lo) / (x_hi - x_lo)[:, None]
after tdoa
GPS1: [[173730, 53.83814489166666, 17.648809983333333]]
GPS2: [[173730, 53.838144426666666, 17.648805461666665]]
GPS3: [[173730, 53.838144426666666, 17.648805461666665]]
ref_lat:  53.83814489166666
ref_lon:  17.648809983333333
aeqd: +proj=aeqd +lat_0=53.83814489166666 +lon_0=17.648809983333333 +datum=WGS84 +units=m +no_defs +type=crs
fwd: proj=pipeline step proj=unitconvert xy_in=deg xy_out=rad step proj=aeqd lat_0=53.8381448916667 lon_0=17.6488099833333 x_0=0 y_0=0 ellps=WGS84
inv: proj=pipeline step inv proj=aeqd lat_0=53.8381448916667 lon_0=17.6488099833333 x_0=0 y_0=0 ellps=WGS84 step proj=unitconvert xy_in=rad xy_out=deg
after make_local_transformer
after H_coord
after tdoa_estimate_mode_6
after filter_est_track_by_radius
------------------------------------------------------------------------------------------
[Est_pos child] RUN OK: 20260511_194015_491333
[Est_pos child] Result length: 0
[Est_pos child] Output JSON: C:\Users\Dell\AppData\Local\Temp\zopbsp_estpos_h4gh1r3w\estpos_result.json
==========================================================================================

[Est_pos parent] Run finished: 20260511_194015_491333
[Est_pos parent] Return code: 0
[Est_pos parent] JSON exists: True

[Est_pos parent] RUN OK: 20260511_194015_491333
[Est_pos parent] Result length: 0
----------------------------------------------------------------------------------------------------

----------------------------------------------------------------------------------------------------
[Est_pos parent] Starting run: 20260511_194019_325689
[Est_pos parent] Time: 2026-05-11 19:40:19.327712
[Est_pos parent] Command:
  C:\ProgramData\Anaconda3\envs\Console\python.exe -u -m Est_pos.estimate_pos_runner --out C:\Users\Dell\AppData\Local\Temp\zopbsp_estpos_jdac9g_u\estpos_result.json --session-log logs\estpos_subprocess\estpos_session_20260511_190502.log --run-id 20260511_194019_325689 C:\Pi_loc\05_11_03\RPI1\gps\GPS_RPI1_20260511_193730_Hydro_6673.txt C:\Pi_loc\05_11_03\RPI2\gps\GPS_RPI2_20260511_193730_Hydro_6675.txt C:\Pi_loc\05_11_03\RPI3\gps\GPS_RPI3_20260511_193730_Hydro_2624.txt C:\Pi_loc\05_11_03\RPI1\streaming\RBW6673_20260511_193730.wav C:\Pi_loc\05_11_03\RPI2\streaming\RBW6675_20260511_193730.wav C:\Pi_loc\05_11_03\RPI3\streaming\SAW2624_20260511_193730.wav
[Est_pos parent] Working directory:
  C:\Code\ZOPBSP_Console
----------------------------------------------------------------------------------------------------

==========================================================================================
[Est_pos child] RUN START: 20260511_194019_325689
[Est_pos child] Time: 2026-05-11 19:40:19.673210
[Est_pos child] Input files:
  gps1: C:\Pi_loc\05_11_03\RPI1\gps\GPS_RPI1_20260511_193730_Hydro_6673.txt
  gps2: C:\Pi_loc\05_11_03\RPI2\gps\GPS_RPI2_20260511_193730_Hydro_6675.txt
  gps3: C:\Pi_loc\05_11_03\RPI3\gps\GPS_RPI3_20260511_193730_Hydro_2624.txt
  wav1: C:\Pi_loc\05_11_03\RPI1\streaming\RBW6673_20260511_193730.wav
  wav2: C:\Pi_loc\05_11_03\RPI2\streaming\RBW6675_20260511_193730.wav
  wav3: C:\Pi_loc\05_11_03\RPI3\streaming\SAW2624_20260511_193730.wav
------------------------------------------------------------------------------------------
after import data
C:\ProgramData\Anaconda3\envs\Console\Lib\site-packages\scipy\interpolate\_interpolate.py:497: RuntimeWarning: invalid value encountered in divide
  slope = (y_hi - y_lo) / (x_hi - x_lo)[:, None]
after tdoa
GPS1: [[173730, 53.83814489166666, 17.648809983333333]]
GPS2: [[173730, 53.838144426666666, 17.648805461666665]]
GPS3: [[173730, 53.838155898333326, 17.648791593333332]]
ref_lat:  53.83814489166666
ref_lon:  17.648809983333333
aeqd: +proj=aeqd +lat_0=53.83814489166666 +lon_0=17.648809983333333 +datum=WGS84 +units=m +no_defs +type=crs
fwd: proj=pipeline step proj=unitconvert xy_in=deg xy_out=rad step proj=aeqd lat_0=53.8381448916667 lon_0=17.6488099833333 x_0=0 y_0=0 ellps=WGS84
inv: proj=pipeline step inv proj=aeqd lat_0=53.8381448916667 lon_0=17.6488099833333 x_0=0 y_0=0 ellps=WGS84 step proj=unitconvert xy_in=rad xy_out=deg
after make_local_transformer
after H_coord
after tdoa_estimate_mode_6
after filter_est_track_by_radius
------------------------------------------------------------------------------------------
[Est_pos child] RUN OK: 20260511_194019_325689
[Est_pos child] Result length: 0
[Est_pos child] Output JSON: C:\Users\Dell\AppData\Local\Temp\zopbsp_estpos_jdac9g_u\estpos_result.json
==========================================================================================

[Est_pos parent] Run finished: 20260511_194019_325689
[Est_pos parent] Return code: 0
[Est_pos parent] JSON exists: True

[Est_pos parent] RUN OK: 20260511_194019_325689
[Est_pos parent] Result length: 0
----------------------------------------------------------------------------------------------------

----------------------------------------------------------------------------------------------------
[Est_pos parent] Starting run: 20260511_194023_199848
[Est_pos parent] Time: 2026-05-11 19:40:23.199848
[Est_pos parent] Command:
  C:\ProgramData\Anaconda3\envs\Console\python.exe -u -m Est_pos.estimate_pos_runner --out C:\Users\Dell\AppData\Local\Temp\zopbsp_estpos_9z623q1y\estpos_result.json --session-log logs\estpos_subprocess\estpos_session_20260511_190502.log --run-id 20260511_194023_199848 C:\Pi_loc\05_11_03\RPI1\gps\GPS_RPI1_20260511_193720_Hydro_6673.txt C:\Pi_loc\05_11_03\RPI2\gps\GPS_RPI2_20260511_193720_Hydro_6675.txt C:\Pi_loc\05_11_03\RPI2\gps\GPS_RPI2_20260511_193720_Hydro_6675.txt C:\Pi_loc\05_11_03\RPI1\streaming\RBW6673_20260511_193720.wav C:\Pi_loc\05_11_03\RPI2\streaming\RBW6675_20260511_193720.wav C:\Pi_loc\05_11_03\RPI3\streaming\SAW2624_20260511_193720.wav
[Est_pos parent] Working directory:
  C:\Code\ZOPBSP_Console
----------------------------------------------------------------------------------------------------

==========================================================================================
[Est_pos child] RUN START: 20260511_194023_199848
[Est_pos child] Time: 2026-05-11 19:40:23.440203
[Est_pos child] Input files:
  gps1: C:\Pi_loc\05_11_03\RPI1\gps\GPS_RPI1_20260511_193720_Hydro_6673.txt
  gps2: C:\Pi_loc\05_11_03\RPI2\gps\GPS_RPI2_20260511_193720_Hydro_6675.txt
  gps3: C:\Pi_loc\05_11_03\RPI2\gps\GPS_RPI2_20260511_193720_Hydro_6675.txt
  wav1: C:\Pi_loc\05_11_03\RPI1\streaming\RBW6673_20260511_193720.wav
  wav2: C:\Pi_loc\05_11_03\RPI2\streaming\RBW6675_20260511_193720.wav
  wav3: C:\Pi_loc\05_11_03\RPI3\streaming\SAW2624_20260511_193720.wav
------------------------------------------------------------------------------------------
after import data
C:\ProgramData\Anaconda3\envs\Console\Lib\site-packages\scipy\interpolate\_interpolate.py:497: RuntimeWarning: invalid value encountered in divide
  slope = (y_hi - y_lo) / (x_hi - x_lo)[:, None]
after tdoa
GPS1: [[173720, 53.83814484833333, 17.648809936666666]]
GPS2: [[173720, 53.83814440333334, 17.64880542166667]]
GPS3: [[173720, 53.83814440333334, 17.64880542166667]]
ref_lat:  53.83814484833333
ref_lon:  17.648809936666666
aeqd: +proj=aeqd +lat_0=53.83814484833333 +lon_0=17.648809936666666 +datum=WGS84 +units=m +no_defs +type=crs
fwd: proj=pipeline step proj=unitconvert xy_in=deg xy_out=rad step proj=aeqd lat_0=53.8381448483333 lon_0=17.6488099366667 x_0=0 y_0=0 ellps=WGS84
inv: proj=pipeline step inv proj=aeqd lat_0=53.8381448483333 lon_0=17.6488099366667 x_0=0 y_0=0 ellps=WGS84 step proj=unitconvert xy_in=rad xy_out=deg
after make_local_transformer
after H_coord
after tdoa_estimate_mode_6
after filter_est_track_by_radius
------------------------------------------------------------------------------------------
[Est_pos child] RUN OK: 20260511_194023_199848
[Est_pos child] Result length: 0
[Est_pos child] Output JSON: C:\Users\Dell\AppData\Local\Temp\zopbsp_estpos_9z623q1y\estpos_result.json
==========================================================================================

[Est_pos parent] Run finished: 20260511_194023_199848
[Est_pos parent] Return code: 0
[Est_pos parent] JSON exists: True

[Est_pos parent] RUN OK: 20260511_194023_199848
[Est_pos parent] Result length: 0
----------------------------------------------------------------------------------------------------

----------------------------------------------------------------------------------------------------
[Est_pos parent] Starting run: 20260511_194026_984703
[Est_pos parent] Time: 2026-05-11 19:40:26.986711
[Est_pos parent] Command:
  C:\ProgramData\Anaconda3\envs\Console\python.exe -u -m Est_pos.estimate_pos_runner --out C:\Users\Dell\AppData\Local\Temp\zopbsp_estpos_sfsefxi0\estpos_result.json --session-log logs\estpos_subprocess\estpos_session_20260511_190502.log --run-id 20260511_194026_984703 C:\Pi_loc\05_11_03\RPI1\gps\GPS_RPI1_20260511_193720_Hydro_6673.txt C:\Pi_loc\05_11_03\RPI2\gps\GPS_RPI2_20260511_193720_Hydro_6675.txt C:\Pi_loc\05_11_03\RPI3\gps\GPS_RPI3_20260511_193720_Hydro_2624.txt C:\Pi_loc\05_11_03\RPI1\streaming\RBW6673_20260511_193720.wav C:\Pi_loc\05_11_03\RPI2\streaming\RBW6675_20260511_193720.wav C:\Pi_loc\05_11_03\RPI3\streaming\SAW2624_20260511_193720.wav
[Est_pos parent] Working directory:
  C:\Code\ZOPBSP_Console
----------------------------------------------------------------------------------------------------

==========================================================================================
[Est_pos child] RUN START: 20260511_194026_984703
[Est_pos child] Time: 2026-05-11 19:40:27.305038
[Est_pos child] Input files:
  gps1: C:\Pi_loc\05_11_03\RPI1\gps\GPS_RPI1_20260511_193720_Hydro_6673.txt
  gps2: C:\Pi_loc\05_11_03\RPI2\gps\GPS_RPI2_20260511_193720_Hydro_6675.txt
  gps3: C:\Pi_loc\05_11_03\RPI3\gps\GPS_RPI3_20260511_193720_Hydro_2624.txt
  wav1: C:\Pi_loc\05_11_03\RPI1\streaming\RBW6673_20260511_193720.wav
  wav2: C:\Pi_loc\05_11_03\RPI2\streaming\RBW6675_20260511_193720.wav
  wav3: C:\Pi_loc\05_11_03\RPI3\streaming\SAW2624_20260511_193720.wav
------------------------------------------------------------------------------------------
after import data
C:\ProgramData\Anaconda3\envs\Console\Lib\site-packages\scipy\interpolate\_interpolate.py:497: RuntimeWarning: invalid value encountered in divide
  slope = (y_hi - y_lo) / (x_hi - x_lo)[:, None]
after tdoa
GPS1: [[173720, 53.83814484833333, 17.648809936666666]]
GPS2: [[173720, 53.83814440333334, 17.64880542166667]]
GPS3: [[173720, 53.838161811666666, 17.648792108333335]]
ref_lat:  53.83814484833333
ref_lon:  17.648809936666666
aeqd: +proj=aeqd +lat_0=53.83814484833333 +lon_0=17.648809936666666 +datum=WGS84 +units=m +no_defs +type=crs
fwd: proj=pipeline step proj=unitconvert xy_in=deg xy_out=rad step proj=aeqd lat_0=53.8381448483333 lon_0=17.6488099366667 x_0=0 y_0=0 ellps=WGS84
inv: proj=pipeline step inv proj=aeqd lat_0=53.8381448483333 lon_0=17.6488099366667 x_0=0 y_0=0 ellps=WGS84 step proj=unitconvert xy_in=rad xy_out=deg
after make_local_transformer
after H_coord
after tdoa_estimate_mode_6
after filter_est_track_by_radius
------------------------------------------------------------------------------------------
[Est_pos child] RUN OK: 20260511_194026_984703
[Est_pos child] Result length: 0
[Est_pos child] Output JSON: C:\Users\Dell\AppData\Local\Temp\zopbsp_estpos_sfsefxi0\estpos_result.json
==========================================================================================

[Est_pos parent] Run finished: 20260511_194026_984703
[Est_pos parent] Return code: 0
[Est_pos parent] JSON exists: True

[Est_pos parent] RUN OK: 20260511_194026_984703
[Est_pos parent] Result length: 0
----------------------------------------------------------------------------------------------------

----------------------------------------------------------------------------------------------------
[Est_pos parent] Starting run: 20260511_194030_876619
[Est_pos parent] Time: 2026-05-11 19:40:30.878695
[Est_pos parent] Command:
  C:\ProgramData\Anaconda3\envs\Console\python.exe -u -m Est_pos.estimate_pos_runner --out C:\Users\Dell\AppData\Local\Temp\zopbsp_estpos_a1kfqzeq\estpos_result.json --session-log logs\estpos_subprocess\estpos_session_20260511_190502.log --run-id 20260511_194030_876619 C:\Pi_loc\05_11_03\RPI1\gps\GPS_RPI1_20260511_193810_Hydro_6673.txt C:\Pi_loc\05_11_03\RPI2\gps\GPS_RPI2_20260511_193810_Hydro_6675.txt C:\Pi_loc\05_11_03\RPI2\gps\GPS_RPI2_20260511_193810_Hydro_6675.txt C:\Pi_loc\05_11_03\RPI1\streaming\RBW6673_20260511_193810.wav C:\Pi_loc\05_11_03\RPI2\streaming\RBW6675_20260511_193810.wav C:\Pi_loc\05_11_03\RPI3\streaming\SAW2624_20260511_193810.wav
[Est_pos parent] Working directory:
  C:\Code\ZOPBSP_Console
----------------------------------------------------------------------------------------------------

==========================================================================================
[Est_pos child] RUN START: 20260511_194030_876619
[Est_pos child] Time: 2026-05-11 19:40:31.117859
[Est_pos child] Input files:
  gps1: C:\Pi_loc\05_11_03\RPI1\gps\GPS_RPI1_20260511_193810_Hydro_6673.txt
  gps2: C:\Pi_loc\05_11_03\RPI2\gps\GPS_RPI2_20260511_193810_Hydro_6675.txt
  gps3: C:\Pi_loc\05_11_03\RPI2\gps\GPS_RPI2_20260511_193810_Hydro_6675.txt
  wav1: C:\Pi_loc\05_11_03\RPI1\streaming\RBW6673_20260511_193810.wav
  wav2: C:\Pi_loc\05_11_03\RPI2\streaming\RBW6675_20260511_193810.wav
  wav3: C:\Pi_loc\05_11_03\RPI3\streaming\SAW2624_20260511_193810.wav
------------------------------------------------------------------------------------------
after import data
C:\ProgramData\Anaconda3\envs\Console\Lib\site-packages\scipy\interpolate\_interpolate.py:497: RuntimeWarning: invalid value encountered in divide
  slope = (y_hi - y_lo) / (x_hi - x_lo)[:, None]
after tdoa
GPS1: [[173810, 53.83814483166666, 17.64881002166667]]
GPS2: [[173810, 53.83814448500001, 17.648805466666666]]
GPS3: [[173810, 53.83814448500001, 17.648805466666666]]
ref_lat:  53.83814483166666
ref_lon:  17.64881002166667
aeqd: +proj=aeqd +lat_0=53.83814483166666 +lon_0=17.64881002166667 +datum=WGS84 +units=m +no_defs +type=crs
fwd: proj=pipeline step proj=unitconvert xy_in=deg xy_out=rad step proj=aeqd lat_0=53.8381448316667 lon_0=17.6488100216667 x_0=0 y_0=0 ellps=WGS84
inv: proj=pipeline step inv proj=aeqd lat_0=53.8381448316667 lon_0=17.6488100216667 x_0=0 y_0=0 ellps=WGS84 step proj=unitconvert xy_in=rad xy_out=deg
after make_local_transformer
after H_coord
after tdoa_estimate_mode_6
after filter_est_track_by_radius
------------------------------------------------------------------------------------------
[Est_pos child] RUN OK: 20260511_194030_876619
[Est_pos child] Result length: 0
[Est_pos child] Output JSON: C:\Users\Dell\AppData\Local\Temp\zopbsp_estpos_a1kfqzeq\estpos_result.json
==========================================================================================

[Est_pos parent] Run finished: 20260511_194030_876619
[Est_pos parent] Return code: 0
[Est_pos parent] JSON exists: True

[Est_pos parent] RUN OK: 20260511_194030_876619
[Est_pos parent] Result length: 0
----------------------------------------------------------------------------------------------------

----------------------------------------------------------------------------------------------------
[Est_pos parent] Starting run: 20260511_194034_784074
[Est_pos parent] Time: 2026-05-11 19:40:34.786073
[Est_pos parent] Command:
  C:\ProgramData\Anaconda3\envs\Console\python.exe -u -m Est_pos.estimate_pos_runner --out C:\Users\Dell\AppData\Local\Temp\zopbsp_estpos_qvf28pbm\estpos_result.json --session-log logs\estpos_subprocess\estpos_session_20260511_190502.log --run-id 20260511_194034_784074 C:\Pi_loc\05_11_03\RPI1\gps\GPS_RPI1_20260511_193810_Hydro_6673.txt C:\Pi_loc\05_11_03\RPI2\gps\GPS_RPI2_20260511_193810_Hydro_6675.txt C:\Pi_loc\05_11_03\RPI3\gps\GPS_RPI3_20260511_193810_Hydro_2624.txt C:\Pi_loc\05_11_03\RPI1\streaming\RBW6673_20260511_193810.wav C:\Pi_loc\05_11_03\RPI2\streaming\RBW6675_20260511_193810.wav C:\Pi_loc\05_11_03\RPI3\streaming\SAW2624_20260511_193810.wav
[Est_pos parent] Working directory:
  C:\Code\ZOPBSP_Console
----------------------------------------------------------------------------------------------------

==========================================================================================
[Est_pos child] RUN START: 20260511_194034_784074
[Est_pos child] Time: 2026-05-11 19:40:35.033994
[Est_pos child] Input files:
  gps1: C:\Pi_loc\05_11_03\RPI1\gps\GPS_RPI1_20260511_193810_Hydro_6673.txt
  gps2: C:\Pi_loc\05_11_03\RPI2\gps\GPS_RPI2_20260511_193810_Hydro_6675.txt
  gps3: C:\Pi_loc\05_11_03\RPI3\gps\GPS_RPI3_20260511_193810_Hydro_2624.txt
  wav1: C:\Pi_loc\05_11_03\RPI1\streaming\RBW6673_20260511_193810.wav
  wav2: C:\Pi_loc\05_11_03\RPI2\streaming\RBW6675_20260511_193810.wav
  wav3: C:\Pi_loc\05_11_03\RPI3\streaming\SAW2624_20260511_193810.wav
------------------------------------------------------------------------------------------
after import data
C:\ProgramData\Anaconda3\envs\Console\Lib\site-packages\scipy\interpolate\_interpolate.py:497: RuntimeWarning: invalid value encountered in divide
  slope = (y_hi - y_lo) / (x_hi - x_lo)[:, None]
after tdoa
GPS1: [[173810, 53.83814483166666, 17.64881002166667]]
GPS2: [[173810, 53.83814448500001, 17.648805466666666]]
GPS3: [[173810, 53.838177253333335, 17.648784395]]
ref_lat:  53.83814483166666
ref_lon:  17.64881002166667
aeqd: +proj=aeqd +lat_0=53.83814483166666 +lon_0=17.64881002166667 +datum=WGS84 +units=m +no_defs +type=crs
fwd: proj=pipeline step proj=unitconvert xy_in=deg xy_out=rad step proj=aeqd lat_0=53.8381448316667 lon_0=17.6488100216667 x_0=0 y_0=0 ellps=WGS84
inv: proj=pipeline step inv proj=aeqd lat_0=53.8381448316667 lon_0=17.6488100216667 x_0=0 y_0=0 ellps=WGS84 step proj=unitconvert xy_in=rad xy_out=deg
after make_local_transformer
after H_coord
after tdoa_estimate_mode_6
after filter_est_track_by_radius
------------------------------------------------------------------------------------------
[Est_pos child] RUN OK: 20260511_194034_784074
[Est_pos child] Result length: 0
[Est_pos child] Output JSON: C:\Users\Dell\AppData\Local\Temp\zopbsp_estpos_qvf28pbm\estpos_result.json
==========================================================================================

[Est_pos parent] Run finished: 20260511_194034_784074
[Est_pos parent] Return code: 0
[Est_pos parent] JSON exists: True

[Est_pos parent] RUN OK: 20260511_194034_784074
[Est_pos parent] Result length: 0
----------------------------------------------------------------------------------------------------

----------------------------------------------------------------------------------------------------
[Est_pos parent] Starting run: 20260511_194038_752162
[Est_pos parent] Time: 2026-05-11 19:40:38.752162
[Est_pos parent] Command:
  C:\ProgramData\Anaconda3\envs\Console\python.exe -u -m Est_pos.estimate_pos_runner --out C:\Users\Dell\AppData\Local\Temp\zopbsp_estpos_2b7g1ln1\estpos_result.json --session-log logs\estpos_subprocess\estpos_session_20260511_190502.log --run-id 20260511_194038_752162 C:\Pi_loc\05_11_03\RPI1\gps\GPS_RPI1_20260511_193750_Hydro_6673.txt C:\Pi_loc\05_11_03\RPI2\gps\GPS_RPI2_20260511_193750_Hydro_6675.txt C:\Pi_loc\05_11_03\RPI2\gps\GPS_RPI2_20260511_193750_Hydro_6675.txt C:\Pi_loc\05_11_03\RPI1\streaming\RBW6673_20260511_193750.wav C:\Pi_loc\05_11_03\RPI2\streaming\RBW6675_20260511_193750.wav C:\Pi_loc\05_11_03\RPI3\streaming\SAW2624_20260511_193750.wav
[Est_pos parent] Working directory:
  C:\Code\ZOPBSP_Console
----------------------------------------------------------------------------------------------------

==========================================================================================
[Est_pos child] RUN START: 20260511_194038_752162
[Est_pos child] Time: 2026-05-11 19:40:38.996445
[Est_pos child] Input files:
  gps1: C:\Pi_loc\05_11_03\RPI1\gps\GPS_RPI1_20260511_193750_Hydro_6673.txt
  gps2: C:\Pi_loc\05_11_03\RPI2\gps\GPS_RPI2_20260511_193750_Hydro_6675.txt
  gps3: C:\Pi_loc\05_11_03\RPI2\gps\GPS_RPI2_20260511_193750_Hydro_6675.txt
  wav1: C:\Pi_loc\05_11_03\RPI1\streaming\RBW6673_20260511_193750.wav
  wav2: C:\Pi_loc\05_11_03\RPI2\streaming\RBW6675_20260511_193750.wav
  wav3: C:\Pi_loc\05_11_03\RPI3\streaming\SAW2624_20260511_193750.wav
------------------------------------------------------------------------------------------
after import data
C:\ProgramData\Anaconda3\envs\Console\Lib\site-packages\scipy\interpolate\_interpolate.py:497: RuntimeWarning: invalid value encountered in divide
  slope = (y_hi - y_lo) / (x_hi - x_lo)[:, None]
after tdoa
GPS1: [[173750, 53.83814478666667, 17.648810035]]
GPS2: [[173750, 53.83814449500001, 17.648805461666665]]
GPS3: [[173750, 53.83814449500001, 17.648805461666665]]
ref_lat:  53.83814478666667
ref_lon:  17.648810035
aeqd: +proj=aeqd +lat_0=53.83814478666667 +lon_0=17.648810035 +datum=WGS84 +units=m +no_defs +type=crs
fwd: proj=pipeline step proj=unitconvert xy_in=deg xy_out=rad step proj=aeqd lat_0=53.8381447866667 lon_0=17.648810035 x_0=0 y_0=0 ellps=WGS84
inv: proj=pipeline step inv proj=aeqd lat_0=53.8381447866667 lon_0=17.648810035 x_0=0 y_0=0 ellps=WGS84 step proj=unitconvert xy_in=rad xy_out=deg
after make_local_transformer
after H_coord
after tdoa_estimate_mode_6
after filter_est_track_by_radius
------------------------------------------------------------------------------------------
[Est_pos child] RUN OK: 20260511_194038_752162
[Est_pos child] Result length: 1
[Est_pos child] Output JSON: C:\Users\Dell\AppData\Local\Temp\zopbsp_estpos_2b7g1ln1\estpos_result.json
==========================================================================================

[Est_pos parent] Run finished: 20260511_194038_752162
[Est_pos parent] Return code: 0
[Est_pos parent] JSON exists: True

[Est_pos parent] RUN OK: 20260511_194038_752162
[Est_pos parent] Result length: 1
----------------------------------------------------------------------------------------------------

----------------------------------------------------------------------------------------------------
[Est_pos parent] Starting run: 20260511_194042_779121
[Est_pos parent] Time: 2026-05-11 19:40:42.781132
[Est_pos parent] Command:
  C:\ProgramData\Anaconda3\envs\Console\python.exe -u -m Est_pos.estimate_pos_runner --out C:\Users\Dell\AppData\Local\Temp\zopbsp_estpos_8spx_2us\estpos_result.json --session-log logs\estpos_subprocess\estpos_session_20260511_190502.log --run-id 20260511_194042_779121 C:\Pi_loc\05_11_03\RPI1\gps\GPS_RPI1_20260511_193750_Hydro_6673.txt C:\Pi_loc\05_11_03\RPI2\gps\GPS_RPI2_20260511_193750_Hydro_6675.txt C:\Pi_loc\05_11_03\RPI3\gps\GPS_RPI3_20260511_193750_Hydro_2624.txt C:\Pi_loc\05_11_03\RPI1\streaming\RBW6673_20260511_193750.wav C:\Pi_loc\05_11_03\RPI2\streaming\RBW6675_20260511_193750.wav C:\Pi_loc\05_11_03\RPI3\streaming\SAW2624_20260511_193750.wav
[Est_pos parent] Working directory:
  C:\Code\ZOPBSP_Console
----------------------------------------------------------------------------------------------------

==========================================================================================
[Est_pos child] RUN START: 20260511_194042_779121
[Est_pos child] Time: 2026-05-11 19:40:43.044229
[Est_pos child] Input files:
  gps1: C:\Pi_loc\05_11_03\RPI1\gps\GPS_RPI1_20260511_193750_Hydro_6673.txt
  gps2: C:\Pi_loc\05_11_03\RPI2\gps\GPS_RPI2_20260511_193750_Hydro_6675.txt
  gps3: C:\Pi_loc\05_11_03\RPI3\gps\GPS_RPI3_20260511_193750_Hydro_2624.txt
  wav1: C:\Pi_loc\05_11_03\RPI1\streaming\RBW6673_20260511_193750.wav
  wav2: C:\Pi_loc\05_11_03\RPI2\streaming\RBW6675_20260511_193750.wav
  wav3: C:\Pi_loc\05_11_03\RPI3\streaming\SAW2624_20260511_193750.wav
------------------------------------------------------------------------------------------
after import data
C:\ProgramData\Anaconda3\envs\Console\Lib\site-packages\scipy\interpolate\_interpolate.py:497: RuntimeWarning: invalid value encountered in divide
  slope = (y_hi - y_lo) / (x_hi - x_lo)[:, None]
after tdoa
GPS1: [[173750, 53.83814478666667, 17.648810035]]
GPS2: [[173750, 53.83814449500001, 17.648805461666665]]
GPS3: [[173750, 53.83814810166667, 17.648808558333332]]
ref_lat:  53.83814478666667
ref_lon:  17.648810035
aeqd: +proj=aeqd +lat_0=53.83814478666667 +lon_0=17.648810035 +datum=WGS84 +units=m +no_defs +type=crs
fwd: proj=pipeline step proj=unitconvert xy_in=deg xy_out=rad step proj=aeqd lat_0=53.8381447866667 lon_0=17.648810035 x_0=0 y_0=0 ellps=WGS84
inv: proj=pipeline step inv proj=aeqd lat_0=53.8381447866667 lon_0=17.648810035 x_0=0 y_0=0 ellps=WGS84 step proj=unitconvert xy_in=rad xy_out=deg
after make_local_transformer
after H_coord
after tdoa_estimate_mode_6
after filter_est_track_by_radius
------------------------------------------------------------------------------------------
[Est_pos child] RUN OK: 20260511_194042_779121
[Est_pos child] Result length: 0
[Est_pos child] Output JSON: C:\Users\Dell\AppData\Local\Temp\zopbsp_estpos_8spx_2us\estpos_result.json
==========================================================================================

[Est_pos parent] Run finished: 20260511_194042_779121
[Est_pos parent] Return code: 0
[Est_pos parent] JSON exists: True

[Est_pos parent] RUN OK: 20260511_194042_779121
[Est_pos parent] Result length: 0
----------------------------------------------------------------------------------------------------

----------------------------------------------------------------------------------------------------
[Est_pos parent] Starting run: 20260511_194046_638372
[Est_pos parent] Time: 2026-05-11 19:40:46.645332
[Est_pos parent] Command:
  C:\ProgramData\Anaconda3\envs\Console\python.exe -u -m Est_pos.estimate_pos_runner --out C:\Users\Dell\AppData\Local\Temp\zopbsp_estpos_r3cdol7k\estpos_result.json --session-log logs\estpos_subprocess\estpos_session_20260511_190502.log --run-id 20260511_194046_638372 C:\Pi_loc\05_11_03\RPI1\gps\GPS_RPI1_20260511_193740_Hydro_6673.txt C:\Pi_loc\05_11_03\RPI2\gps\GPS_RPI2_20260511_193740_Hydro_6675.txt C:\Pi_loc\05_11_03\RPI2\gps\GPS_RPI2_20260511_193740_Hydro_6675.txt C:\Pi_loc\05_11_03\RPI1\streaming\RBW6673_20260511_193740.wav C:\Pi_loc\05_11_03\RPI2\streaming\RBW6675_20260511_193740.wav C:\Pi_loc\05_11_03\RPI3\streaming\SAW2624_20260511_193740.wav
[Est_pos parent] Working directory:
  C:\Code\ZOPBSP_Console
----------------------------------------------------------------------------------------------------

==========================================================================================
[Est_pos child] RUN START: 20260511_194046_638372
[Est_pos child] Time: 2026-05-11 19:40:46.905342
[Est_pos child] Input files:
  gps1: C:\Pi_loc\05_11_03\RPI1\gps\GPS_RPI1_20260511_193740_Hydro_6673.txt
  gps2: C:\Pi_loc\05_11_03\RPI2\gps\GPS_RPI2_20260511_193740_Hydro_6675.txt
  gps3: C:\Pi_loc\05_11_03\RPI2\gps\GPS_RPI2_20260511_193740_Hydro_6675.txt
  wav1: C:\Pi_loc\05_11_03\RPI1\streaming\RBW6673_20260511_193740.wav
  wav2: C:\Pi_loc\05_11_03\RPI2\streaming\RBW6675_20260511_193740.wav
  wav3: C:\Pi_loc\05_11_03\RPI3\streaming\SAW2624_20260511_193740.wav
------------------------------------------------------------------------------------------
after import data
C:\ProgramData\Anaconda3\envs\Console\Lib\site-packages\scipy\interpolate\_interpolate.py:497: RuntimeWarning: invalid value encountered in divide
  slope = (y_hi - y_lo) / (x_hi - x_lo)[:, None]
after tdoa
GPS1: [[173740, 53.838144856666666, 17.648810038333334]]
GPS2: [[173740, 53.83814453666667, 17.648805555000003]]
GPS3: [[173740, 53.83814453666667, 17.648805555000003]]
ref_lat:  53.838144856666666
ref_lon:  17.648810038333334
aeqd: +proj=aeqd +lat_0=53.838144856666666 +lon_0=17.648810038333334 +datum=WGS84 +units=m +no_defs +type=crs
fwd: proj=pipeline step proj=unitconvert xy_in=deg xy_out=rad step proj=aeqd lat_0=53.8381448566667 lon_0=17.6488100383333 x_0=0 y_0=0 ellps=WGS84
inv: proj=pipeline step inv proj=aeqd lat_0=53.8381448566667 lon_0=17.6488100383333 x_0=0 y_0=0 ellps=WGS84 step proj=unitconvert xy_in=rad xy_out=deg
after make_local_transformer
after H_coord
after tdoa_estimate_mode_6
after filter_est_track_by_radius
------------------------------------------------------------------------------------------
[Est_pos child] RUN OK: 20260511_194046_638372
[Est_pos child] Result length: 0
[Est_pos child] Output JSON: C:\Users\Dell\AppData\Local\Temp\zopbsp_estpos_r3cdol7k\estpos_result.json
==========================================================================================

[Est_pos parent] Run finished: 20260511_194046_638372
[Est_pos parent] Return code: 0
[Est_pos parent] JSON exists: True

[Est_pos parent] RUN OK: 20260511_194046_638372
[Est_pos parent] Result length: 0
----------------------------------------------------------------------------------------------------

----------------------------------------------------------------------------------------------------
[Est_pos parent] Starting run: 20260511_194050_668872
[Est_pos parent] Time: 2026-05-11 19:40:50.670885
[Est_pos parent] Command:
  C:\ProgramData\Anaconda3\envs\Console\python.exe -u -m Est_pos.estimate_pos_runner --out C:\Users\Dell\AppData\Local\Temp\zopbsp_estpos_exbfyfd1\estpos_result.json --session-log logs\estpos_subprocess\estpos_session_20260511_190502.log --run-id 20260511_194050_668872 C:\Pi_loc\05_11_03\RPI1\gps\GPS_RPI1_20260511_193740_Hydro_6673.txt C:\Pi_loc\05_11_03\RPI2\gps\GPS_RPI2_20260511_193740_Hydro_6675.txt C:\Pi_loc\05_11_03\RPI3\gps\GPS_RPI3_20260511_193740_Hydro_2624.txt C:\Pi_loc\05_11_03\RPI1\streaming\RBW6673_20260511_193740.wav C:\Pi_loc\05_11_03\RPI2\streaming\RBW6675_20260511_193740.wav C:\Pi_loc\05_11_03\RPI3\streaming\SAW2624_20260511_193740.wav
[Est_pos parent] Working directory:
  C:\Code\ZOPBSP_Console
----------------------------------------------------------------------------------------------------

==========================================================================================
[Est_pos child] RUN START: 20260511_194050_668872
[Est_pos child] Time: 2026-05-11 19:40:50.919139
[Est_pos child] Input files:
  gps1: C:\Pi_loc\05_11_03\RPI1\gps\GPS_RPI1_20260511_193740_Hydro_6673.txt
  gps2: C:\Pi_loc\05_11_03\RPI2\gps\GPS_RPI2_20260511_193740_Hydro_6675.txt
  gps3: C:\Pi_loc\05_11_03\RPI3\gps\GPS_RPI3_20260511_193740_Hydro_2624.txt
  wav1: C:\Pi_loc\05_11_03\RPI1\streaming\RBW6673_20260511_193740.wav
  wav2: C:\Pi_loc\05_11_03\RPI2\streaming\RBW6675_20260511_193740.wav
  wav3: C:\Pi_loc\05_11_03\RPI3\streaming\SAW2624_20260511_193740.wav
------------------------------------------------------------------------------------------
after import data
C:\ProgramData\Anaconda3\envs\Console\Lib\site-packages\scipy\interpolate\_interpolate.py:497: RuntimeWarning: invalid value encountered in divide
  slope = (y_hi - y_lo) / (x_hi - x_lo)[:, None]
after tdoa
GPS1: [[173740, 53.838144856666666, 17.648810038333334]]
GPS2: [[173740, 53.83814453666667, 17.648805555000003]]
GPS3: [[173740, 53.83815001, 17.648807015]]
ref_lat:  53.838144856666666
ref_lon:  17.648810038333334
aeqd: +proj=aeqd +lat_0=53.838144856666666 +lon_0=17.648810038333334 +datum=WGS84 +units=m +no_defs +type=crs
fwd: proj=pipeline step proj=unitconvert xy_in=deg xy_out=rad step proj=aeqd lat_0=53.8381448566667 lon_0=17.6488100383333 x_0=0 y_0=0 ellps=WGS84
inv: proj=pipeline step inv proj=aeqd lat_0=53.8381448566667 lon_0=17.6488100383333 x_0=0 y_0=0 ellps=WGS84 step proj=unitconvert xy_in=rad xy_out=deg
after make_local_transformer
after H_coord
after tdoa_estimate_mode_6
after filter_est_track_by_radius
------------------------------------------------------------------------------------------
[Est_pos child] RUN OK: 20260511_194050_668872
[Est_pos child] Result length: 0
[Est_pos child] Output JSON: C:\Users\Dell\AppData\Local\Temp\zopbsp_estpos_exbfyfd1\estpos_result.json
==========================================================================================

[Est_pos parent] Run finished: 20260511_194050_668872
[Est_pos parent] Return code: 0
[Est_pos parent] JSON exists: True

[Est_pos parent] RUN OK: 20260511_194050_668872
[Est_pos parent] Result length: 0
----------------------------------------------------------------------------------------------------

----------------------------------------------------------------------------------------------------
[Est_pos parent] Starting run: 20260511_194054_562769
[Est_pos parent] Time: 2026-05-11 19:40:54.562769
[Est_pos parent] Command:
  C:\ProgramData\Anaconda3\envs\Console\python.exe -u -m Est_pos.estimate_pos_runner --out C:\Users\Dell\AppData\Local\Temp\zopbsp_estpos_wgw7flfn\estpos_result.json --session-log logs\estpos_subprocess\estpos_session_20260511_190502.log --run-id 20260511_194054_562769 C:\Pi_loc\05_11_03\RPI1\gps\GPS_RPI1_20260511_193800_Hydro_6673.txt C:\Pi_loc\05_11_03\RPI2\gps\GPS_RPI2_20260511_193800_Hydro_6675.txt C:\Pi_loc\05_11_03\RPI2\gps\GPS_RPI2_20260511_193800_Hydro_6675.txt C:\Pi_loc\05_11_03\RPI1\streaming\RBW6673_20260511_193800.wav C:\Pi_loc\05_11_03\RPI2\streaming\RBW6675_20260511_193800.wav C:\Pi_loc\05_11_03\RPI3\streaming\SAW2624_20260511_193800.wav
[Est_pos parent] Working directory:
  C:\Code\ZOPBSP_Console
----------------------------------------------------------------------------------------------------

==========================================================================================
[Est_pos child] RUN START: 20260511_194054_562769
[Est_pos child] Time: 2026-05-11 19:40:54.791478
[Est_pos child] Input files:
  gps1: C:\Pi_loc\05_11_03\RPI1\gps\GPS_RPI1_20260511_193800_Hydro_6673.txt
  gps2: C:\Pi_loc\05_11_03\RPI2\gps\GPS_RPI2_20260511_193800_Hydro_6675.txt
  gps3: C:\Pi_loc\05_11_03\RPI2\gps\GPS_RPI2_20260511_193800_Hydro_6675.txt
  wav1: C:\Pi_loc\05_11_03\RPI1\streaming\RBW6673_20260511_193800.wav
  wav2: C:\Pi_loc\05_11_03\RPI2\streaming\RBW6675_20260511_193800.wav
  wav3: C:\Pi_loc\05_11_03\RPI3\streaming\SAW2624_20260511_193800.wav
------------------------------------------------------------------------------------------
after import data
C:\ProgramData\Anaconda3\envs\Console\Lib\site-packages\scipy\interpolate\_interpolate.py:497: RuntimeWarning: invalid value encountered in divide
  slope = (y_hi - y_lo) / (x_hi - x_lo)[:, None]
after tdoa
GPS1: [[173800, 53.83814486333334, 17.648809998333334]]
GPS2: [[173800, 53.83814452833334, 17.648805425]]
GPS3: [[173800, 53.83814452833334, 17.648805425]]
ref_lat:  53.83814486333334
ref_lon:  17.648809998333334
aeqd: +proj=aeqd +lat_0=53.83814486333334 +lon_0=17.648809998333334 +datum=WGS84 +units=m +no_defs +type=crs
fwd: proj=pipeline step proj=unitconvert xy_in=deg xy_out=rad step proj=aeqd lat_0=53.8381448633333 lon_0=17.6488099983333 x_0=0 y_0=0 ellps=WGS84
inv: proj=pipeline step inv proj=aeqd lat_0=53.8381448633333 lon_0=17.6488099983333 x_0=0 y_0=0 ellps=WGS84 step proj=unitconvert xy_in=rad xy_out=deg
after make_local_transformer
after H_coord
after tdoa_estimate_mode_6
after filter_est_track_by_radius
------------------------------------------------------------------------------------------
[Est_pos child] RUN OK: 20260511_194054_562769
[Est_pos child] Result length: 0
[Est_pos child] Output JSON: C:\Users\Dell\AppData\Local\Temp\zopbsp_estpos_wgw7flfn\estpos_result.json
==========================================================================================

[Est_pos parent] Run finished: 20260511_194054_562769
[Est_pos parent] Return code: 0
[Est_pos parent] JSON exists: True

[Est_pos parent] RUN OK: 20260511_194054_562769
[Est_pos parent] Result length: 0
----------------------------------------------------------------------------------------------------

----------------------------------------------------------------------------------------------------
[Est_pos parent] Starting run: 20260511_194058_489317
[Est_pos parent] Time: 2026-05-11 19:40:58.491345
[Est_pos parent] Command:
  C:\ProgramData\Anaconda3\envs\Console\python.exe -u -m Est_pos.estimate_pos_runner --out C:\Users\Dell\AppData\Local\Temp\zopbsp_estpos_0mk2om0l\estpos_result.json --session-log logs\estpos_subprocess\estpos_session_20260511_190502.log --run-id 20260511_194058_489317 C:\Pi_loc\05_11_03\RPI1\gps\GPS_RPI1_20260511_193800_Hydro_6673.txt C:\Pi_loc\05_11_03\RPI2\gps\GPS_RPI2_20260511_193800_Hydro_6675.txt C:\Pi_loc\05_11_03\RPI3\gps\GPS_RPI3_20260511_193800_Hydro_2624.txt C:\Pi_loc\05_11_03\RPI1\streaming\RBW6673_20260511_193800.wav C:\Pi_loc\05_11_03\RPI2\streaming\RBW6675_20260511_193800.wav C:\Pi_loc\05_11_03\RPI3\streaming\SAW2624_20260511_193800.wav
[Est_pos parent] Working directory:
  C:\Code\ZOPBSP_Console
----------------------------------------------------------------------------------------------------

==========================================================================================
[Est_pos child] RUN START: 20260511_194058_489317
[Est_pos child] Time: 2026-05-11 19:40:58.823896
[Est_pos child] Input files:
  gps1: C:\Pi_loc\05_11_03\RPI1\gps\GPS_RPI1_20260511_193800_Hydro_6673.txt
  gps2: C:\Pi_loc\05_11_03\RPI2\gps\GPS_RPI2_20260511_193800_Hydro_6675.txt
  gps3: C:\Pi_loc\05_11_03\RPI3\gps\GPS_RPI3_20260511_193800_Hydro_2624.txt
  wav1: C:\Pi_loc\05_11_03\RPI1\streaming\RBW6673_20260511_193800.wav
  wav2: C:\Pi_loc\05_11_03\RPI2\streaming\RBW6675_20260511_193800.wav
  wav3: C:\Pi_loc\05_11_03\RPI3\streaming\SAW2624_20260511_193800.wav
------------------------------------------------------------------------------------------
after import data
C:\ProgramData\Anaconda3\envs\Console\Lib\site-packages\scipy\interpolate\_interpolate.py:497: RuntimeWarning: invalid value encountered in divide
  slope = (y_hi - y_lo) / (x_hi - x_lo)[:, None]
after tdoa
GPS1: [[173800, 53.83814486333334, 17.648809998333334]]
GPS2: [[173800, 53.83814452833334, 17.648805425]]
GPS3: [[173800, 53.83816654, 17.648789233333332]]
ref_lat:  53.83814486333334
ref_lon:  17.648809998333334
aeqd: +proj=aeqd +lat_0=53.83814486333334 +lon_0=17.648809998333334 +datum=WGS84 +units=m +no_defs +type=crs
fwd: proj=pipeline step proj=unitconvert xy_in=deg xy_out=rad step proj=aeqd lat_0=53.8381448633333 lon_0=17.6488099983333 x_0=0 y_0=0 ellps=WGS84
inv: proj=pipeline step inv proj=aeqd lat_0=53.8381448633333 lon_0=17.6488099983333 x_0=0 y_0=0 ellps=WGS84 step proj=unitconvert xy_in=rad xy_out=deg
after make_local_transformer
after H_coord
after tdoa_estimate_mode_6
after filter_est_track_by_radius
------------------------------------------------------------------------------------------
[Est_pos child] RUN OK: 20260511_194058_489317
[Est_pos child] Result length: 0
[Est_pos child] Output JSON: C:\Users\Dell\AppData\Local\Temp\zopbsp_estpos_0mk2om0l\estpos_result.json
==========================================================================================

[Est_pos parent] Run finished: 20260511_194058_489317
[Est_pos parent] Return code: 0
[Est_pos parent] JSON exists: True

[Est_pos parent] RUN OK: 20260511_194058_489317
[Est_pos parent] Result length: 0
----------------------------------------------------------------------------------------------------

----------------------------------------------------------------------------------------------------
[Est_pos parent] Starting run: 20260511_194102_468110
[Est_pos parent] Time: 2026-05-11 19:41:02.468110
[Est_pos parent] Command:
  C:\ProgramData\Anaconda3\envs\Console\python.exe -u -m Est_pos.estimate_pos_runner --out C:\Users\Dell\AppData\Local\Temp\zopbsp_estpos_fpv5p6he\estpos_result.json --session-log logs\estpos_subprocess\estpos_session_20260511_190502.log --run-id 20260511_194102_468110 C:\Pi_loc\05_11_03\RPI1\gps\GPS_RPI1_20260511_193830_Hydro_6673.txt C:\Pi_loc\05_11_03\RPI2\gps\GPS_RPI2_20260511_193830_Hydro_6675.txt C:\Pi_loc\05_11_03\RPI2\gps\GPS_RPI2_20260511_193830_Hydro_6675.txt C:\Pi_loc\05_11_03\RPI1\streaming\RBW6673_20260511_193830.wav C:\Pi_loc\05_11_03\RPI2\streaming\RBW6675_20260511_193830.wav C:\Pi_loc\05_11_03\RPI3\streaming\SAW2624_20260511_193830.wav
[Est_pos parent] Working directory:
  C:\Code\ZOPBSP_Console
----------------------------------------------------------------------------------------------------

==========================================================================================
[Est_pos child] RUN START: 20260511_194102_468110
[Est_pos child] Time: 2026-05-11 19:41:02.721480
[Est_pos child] Input files:
  gps1: C:\Pi_loc\05_11_03\RPI1\gps\GPS_RPI1_20260511_193830_Hydro_6673.txt
  gps2: C:\Pi_loc\05_11_03\RPI2\gps\GPS_RPI2_20260511_193830_Hydro_6675.txt
  gps3: C:\Pi_loc\05_11_03\RPI2\gps\GPS_RPI2_20260511_193830_Hydro_6675.txt
  wav1: C:\Pi_loc\05_11_03\RPI1\streaming\RBW6673_20260511_193830.wav
  wav2: C:\Pi_loc\05_11_03\RPI2\streaming\RBW6675_20260511_193830.wav
  wav3: C:\Pi_loc\05_11_03\RPI3\streaming\SAW2624_20260511_193830.wav
------------------------------------------------------------------------------------------
after import data
C:\ProgramData\Anaconda3\envs\Console\Lib\site-packages\scipy\interpolate\_interpolate.py:497: RuntimeWarning: invalid value encountered in divide
  slope = (y_hi - y_lo) / (x_hi - x_lo)[:, None]
after tdoa
GPS1: [[173830, 53.83814480666667, 17.64880998]]
GPS2: [[173830, 53.838144425, 17.64880540333333]]
GPS3: [[173830, 53.838144425, 17.64880540333333]]
ref_lat:  53.83814480666667
ref_lon:  17.64880998
aeqd: +proj=aeqd +lat_0=53.83814480666667 +lon_0=17.64880998 +datum=WGS84 +units=m +no_defs +type=crs
fwd: proj=pipeline step proj=unitconvert xy_in=deg xy_out=rad step proj=aeqd lat_0=53.8381448066667 lon_0=17.64880998 x_0=0 y_0=0 ellps=WGS84
inv: proj=pipeline step inv proj=aeqd lat_0=53.8381448066667 lon_0=17.64880998 x_0=0 y_0=0 ellps=WGS84 step proj=unitconvert xy_in=rad xy_out=deg
after make_local_transformer
after H_coord
after tdoa_estimate_mode_6
after filter_est_track_by_radius
------------------------------------------------------------------------------------------
[Est_pos child] RUN OK: 20260511_194102_468110
[Est_pos child] Result length: 1
[Est_pos child] Output JSON: C:\Users\Dell\AppData\Local\Temp\zopbsp_estpos_fpv5p6he\estpos_result.json
==========================================================================================

[Est_pos parent] Run finished: 20260511_194102_468110
[Est_pos parent] Return code: 0
[Est_pos parent] JSON exists: True

[Est_pos parent] RUN OK: 20260511_194102_468110
[Est_pos parent] Result length: 1
----------------------------------------------------------------------------------------------------

----------------------------------------------------------------------------------------------------
[Est_pos parent] Starting run: 20260511_194106_287663
[Est_pos parent] Time: 2026-05-11 19:41:06.289683
[Est_pos parent] Command:
  C:\ProgramData\Anaconda3\envs\Console\python.exe -u -m Est_pos.estimate_pos_runner --out C:\Users\Dell\AppData\Local\Temp\zopbsp_estpos_rzlk2csj\estpos_result.json --session-log logs\estpos_subprocess\estpos_session_20260511_190502.log --run-id 20260511_194106_287663 C:\Pi_loc\05_11_03\RPI1\gps\GPS_RPI1_20260511_193830_Hydro_6673.txt C:\Pi_loc\05_11_03\RPI2\gps\GPS_RPI2_20260511_193830_Hydro_6675.txt C:\Pi_loc\05_11_03\RPI3\gps\GPS_RPI3_20260511_193830_Hydro_2624.txt C:\Pi_loc\05_11_03\RPI1\streaming\RBW6673_20260511_193830.wav C:\Pi_loc\05_11_03\RPI2\streaming\RBW6675_20260511_193830.wav C:\Pi_loc\05_11_03\RPI3\streaming\SAW2624_20260511_193830.wav
[Est_pos parent] Working directory:
  C:\Code\ZOPBSP_Console
----------------------------------------------------------------------------------------------------

==========================================================================================
[Est_pos child] RUN START: 20260511_194106_287663
[Est_pos child] Time: 2026-05-11 19:41:06.621170
[Est_pos child] Input files:
  gps1: C:\Pi_loc\05_11_03\RPI1\gps\GPS_RPI1_20260511_193830_Hydro_6673.txt
  gps2: C:\Pi_loc\05_11_03\RPI2\gps\GPS_RPI2_20260511_193830_Hydro_6675.txt
  gps3: C:\Pi_loc\05_11_03\RPI3\gps\GPS_RPI3_20260511_193830_Hydro_2624.txt
  wav1: C:\Pi_loc\05_11_03\RPI1\streaming\RBW6673_20260511_193830.wav
  wav2: C:\Pi_loc\05_11_03\RPI2\streaming\RBW6675_20260511_193830.wav
  wav3: C:\Pi_loc\05_11_03\RPI3\streaming\SAW2624_20260511_193830.wav
------------------------------------------------------------------------------------------
after import data
C:\ProgramData\Anaconda3\envs\Console\Lib\site-packages\scipy\interpolate\_interpolate.py:497: RuntimeWarning: invalid value encountered in divide
  slope = (y_hi - y_lo) / (x_hi - x_lo)[:, None]
after tdoa
GPS1: [[173830, 53.83814480666667, 17.64880998]]
GPS2: [[173830, 53.838144425, 17.64880540333333]]
GPS3: [[173830, 53.83817109833333, 17.648789251666667]]
ref_lat:  53.83814480666667
ref_lon:  17.64880998
aeqd: +proj=aeqd +lat_0=53.83814480666667 +lon_0=17.64880998 +datum=WGS84 +units=m +no_defs +type=crs
fwd: proj=pipeline step proj=unitconvert xy_in=deg xy_out=rad step proj=aeqd lat_0=53.8381448066667 lon_0=17.64880998 x_0=0 y_0=0 ellps=WGS84
inv: proj=pipeline step inv proj=aeqd lat_0=53.8381448066667 lon_0=17.64880998 x_0=0 y_0=0 ellps=WGS84 step proj=unitconvert xy_in=rad xy_out=deg
after make_local_transformer
after H_coord
after tdoa_estimate_mode_6
after filter_est_track_by_radius
------------------------------------------------------------------------------------------
[Est_pos child] RUN OK: 20260511_194106_287663
[Est_pos child] Result length: 0
[Est_pos child] Output JSON: C:\Users\Dell\AppData\Local\Temp\zopbsp_estpos_rzlk2csj\estpos_result.json
==========================================================================================

[Est_pos parent] Run finished: 20260511_194106_287663
[Est_pos parent] Return code: 0
[Est_pos parent] JSON exists: True

[Est_pos parent] RUN OK: 20260511_194106_287663
[Est_pos parent] Result length: 0
----------------------------------------------------------------------------------------------------

----------------------------------------------------------------------------------------------------
[Est_pos parent] Starting run: 20260511_194110_151112
[Est_pos parent] Time: 2026-05-11 19:41:10.151112
[Est_pos parent] Command:
  C:\ProgramData\Anaconda3\envs\Console\python.exe -u -m Est_pos.estimate_pos_runner --out C:\Users\Dell\AppData\Local\Temp\zopbsp_estpos_t_qmzbpz\estpos_result.json --session-log logs\estpos_subprocess\estpos_session_20260511_190502.log --run-id 20260511_194110_151112 C:\Pi_loc\05_11_03\RPI1\gps\GPS_RPI1_20260511_193820_Hydro_6673.txt C:\Pi_loc\05_11_03\RPI2\gps\GPS_RPI2_20260511_193820_Hydro_6675.txt C:\Pi_loc\05_11_03\RPI2\gps\GPS_RPI2_20260511_193820_Hydro_6675.txt C:\Pi_loc\05_11_03\RPI1\streaming\RBW6673_20260511_193820.wav C:\Pi_loc\05_11_03\RPI2\streaming\RBW6675_20260511_193820.wav C:\Pi_loc\05_11_03\RPI3\streaming\SAW2624_20260511_193820.wav
[Est_pos parent] Working directory:
  C:\Code\ZOPBSP_Console
----------------------------------------------------------------------------------------------------

==========================================================================================
[Est_pos child] RUN START: 20260511_194110_151112
[Est_pos child] Time: 2026-05-11 19:41:10.389024
[Est_pos child] Input files:
  gps1: C:\Pi_loc\05_11_03\RPI1\gps\GPS_RPI1_20260511_193820_Hydro_6673.txt
  gps2: C:\Pi_loc\05_11_03\RPI2\gps\GPS_RPI2_20260511_193820_Hydro_6675.txt
  gps3: C:\Pi_loc\05_11_03\RPI2\gps\GPS_RPI2_20260511_193820_Hydro_6675.txt
  wav1: C:\Pi_loc\05_11_03\RPI1\streaming\RBW6673_20260511_193820.wav
  wav2: C:\Pi_loc\05_11_03\RPI2\streaming\RBW6675_20260511_193820.wav
  wav3: C:\Pi_loc\05_11_03\RPI3\streaming\SAW2624_20260511_193820.wav
------------------------------------------------------------------------------------------
after import data
C:\ProgramData\Anaconda3\envs\Console\Lib\site-packages\scipy\interpolate\_interpolate.py:497: RuntimeWarning: invalid value encountered in divide
  slope = (y_hi - y_lo) / (x_hi - x_lo)[:, None]
after tdoa
GPS1: [[173820, 53.83814495166666, 17.64881001666667]]
GPS2: [[173820, 53.838144315, 17.648805396666667]]
GPS3: [[173820, 53.838144315, 17.648805396666667]]
ref_lat:  53.83814495166666
ref_lon:  17.64881001666667
aeqd: +proj=aeqd +lat_0=53.83814495166666 +lon_0=17.64881001666667 +datum=WGS84 +units=m +no_defs +type=crs
fwd: proj=pipeline step proj=unitconvert xy_in=deg xy_out=rad step proj=aeqd lat_0=53.8381449516667 lon_0=17.6488100166667 x_0=0 y_0=0 ellps=WGS84
inv: proj=pipeline step inv proj=aeqd lat_0=53.8381449516667 lon_0=17.6488100166667 x_0=0 y_0=0 ellps=WGS84 step proj=unitconvert xy_in=rad xy_out=deg
after make_local_transformer
after H_coord
after tdoa_estimate_mode_6
after filter_est_track_by_radius
------------------------------------------------------------------------------------------
[Est_pos child] RUN OK: 20260511_194110_151112
[Est_pos child] Result length: 0
[Est_pos child] Output JSON: C:\Users\Dell\AppData\Local\Temp\zopbsp_estpos_t_qmzbpz\estpos_result.json
==========================================================================================

[Est_pos parent] Run finished: 20260511_194110_151112
[Est_pos parent] Return code: 0
[Est_pos parent] JSON exists: True

[Est_pos parent] RUN OK: 20260511_194110_151112
[Est_pos parent] Result length: 0
----------------------------------------------------------------------------------------------------

----------------------------------------------------------------------------------------------------
[Est_pos parent] Starting run: 20260511_194114_128110
[Est_pos parent] Time: 2026-05-11 19:41:14.130120
[Est_pos parent] Command:
  C:\ProgramData\Anaconda3\envs\Console\python.exe -u -m Est_pos.estimate_pos_runner --out C:\Users\Dell\AppData\Local\Temp\zopbsp_estpos_c_zsolcr\estpos_result.json --session-log logs\estpos_subprocess\estpos_session_20260511_190502.log --run-id 20260511_194114_128110 C:\Pi_loc\05_11_03\RPI1\gps\GPS_RPI1_20260511_193820_Hydro_6673.txt C:\Pi_loc\05_11_03\RPI2\gps\GPS_RPI2_20260511_193820_Hydro_6675.txt C:\Pi_loc\05_11_03\RPI3\gps\GPS_RPI3_20260511_193820_Hydro_2624.txt C:\Pi_loc\05_11_03\RPI1\streaming\RBW6673_20260511_193820.wav C:\Pi_loc\05_11_03\RPI2\streaming\RBW6675_20260511_193820.wav C:\Pi_loc\05_11_03\RPI3\streaming\SAW2624_20260511_193820.wav
[Est_pos parent] Working directory:
  C:\Code\ZOPBSP_Console
----------------------------------------------------------------------------------------------------

==========================================================================================
[Est_pos child] RUN START: 20260511_194114_128110
[Est_pos child] Time: 2026-05-11 19:41:14.437700
[Est_pos child] Input files:
  gps1: C:\Pi_loc\05_11_03\RPI1\gps\GPS_RPI1_20260511_193820_Hydro_6673.txt
  gps2: C:\Pi_loc\05_11_03\RPI2\gps\GPS_RPI2_20260511_193820_Hydro_6675.txt
  gps3: C:\Pi_loc\05_11_03\RPI3\gps\GPS_RPI3_20260511_193820_Hydro_2624.txt
  wav1: C:\Pi_loc\05_11_03\RPI1\streaming\RBW6673_20260511_193820.wav
  wav2: C:\Pi_loc\05_11_03\RPI2\streaming\RBW6675_20260511_193820.wav
  wav3: C:\Pi_loc\05_11_03\RPI3\streaming\SAW2624_20260511_193820.wav
------------------------------------------------------------------------------------------
after import data
C:\ProgramData\Anaconda3\envs\Console\Lib\site-packages\scipy\interpolate\_interpolate.py:497: RuntimeWarning: invalid value encountered in divide
  slope = (y_hi - y_lo) / (x_hi - x_lo)[:, None]
after tdoa
GPS1: [[173820, 53.83814495166666, 17.64881001666667]]
GPS2: [[173820, 53.838144315, 17.648805396666667]]
GPS3: [[173820, 53.838140976666665, 17.648788145]]
ref_lat:  53.83814495166666
ref_lon:  17.64881001666667
aeqd: +proj=aeqd +lat_0=53.83814495166666 +lon_0=17.64881001666667 +datum=WGS84 +units=m +no_defs +type=crs
fwd: proj=pipeline step proj=unitconvert xy_in=deg xy_out=rad step proj=aeqd lat_0=53.8381449516667 lon_0=17.6488100166667 x_0=0 y_0=0 ellps=WGS84
inv: proj=pipeline step inv proj=aeqd lat_0=53.8381449516667 lon_0=17.6488100166667 x_0=0 y_0=0 ellps=WGS84 step proj=unitconvert xy_in=rad xy_out=deg
after make_local_transformer
after H_coord
after tdoa_estimate_mode_6
after filter_est_track_by_radius
------------------------------------------------------------------------------------------
[Est_pos child] RUN OK: 20260511_194114_128110
[Est_pos child] Result length: 0
[Est_pos child] Output JSON: C:\Users\Dell\AppData\Local\Temp\zopbsp_estpos_c_zsolcr\estpos_result.json
==========================================================================================

[Est_pos parent] Run finished: 20260511_194114_128110
[Est_pos parent] Return code: 0
[Est_pos parent] JSON exists: True

[Est_pos parent] RUN OK: 20260511_194114_128110
[Est_pos parent] Result length: 0
----------------------------------------------------------------------------------------------------

----------------------------------------------------------------------------------------------------
[Est_pos parent] Starting run: 20260511_194118_130192
[Est_pos parent] Time: 2026-05-11 19:41:18.130192
[Est_pos parent] Command:
  C:\ProgramData\Anaconda3\envs\Console\python.exe -u -m Est_pos.estimate_pos_runner --out C:\Users\Dell\AppData\Local\Temp\zopbsp_estpos_f3hn2508\estpos_result.json --session-log logs\estpos_subprocess\estpos_session_20260511_190502.log --run-id 20260511_194118_130192 C:\Pi_loc\05_11_03\RPI1\gps\GPS_RPI1_20260511_193840_Hydro_6673.txt C:\Pi_loc\05_11_03\RPI2\gps\GPS_RPI2_20260511_193840_Hydro_6675.txt C:\Pi_loc\05_11_03\RPI2\gps\GPS_RPI2_20260511_193840_Hydro_6675.txt C:\Pi_loc\05_11_03\RPI1\streaming\RBW6673_20260511_193840.wav C:\Pi_loc\05_11_03\RPI2\streaming\RBW6675_20260511_193840.wav C:\Pi_loc\05_11_03\RPI3\streaming\SAW2624_20260511_193840.wav
[Est_pos parent] Working directory:
  C:\Code\ZOPBSP_Console
----------------------------------------------------------------------------------------------------

==========================================================================================
[Est_pos child] RUN START: 20260511_194118_130192
[Est_pos child] Time: 2026-05-11 19:41:18.378915
[Est_pos child] Input files:
  gps1: C:\Pi_loc\05_11_03\RPI1\gps\GPS_RPI1_20260511_193840_Hydro_6673.txt
  gps2: C:\Pi_loc\05_11_03\RPI2\gps\GPS_RPI2_20260511_193840_Hydro_6675.txt
  gps3: C:\Pi_loc\05_11_03\RPI2\gps\GPS_RPI2_20260511_193840_Hydro_6675.txt
  wav1: C:\Pi_loc\05_11_03\RPI1\streaming\RBW6673_20260511_193840.wav
  wav2: C:\Pi_loc\05_11_03\RPI2\streaming\RBW6675_20260511_193840.wav
  wav3: C:\Pi_loc\05_11_03\RPI3\streaming\SAW2624_20260511_193840.wav
------------------------------------------------------------------------------------------
after import data
C:\ProgramData\Anaconda3\envs\Console\Lib\site-packages\scipy\interpolate\_interpolate.py:497: RuntimeWarning: invalid value encountered in divide
  slope = (y_hi - y_lo) / (x_hi - x_lo)[:, None]
after tdoa
GPS1: [[173840, 53.83814502333333, 17.648809905]]
GPS2: [[173840, 53.83814447166666, 17.648805395]]
GPS3: [[173840, 53.83814447166666, 17.648805395]]
ref_lat:  53.83814502333333
ref_lon:  17.648809905
aeqd: +proj=aeqd +lat_0=53.83814502333333 +lon_0=17.648809905 +datum=WGS84 +units=m +no_defs +type=crs
fwd: proj=pipeline step proj=unitconvert xy_in=deg xy_out=rad step proj=aeqd lat_0=53.8381450233333 lon_0=17.648809905 x_0=0 y_0=0 ellps=WGS84
inv: proj=pipeline step inv proj=aeqd lat_0=53.8381450233333 lon_0=17.648809905 x_0=0 y_0=0 ellps=WGS84 step proj=unitconvert xy_in=rad xy_out=deg
after make_local_transformer
after H_coord
after tdoa_estimate_mode_6
after filter_est_track_by_radius
------------------------------------------------------------------------------------------
[Est_pos child] RUN OK: 20260511_194118_130192
[Est_pos child] Result length: 0
[Est_pos child] Output JSON: C:\Users\Dell\AppData\Local\Temp\zopbsp_estpos_f3hn2508\estpos_result.json
==========================================================================================

[Est_pos parent] Run finished: 20260511_194118_130192
[Est_pos parent] Return code: 0
[Est_pos parent] JSON exists: True

[Est_pos parent] RUN OK: 20260511_194118_130192
[Est_pos parent] Result length: 0
----------------------------------------------------------------------------------------------------

----------------------------------------------------------------------------------------------------
[Est_pos parent] Starting run: 20260511_194121_965919
[Est_pos parent] Time: 2026-05-11 19:41:21.967926
[Est_pos parent] Command:
  C:\ProgramData\Anaconda3\envs\Console\python.exe -u -m Est_pos.estimate_pos_runner --out C:\Users\Dell\AppData\Local\Temp\zopbsp_estpos_awsqmzmo\estpos_result.json --session-log logs\estpos_subprocess\estpos_session_20260511_190502.log --run-id 20260511_194121_965919 C:\Pi_loc\05_11_03\RPI1\gps\GPS_RPI1_20260511_193840_Hydro_6673.txt C:\Pi_loc\05_11_03\RPI2\gps\GPS_RPI2_20260511_193840_Hydro_6675.txt C:\Pi_loc\05_11_03\RPI3\gps\GPS_RPI3_20260511_193840_Hydro_2624.txt C:\Pi_loc\05_11_03\RPI1\streaming\RBW6673_20260511_193840.wav C:\Pi_loc\05_11_03\RPI2\streaming\RBW6675_20260511_193840.wav C:\Pi_loc\05_11_03\RPI3\streaming\SAW2624_20260511_193840.wav
[Est_pos parent] Working directory:
  C:\Code\ZOPBSP_Console
----------------------------------------------------------------------------------------------------

==========================================================================================
[Est_pos child] RUN START: 20260511_194121_965919
[Est_pos child] Time: 2026-05-11 19:41:22.207556
[Est_pos child] Input files:
  gps1: C:\Pi_loc\05_11_03\RPI1\gps\GPS_RPI1_20260511_193840_Hydro_6673.txt
  gps2: C:\Pi_loc\05_11_03\RPI2\gps\GPS_RPI2_20260511_193840_Hydro_6675.txt
  gps3: C:\Pi_loc\05_11_03\RPI3\gps\GPS_RPI3_20260511_193840_Hydro_2624.txt
  wav1: C:\Pi_loc\05_11_03\RPI1\streaming\RBW6673_20260511_193840.wav
  wav2: C:\Pi_loc\05_11_03\RPI2\streaming\RBW6675_20260511_193840.wav
  wav3: C:\Pi_loc\05_11_03\RPI3\streaming\SAW2624_20260511_193840.wav
------------------------------------------------------------------------------------------
after import data
C:\ProgramData\Anaconda3\envs\Console\Lib\site-packages\scipy\interpolate\_interpolate.py:497: RuntimeWarning: invalid value encountered in divide
  slope = (y_hi - y_lo) / (x_hi - x_lo)[:, None]
after tdoa
GPS1: [[173840, 53.83814502333333, 17.648809905]]
GPS2: [[173840, 53.83814447166666, 17.648805395]]
GPS3: [[173840, 53.83817109666667, 17.648789391666664]]
ref_lat:  53.83814502333333
ref_lon:  17.648809905
aeqd: +proj=aeqd +lat_0=53.83814502333333 +lon_0=17.648809905 +datum=WGS84 +units=m +no_defs +type=crs
fwd: proj=pipeline step proj=unitconvert xy_in=deg xy_out=rad step proj=aeqd lat_0=53.8381450233333 lon_0=17.648809905 x_0=0 y_0=0 ellps=WGS84
inv: proj=pipeline step inv proj=aeqd lat_0=53.8381450233333 lon_0=17.648809905 x_0=0 y_0=0 ellps=WGS84 step proj=unitconvert xy_in=rad xy_out=deg
after make_local_transformer
after H_coord
after tdoa_estimate_mode_6
after filter_est_track_by_radius
------------------------------------------------------------------------------------------
[Est_pos child] RUN OK: 20260511_194121_965919
[Est_pos child] Result length: 0
[Est_pos child] Output JSON: C:\Users\Dell\AppData\Local\Temp\zopbsp_estpos_awsqmzmo\estpos_result.json
==========================================================================================

[Est_pos parent] Run finished: 20260511_194121_965919
[Est_pos parent] Return code: 0
[Est_pos parent] JSON exists: True

[Est_pos parent] RUN OK: 20260511_194121_965919
[Est_pos parent] Result length: 0
----------------------------------------------------------------------------------------------------

----------------------------------------------------------------------------------------------------
[Est_pos parent] Starting run: 20260511_194125_717506
[Est_pos parent] Time: 2026-05-11 19:41:25.719657
[Est_pos parent] Command:
  C:\ProgramData\Anaconda3\envs\Console\python.exe -u -m Est_pos.estimate_pos_runner --out C:\Users\Dell\AppData\Local\Temp\zopbsp_estpos_lgn52u54\estpos_result.json --session-log logs\estpos_subprocess\estpos_session_20260511_190502.log --run-id 20260511_194125_717506 C:\Pi_loc\05_11_03\RPI1\gps\GPS_RPI1_20260511_193850_Hydro_6673.txt C:\Pi_loc\05_11_03\RPI2\gps\GPS_RPI2_20260511_193850_Hydro_6675.txt C:\Pi_loc\05_11_03\RPI2\gps\GPS_RPI2_20260511_193850_Hydro_6675.txt C:\Pi_loc\05_11_03\RPI1\streaming\RBW6673_20260511_193850.wav C:\Pi_loc\05_11_03\RPI2\streaming\RBW6675_20260511_193850.wav C:\Pi_loc\05_11_03\RPI3\streaming\SAW2624_20260511_193850.wav
[Est_pos parent] Working directory:
  C:\Code\ZOPBSP_Console
----------------------------------------------------------------------------------------------------

==========================================================================================
[Est_pos child] RUN START: 20260511_194125_717506
[Est_pos child] Time: 2026-05-11 19:41:25.956279
[Est_pos child] Input files:
  gps1: C:\Pi_loc\05_11_03\RPI1\gps\GPS_RPI1_20260511_193850_Hydro_6673.txt
  gps2: C:\Pi_loc\05_11_03\RPI2\gps\GPS_RPI2_20260511_193850_Hydro_6675.txt
  gps3: C:\Pi_loc\05_11_03\RPI2\gps\GPS_RPI2_20260511_193850_Hydro_6675.txt
  wav1: C:\Pi_loc\05_11_03\RPI1\streaming\RBW6673_20260511_193850.wav
  wav2: C:\Pi_loc\05_11_03\RPI2\streaming\RBW6675_20260511_193850.wav
  wav3: C:\Pi_loc\05_11_03\RPI3\streaming\SAW2624_20260511_193850.wav
------------------------------------------------------------------------------------------
after import data
C:\ProgramData\Anaconda3\envs\Console\Lib\site-packages\scipy\interpolate\_interpolate.py:497: RuntimeWarning: invalid value encountered in divide
  slope = (y_hi - y_lo) / (x_hi - x_lo)[:, None]
after tdoa
GPS1: [[173850, 53.838144965000005, 17.648809948333334]]
GPS2: [[173850, 53.838144415, 17.64880541]]
GPS3: [[173850, 53.838144415, 17.64880541]]
ref_lat:  53.838144965000005
ref_lon:  17.648809948333334
aeqd: +proj=aeqd +lat_0=53.838144965000005 +lon_0=17.648809948333334 +datum=WGS84 +units=m +no_defs +type=crs
fwd: proj=pipeline step proj=unitconvert xy_in=deg xy_out=rad step proj=aeqd lat_0=53.838144965 lon_0=17.6488099483333 x_0=0 y_0=0 ellps=WGS84
inv: proj=pipeline step inv proj=aeqd lat_0=53.838144965 lon_0=17.6488099483333 x_0=0 y_0=0 ellps=WGS84 step proj=unitconvert xy_in=rad xy_out=deg
after make_local_transformer
after H_coord
after tdoa_estimate_mode_6
after filter_est_track_by_radius
------------------------------------------------------------------------------------------
[Est_pos child] RUN OK: 20260511_194125_717506
[Est_pos child] Result length: 0
[Est_pos child] Output JSON: C:\Users\Dell\AppData\Local\Temp\zopbsp_estpos_lgn52u54\estpos_result.json
==========================================================================================

[Est_pos parent] Run finished: 20260511_194125_717506
[Est_pos parent] Return code: 0
[Est_pos parent] JSON exists: True

[Est_pos parent] RUN OK: 20260511_194125_717506
[Est_pos parent] Result length: 0
----------------------------------------------------------------------------------------------------

----------------------------------------------------------------------------------------------------
[Est_pos parent] Starting run: 20260511_194129_521083
[Est_pos parent] Time: 2026-05-11 19:41:29.523094
[Est_pos parent] Command:
  C:\ProgramData\Anaconda3\envs\Console\python.exe -u -m Est_pos.estimate_pos_runner --out C:\Users\Dell\AppData\Local\Temp\zopbsp_estpos__6fkrmly\estpos_result.json --session-log logs\estpos_subprocess\estpos_session_20260511_190502.log --run-id 20260511_194129_521083 C:\Pi_loc\05_11_03\RPI1\gps\GPS_RPI1_20260511_193850_Hydro_6673.txt C:\Pi_loc\05_11_03\RPI2\gps\GPS_RPI2_20260511_193850_Hydro_6675.txt C:\Pi_loc\05_11_03\RPI3\gps\GPS_RPI3_20260511_193850_Hydro_2624.txt C:\Pi_loc\05_11_03\RPI1\streaming\RBW6673_20260511_193850.wav C:\Pi_loc\05_11_03\RPI2\streaming\RBW6675_20260511_193850.wav C:\Pi_loc\05_11_03\RPI3\streaming\SAW2624_20260511_193850.wav
[Est_pos parent] Working directory:
  C:\Code\ZOPBSP_Console
----------------------------------------------------------------------------------------------------

==========================================================================================
[Est_pos child] RUN START: 20260511_194129_521083
[Est_pos child] Time: 2026-05-11 19:41:29.750256
[Est_pos child] Input files:
  gps1: C:\Pi_loc\05_11_03\RPI1\gps\GPS_RPI1_20260511_193850_Hydro_6673.txt
  gps2: C:\Pi_loc\05_11_03\RPI2\gps\GPS_RPI2_20260511_193850_Hydro_6675.txt
  gps3: C:\Pi_loc\05_11_03\RPI3\gps\GPS_RPI3_20260511_193850_Hydro_2624.txt
  wav1: C:\Pi_loc\05_11_03\RPI1\streaming\RBW6673_20260511_193850.wav
  wav2: C:\Pi_loc\05_11_03\RPI2\streaming\RBW6675_20260511_193850.wav
  wav3: C:\Pi_loc\05_11_03\RPI3\streaming\SAW2624_20260511_193850.wav
------------------------------------------------------------------------------------------
after import data
C:\ProgramData\Anaconda3\envs\Console\Lib\site-packages\scipy\interpolate\_interpolate.py:497: RuntimeWarning: invalid value encountered in divide
  slope = (y_hi - y_lo) / (x_hi - x_lo)[:, None]
after tdoa
GPS1: [[173850, 53.838144965000005, 17.648809948333334]]
GPS2: [[173850, 53.838144415, 17.64880541]]
GPS3: [[173850, 53.838159845, 17.648794291666665]]
ref_lat:  53.838144965000005
ref_lon:  17.648809948333334
aeqd: +proj=aeqd +lat_0=53.838144965000005 +lon_0=17.648809948333334 +datum=WGS84 +units=m +no_defs +type=crs
fwd: proj=pipeline step proj=unitconvert xy_in=deg xy_out=rad step proj=aeqd lat_0=53.838144965 lon_0=17.6488099483333 x_0=0 y_0=0 ellps=WGS84
inv: proj=pipeline step inv proj=aeqd lat_0=53.838144965 lon_0=17.6488099483333 x_0=0 y_0=0 ellps=WGS84 step proj=unitconvert xy_in=rad xy_out=deg
after make_local_transformer
after H_coord
after tdoa_estimate_mode_6
after filter_est_track_by_radius
------------------------------------------------------------------------------------------
[Est_pos child] RUN OK: 20260511_194129_521083
[Est_pos child] Result length: 0
[Est_pos child] Output JSON: C:\Users\Dell\AppData\Local\Temp\zopbsp_estpos__6fkrmly\estpos_result.json
==========================================================================================

[Est_pos parent] Run finished: 20260511_194129_521083
[Est_pos parent] Return code: 0
[Est_pos parent] JSON exists: True

[Est_pos parent] RUN OK: 20260511_194129_521083
[Est_pos parent] Result length: 0
----------------------------------------------------------------------------------------------------

----------------------------------------------------------------------------------------------------
[Est_pos parent] Starting run: 20260511_194133_222200
[Est_pos parent] Time: 2026-05-11 19:41:33.222200
[Est_pos parent] Command:
  C:\ProgramData\Anaconda3\envs\Console\python.exe -u -m Est_pos.estimate_pos_runner --out C:\Users\Dell\AppData\Local\Temp\zopbsp_estpos_hde3zwli\estpos_result.json --session-log logs\estpos_subprocess\estpos_session_20260511_190502.log --run-id 20260511_194133_222200 C:\Pi_loc\05_11_03\RPI1\gps\GPS_RPI1_20260511_193910_Hydro_6673.txt C:\Pi_loc\05_11_03\RPI2\gps\GPS_RPI2_20260511_193910_Hydro_6675.txt C:\Pi_loc\05_11_03\RPI2\gps\GPS_RPI2_20260511_193910_Hydro_6675.txt C:\Pi_loc\05_11_03\RPI1\streaming\RBW6673_20260511_193910.wav C:\Pi_loc\05_11_03\RPI2\streaming\RBW6675_20260511_193910.wav C:\Pi_loc\05_11_03\RPI3\streaming\SAW2624_20260511_193910.wav
[Est_pos parent] Working directory:
  C:\Code\ZOPBSP_Console
----------------------------------------------------------------------------------------------------

==========================================================================================
[Est_pos child] RUN START: 20260511_194133_222200
[Est_pos child] Time: 2026-05-11 19:41:33.451588
[Est_pos child] Input files:
  gps1: C:\Pi_loc\05_11_03\RPI1\gps\GPS_RPI1_20260511_193910_Hydro_6673.txt
  gps2: C:\Pi_loc\05_11_03\RPI2\gps\GPS_RPI2_20260511_193910_Hydro_6675.txt
  gps3: C:\Pi_loc\05_11_03\RPI2\gps\GPS_RPI2_20260511_193910_Hydro_6675.txt
  wav1: C:\Pi_loc\05_11_03\RPI1\streaming\RBW6673_20260511_193910.wav
  wav2: C:\Pi_loc\05_11_03\RPI2\streaming\RBW6675_20260511_193910.wav
  wav3: C:\Pi_loc\05_11_03\RPI3\streaming\SAW2624_20260511_193910.wav
------------------------------------------------------------------------------------------
after import data
C:\ProgramData\Anaconda3\envs\Console\Lib\site-packages\scipy\interpolate\_interpolate.py:497: RuntimeWarning: invalid value encountered in divide
  slope = (y_hi - y_lo) / (x_hi - x_lo)[:, None]
after tdoa
GPS1: [[173910, 53.83814495333333, 17.648809986666667]]
GPS2: [[173910, 53.83814452333333, 17.648805433333333]]
GPS3: [[173910, 53.83814452333333, 17.648805433333333]]
ref_lat:  53.83814495333333
ref_lon:  17.648809986666667
aeqd: +proj=aeqd +lat_0=53.83814495333333 +lon_0=17.648809986666667 +datum=WGS84 +units=m +no_defs +type=crs
fwd: proj=pipeline step proj=unitconvert xy_in=deg xy_out=rad step proj=aeqd lat_0=53.8381449533333 lon_0=17.6488099866667 x_0=0 y_0=0 ellps=WGS84
inv: proj=pipeline step inv proj=aeqd lat_0=53.8381449533333 lon_0=17.6488099866667 x_0=0 y_0=0 ellps=WGS84 step proj=unitconvert xy_in=rad xy_out=deg
after make_local_transformer
after H_coord
after tdoa_estimate_mode_6
after filter_est_track_by_radius
------------------------------------------------------------------------------------------
[Est_pos child] RUN OK: 20260511_194133_222200
[Est_pos child] Result length: 0
[Est_pos child] Output JSON: C:\Users\Dell\AppData\Local\Temp\zopbsp_estpos_hde3zwli\estpos_result.json
==========================================================================================

[Est_pos parent] Run finished: 20260511_194133_222200
[Est_pos parent] Return code: 0
[Est_pos parent] JSON exists: True

[Est_pos parent] RUN OK: 20260511_194133_222200
[Est_pos parent] Result length: 0
----------------------------------------------------------------------------------------------------

----------------------------------------------------------------------------------------------------
[Est_pos parent] Starting run: 20260511_194137_062638
[Est_pos parent] Time: 2026-05-11 19:41:37.066421
[Est_pos parent] Command:
  C:\ProgramData\Anaconda3\envs\Console\python.exe -u -m Est_pos.estimate_pos_runner --out C:\Users\Dell\AppData\Local\Temp\zopbsp_estpos_91jpppgv\estpos_result.json --session-log logs\estpos_subprocess\estpos_session_20260511_190502.log --run-id 20260511_194137_062638 C:\Pi_loc\05_11_03\RPI1\gps\GPS_RPI1_20260511_193910_Hydro_6673.txt C:\Pi_loc\05_11_03\RPI2\gps\GPS_RPI2_20260511_193910_Hydro_6675.txt C:\Pi_loc\05_11_03\RPI3\gps\GPS_RPI3_20260511_193910_Hydro_2624.txt C:\Pi_loc\05_11_03\RPI1\streaming\RBW6673_20260511_193910.wav C:\Pi_loc\05_11_03\RPI2\streaming\RBW6675_20260511_193910.wav C:\Pi_loc\05_11_03\RPI3\streaming\SAW2624_20260511_193910.wav
[Est_pos parent] Working directory:
  C:\Code\ZOPBSP_Console
----------------------------------------------------------------------------------------------------

==========================================================================================
[Est_pos child] RUN START: 20260511_194137_062638
[Est_pos child] Time: 2026-05-11 19:41:37.312995
[Est_pos child] Input files:
  gps1: C:\Pi_loc\05_11_03\RPI1\gps\GPS_RPI1_20260511_193910_Hydro_6673.txt
  gps2: C:\Pi_loc\05_11_03\RPI2\gps\GPS_RPI2_20260511_193910_Hydro_6675.txt
  gps3: C:\Pi_loc\05_11_03\RPI3\gps\GPS_RPI3_20260511_193910_Hydro_2624.txt
  wav1: C:\Pi_loc\05_11_03\RPI1\streaming\RBW6673_20260511_193910.wav
  wav2: C:\Pi_loc\05_11_03\RPI2\streaming\RBW6675_20260511_193910.wav
  wav3: C:\Pi_loc\05_11_03\RPI3\streaming\SAW2624_20260511_193910.wav
------------------------------------------------------------------------------------------
after import data
C:\ProgramData\Anaconda3\envs\Console\Lib\site-packages\scipy\interpolate\_interpolate.py:497: RuntimeWarning: invalid value encountered in divide
  slope = (y_hi - y_lo) / (x_hi - x_lo)[:, None]
after tdoa
GPS1: [[173910, 53.83814495333333, 17.648809986666667]]
GPS2: [[173910, 53.83814452333333, 17.648805433333333]]
GPS3: [[173910, 53.83815658333333, 17.648796755]]
ref_lat:  53.83814495333333
ref_lon:  17.648809986666667
aeqd: +proj=aeqd +lat_0=53.83814495333333 +lon_0=17.648809986666667 +datum=WGS84 +units=m +no_defs +type=crs
fwd: proj=pipeline step proj=unitconvert xy_in=deg xy_out=rad step proj=aeqd lat_0=53.8381449533333 lon_0=17.6488099866667 x_0=0 y_0=0 ellps=WGS84
inv: proj=pipeline step inv proj=aeqd lat_0=53.8381449533333 lon_0=17.6488099866667 x_0=0 y_0=0 ellps=WGS84 step proj=unitconvert xy_in=rad xy_out=deg
after make_local_transformer
after H_coord
after tdoa_estimate_mode_6
after filter_est_track_by_radius
------------------------------------------------------------------------------------------
[Est_pos child] RUN OK: 20260511_194137_062638
[Est_pos child] Result length: 0
[Est_pos child] Output JSON: C:\Users\Dell\AppData\Local\Temp\zopbsp_estpos_91jpppgv\estpos_result.json
==========================================================================================

[Est_pos parent] Run finished: 20260511_194137_062638
[Est_pos parent] Return code: 0
[Est_pos parent] JSON exists: True

[Est_pos parent] RUN OK: 20260511_194137_062638
[Est_pos parent] Result length: 0
----------------------------------------------------------------------------------------------------

----------------------------------------------------------------------------------------------------
[Est_pos parent] Starting run: 20260511_194140_836100
[Est_pos parent] Time: 2026-05-11 19:41:40.838726
[Est_pos parent] Command:
  C:\ProgramData\Anaconda3\envs\Console\python.exe -u -m Est_pos.estimate_pos_runner --out C:\Users\Dell\AppData\Local\Temp\zopbsp_estpos_b9angqb0\estpos_result.json --session-log logs\estpos_subprocess\estpos_session_20260511_190502.log --run-id 20260511_194140_836100 C:\Pi_loc\05_11_03\RPI1\gps\GPS_RPI1_20260511_193900_Hydro_6673.txt C:\Pi_loc\05_11_03\RPI2\gps\GPS_RPI2_20260511_193900_Hydro_6675.txt C:\Pi_loc\05_11_03\RPI2\gps\GPS_RPI2_20260511_193900_Hydro_6675.txt C:\Pi_loc\05_11_03\RPI1\streaming\RBW6673_20260511_193900.wav C:\Pi_loc\05_11_03\RPI2\streaming\RBW6675_20260511_193900.wav C:\Pi_loc\05_11_03\RPI3\streaming\SAW2624_20260511_193900.wav
[Est_pos parent] Working directory:
  C:\Code\ZOPBSP_Console
----------------------------------------------------------------------------------------------------

==========================================================================================
[Est_pos child] RUN START: 20260511_194140_836100
[Est_pos child] Time: 2026-05-11 19:41:41.067717
[Est_pos child] Input files:
  gps1: C:\Pi_loc\05_11_03\RPI1\gps\GPS_RPI1_20260511_193900_Hydro_6673.txt
  gps2: C:\Pi_loc\05_11_03\RPI2\gps\GPS_RPI2_20260511_193900_Hydro_6675.txt
  gps3: C:\Pi_loc\05_11_03\RPI2\gps\GPS_RPI2_20260511_193900_Hydro_6675.txt
  wav1: C:\Pi_loc\05_11_03\RPI1\streaming\RBW6673_20260511_193900.wav
  wav2: C:\Pi_loc\05_11_03\RPI2\streaming\RBW6675_20260511_193900.wav
  wav3: C:\Pi_loc\05_11_03\RPI3\streaming\SAW2624_20260511_193900.wav
------------------------------------------------------------------------------------------
after import data
C:\ProgramData\Anaconda3\envs\Console\Lib\site-packages\scipy\interpolate\_interpolate.py:497: RuntimeWarning: invalid value encountered in divide
  slope = (y_hi - y_lo) / (x_hi - x_lo)[:, None]
after tdoa
GPS1: [[173900, 53.838144961666664, 17.64881000333333]]
GPS2: [[173900, 53.838144435000004, 17.648805373333335]]
GPS3: [[173900, 53.838144435000004, 17.648805373333335]]
ref_lat:  53.838144961666664
ref_lon:  17.64881000333333
aeqd: +proj=aeqd +lat_0=53.838144961666664 +lon_0=17.64881000333333 +datum=WGS84 +units=m +no_defs +type=crs
fwd: proj=pipeline step proj=unitconvert xy_in=deg xy_out=rad step proj=aeqd lat_0=53.8381449616667 lon_0=17.6488100033333 x_0=0 y_0=0 ellps=WGS84
inv: proj=pipeline step inv proj=aeqd lat_0=53.8381449616667 lon_0=17.6488100033333 x_0=0 y_0=0 ellps=WGS84 step proj=unitconvert xy_in=rad xy_out=deg
after make_local_transformer
after H_coord
after tdoa_estimate_mode_6
after filter_est_track_by_radius
------------------------------------------------------------------------------------------
[Est_pos child] RUN OK: 20260511_194140_836100
[Est_pos child] Result length: 0
[Est_pos child] Output JSON: C:\Users\Dell\AppData\Local\Temp\zopbsp_estpos_b9angqb0\estpos_result.json
==========================================================================================

[Est_pos parent] Run finished: 20260511_194140_836100
[Est_pos parent] Return code: 0
[Est_pos parent] JSON exists: True

[Est_pos parent] RUN OK: 20260511_194140_836100
[Est_pos parent] Result length: 0
----------------------------------------------------------------------------------------------------

----------------------------------------------------------------------------------------------------
[Est_pos parent] Starting run: 20260511_194144_570411
[Est_pos parent] Time: 2026-05-11 19:41:44.572435
[Est_pos parent] Command:
  C:\ProgramData\Anaconda3\envs\Console\python.exe -u -m Est_pos.estimate_pos_runner --out C:\Users\Dell\AppData\Local\Temp\zopbsp_estpos_qhqzo0vl\estpos_result.json --session-log logs\estpos_subprocess\estpos_session_20260511_190502.log --run-id 20260511_194144_570411 C:\Pi_loc\05_11_03\RPI1\gps\GPS_RPI1_20260511_193900_Hydro_6673.txt C:\Pi_loc\05_11_03\RPI2\gps\GPS_RPI2_20260511_193900_Hydro_6675.txt C:\Pi_loc\05_11_03\RPI3\gps\GPS_RPI3_20260511_193900_Hydro_2624.txt C:\Pi_loc\05_11_03\RPI1\streaming\RBW6673_20260511_193900.wav C:\Pi_loc\05_11_03\RPI2\streaming\RBW6675_20260511_193900.wav C:\Pi_loc\05_11_03\RPI3\streaming\SAW2624_20260511_193900.wav
[Est_pos parent] Working directory:
  C:\Code\ZOPBSP_Console
----------------------------------------------------------------------------------------------------

==========================================================================================
[Est_pos child] RUN START: 20260511_194144_570411
[Est_pos child] Time: 2026-05-11 19:41:44.893133
[Est_pos child] Input files:
  gps1: C:\Pi_loc\05_11_03\RPI1\gps\GPS_RPI1_20260511_193900_Hydro_6673.txt
  gps2: C:\Pi_loc\05_11_03\RPI2\gps\GPS_RPI2_20260511_193900_Hydro_6675.txt
  gps3: C:\Pi_loc\05_11_03\RPI3\gps\GPS_RPI3_20260511_193900_Hydro_2624.txt
  wav1: C:\Pi_loc\05_11_03\RPI1\streaming\RBW6673_20260511_193900.wav
  wav2: C:\Pi_loc\05_11_03\RPI2\streaming\RBW6675_20260511_193900.wav
  wav3: C:\Pi_loc\05_11_03\RPI3\streaming\SAW2624_20260511_193900.wav
------------------------------------------------------------------------------------------
after import data
C:\ProgramData\Anaconda3\envs\Console\Lib\site-packages\scipy\interpolate\_interpolate.py:497: RuntimeWarning: invalid value encountered in divide
  slope = (y_hi - y_lo) / (x_hi - x_lo)[:, None]
after tdoa
GPS1: [[173900, 53.838144961666664, 17.64881000333333]]
GPS2: [[173900, 53.838144435000004, 17.648805373333335]]
GPS3: [[173900, 53.838159403333336, 17.648795661666668]]
ref_lat:  53.838144961666664
ref_lon:  17.64881000333333
aeqd: +proj=aeqd +lat_0=53.838144961666664 +lon_0=17.64881000333333 +datum=WGS84 +units=m +no_defs +type=crs
fwd: proj=pipeline step proj=unitconvert xy_in=deg xy_out=rad step proj=aeqd lat_0=53.8381449616667 lon_0=17.6488100033333 x_0=0 y_0=0 ellps=WGS84
inv: proj=pipeline step inv proj=aeqd lat_0=53.8381449616667 lon_0=17.6488100033333 x_0=0 y_0=0 ellps=WGS84 step proj=unitconvert xy_in=rad xy_out=deg
after make_local_transformer
after H_coord
after tdoa_estimate_mode_6
after filter_est_track_by_radius
------------------------------------------------------------------------------------------
[Est_pos child] RUN OK: 20260511_194144_570411
[Est_pos child] Result length: 0
[Est_pos child] Output JSON: C:\Users\Dell\AppData\Local\Temp\zopbsp_estpos_qhqzo0vl\estpos_result.json
==========================================================================================

[Est_pos parent] Run finished: 20260511_194144_570411
[Est_pos parent] Return code: 0
[Est_pos parent] JSON exists: True

[Est_pos parent] RUN OK: 20260511_194144_570411
[Est_pos parent] Result length: 0
----------------------------------------------------------------------------------------------------

----------------------------------------------------------------------------------------------------
[Est_pos parent] Starting run: 20260511_194148_479838
[Est_pos parent] Time: 2026-05-11 19:41:48.479838
[Est_pos parent] Command:
  C:\ProgramData\Anaconda3\envs\Console\python.exe -u -m Est_pos.estimate_pos_runner --out C:\Users\Dell\AppData\Local\Temp\zopbsp_estpos_q3w94pu4\estpos_result.json --session-log logs\estpos_subprocess\estpos_session_20260511_190502.log --run-id 20260511_194148_479838 C:\Pi_loc\05_11_03\RPI1\gps\GPS_RPI1_20260511_193920_Hydro_6673.txt C:\Pi_loc\05_11_03\RPI2\gps\GPS_RPI2_20260511_193920_Hydro_6675.txt C:\Pi_loc\05_11_03\RPI2\gps\GPS_RPI2_20260511_193920_Hydro_6675.txt C:\Pi_loc\05_11_03\RPI1\streaming\RBW6673_20260511_193920.wav C:\Pi_loc\05_11_03\RPI2\streaming\RBW6675_20260511_193920.wav C:\Pi_loc\05_11_03\RPI3\streaming\SAW2624_20260511_193920.wav
[Est_pos parent] Working directory:
  C:\Code\ZOPBSP_Console
----------------------------------------------------------------------------------------------------

==========================================================================================
[Est_pos child] RUN START: 20260511_194148_479838
[Est_pos child] Time: 2026-05-11 19:41:48.742566
[Est_pos child] Input files:
  gps1: C:\Pi_loc\05_11_03\RPI1\gps\GPS_RPI1_20260511_193920_Hydro_6673.txt
  gps2: C:\Pi_loc\05_11_03\RPI2\gps\GPS_RPI2_20260511_193920_Hydro_6675.txt
  gps3: C:\Pi_loc\05_11_03\RPI2\gps\GPS_RPI2_20260511_193920_Hydro_6675.txt
  wav1: C:\Pi_loc\05_11_03\RPI1\streaming\RBW6673_20260511_193920.wav
  wav2: C:\Pi_loc\05_11_03\RPI2\streaming\RBW6675_20260511_193920.wav
  wav3: C:\Pi_loc\05_11_03\RPI3\streaming\SAW2624_20260511_193920.wav
------------------------------------------------------------------------------------------
after import data
C:\ProgramData\Anaconda3\envs\Console\Lib\site-packages\scipy\interpolate\_interpolate.py:497: RuntimeWarning: invalid value encountered in divide
  slope = (y_hi - y_lo) / (x_hi - x_lo)[:, None]
after tdoa
GPS1: [[173920, 53.83814504666666, 17.648809956666664]]
GPS2: [[173920, 53.83814455333333, 17.64880551]]
GPS3: [[173920, 53.83814455333333, 17.64880551]]
ref_lat:  53.83814504666666
ref_lon:  17.648809956666664
aeqd: +proj=aeqd +lat_0=53.83814504666666 +lon_0=17.648809956666664 +datum=WGS84 +units=m +no_defs +type=crs
fwd: proj=pipeline step proj=unitconvert xy_in=deg xy_out=rad step proj=aeqd lat_0=53.8381450466667 lon_0=17.6488099566667 x_0=0 y_0=0 ellps=WGS84
inv: proj=pipeline step inv proj=aeqd lat_0=53.8381450466667 lon_0=17.6488099566667 x_0=0 y_0=0 ellps=WGS84 step proj=unitconvert xy_in=rad xy_out=deg
after make_local_transformer
after H_coord
after tdoa_estimate_mode_6
after filter_est_track_by_radius
------------------------------------------------------------------------------------------
[Est_pos child] RUN OK: 20260511_194148_479838
[Est_pos child] Result length: 0
[Est_pos child] Output JSON: C:\Users\Dell\AppData\Local\Temp\zopbsp_estpos_q3w94pu4\estpos_result.json
==========================================================================================

[Est_pos parent] Run finished: 20260511_194148_479838
[Est_pos parent] Return code: 0
[Est_pos parent] JSON exists: True

[Est_pos parent] RUN OK: 20260511_194148_479838
[Est_pos parent] Result length: 0
----------------------------------------------------------------------------------------------------

----------------------------------------------------------------------------------------------------
[Est_pos parent] Starting run: 20260511_194152_438414
[Est_pos parent] Time: 2026-05-11 19:41:52.440180
[Est_pos parent] Command:
  C:\ProgramData\Anaconda3\envs\Console\python.exe -u -m Est_pos.estimate_pos_runner --out C:\Users\Dell\AppData\Local\Temp\zopbsp_estpos_tgblzdyo\estpos_result.json --session-log logs\estpos_subprocess\estpos_session_20260511_190502.log --run-id 20260511_194152_438414 C:\Pi_loc\05_11_03\RPI1\gps\GPS_RPI1_20260511_193920_Hydro_6673.txt C:\Pi_loc\05_11_03\RPI2\gps\GPS_RPI2_20260511_193920_Hydro_6675.txt C:\Pi_loc\05_11_03\RPI3\gps\GPS_RPI3_20260511_193920_Hydro_2624.txt C:\Pi_loc\05_11_03\RPI1\streaming\RBW6673_20260511_193920.wav C:\Pi_loc\05_11_03\RPI2\streaming\RBW6675_20260511_193920.wav C:\Pi_loc\05_11_03\RPI3\streaming\SAW2624_20260511_193920.wav
[Est_pos parent] Working directory:
  C:\Code\ZOPBSP_Console
----------------------------------------------------------------------------------------------------

==========================================================================================
[Est_pos child] RUN START: 20260511_194152_438414
[Est_pos child] Time: 2026-05-11 19:41:52.819672
[Est_pos child] Input files:
  gps1: C:\Pi_loc\05_11_03\RPI1\gps\GPS_RPI1_20260511_193920_Hydro_6673.txt
  gps2: C:\Pi_loc\05_11_03\RPI2\gps\GPS_RPI2_20260511_193920_Hydro_6675.txt
  gps3: C:\Pi_loc\05_11_03\RPI3\gps\GPS_RPI3_20260511_193920_Hydro_2624.txt
  wav1: C:\Pi_loc\05_11_03\RPI1\streaming\RBW6673_20260511_193920.wav
  wav2: C:\Pi_loc\05_11_03\RPI2\streaming\RBW6675_20260511_193920.wav
  wav3: C:\Pi_loc\05_11_03\RPI3\streaming\SAW2624_20260511_193920.wav
------------------------------------------------------------------------------------------
after import data
C:\ProgramData\Anaconda3\envs\Console\Lib\site-packages\scipy\interpolate\_interpolate.py:497: RuntimeWarning: invalid value encountered in divide
  slope = (y_hi - y_lo) / (x_hi - x_lo)[:, None]
after tdoa
GPS1: [[173920, 53.83814504666666, 17.648809956666664]]
GPS2: [[173920, 53.83814455333333, 17.64880551]]
GPS3: [[173920, 53.838157641666676, 17.648797136666666]]
ref_lat:  53.83814504666666
ref_lon:  17.648809956666664
aeqd: +proj=aeqd +lat_0=53.83814504666666 +lon_0=17.648809956666664 +datum=WGS84 +units=m +no_defs +type=crs
fwd: proj=pipeline step proj=unitconvert xy_in=deg xy_out=rad step proj=aeqd lat_0=53.8381450466667 lon_0=17.6488099566667 x_0=0 y_0=0 ellps=WGS84
inv: proj=pipeline step inv proj=aeqd lat_0=53.8381450466667 lon_0=17.6488099566667 x_0=0 y_0=0 ellps=WGS84 step proj=unitconvert xy_in=rad xy_out=deg
after make_local_transformer
after H_coord
after tdoa_estimate_mode_6
after filter_est_track_by_radius
------------------------------------------------------------------------------------------
[Est_pos child] RUN OK: 20260511_194152_438414
[Est_pos child] Result length: 0
[Est_pos child] Output JSON: C:\Users\Dell\AppData\Local\Temp\zopbsp_estpos_tgblzdyo\estpos_result.json
==========================================================================================

[Est_pos parent] Run finished: 20260511_194152_438414
[Est_pos parent] Return code: 0
[Est_pos parent] JSON exists: True

[Est_pos parent] RUN OK: 20260511_194152_438414
[Est_pos parent] Result length: 0
----------------------------------------------------------------------------------------------------

----------------------------------------------------------------------------------------------------
[Est_pos parent] Starting run: 20260511_194156_338848
[Est_pos parent] Time: 2026-05-11 19:41:56.338848
[Est_pos parent] Command:
  C:\ProgramData\Anaconda3\envs\Console\python.exe -u -m Est_pos.estimate_pos_runner --out C:\Users\Dell\AppData\Local\Temp\zopbsp_estpos_j5fjhhkw\estpos_result.json --session-log logs\estpos_subprocess\estpos_session_20260511_190502.log --run-id 20260511_194156_338848 C:\Pi_loc\05_11_03\RPI1\gps\GPS_RPI1_20260511_193940_Hydro_6673.txt C:\Pi_loc\05_11_03\RPI2\gps\GPS_RPI2_20260511_193940_Hydro_6675.txt C:\Pi_loc\05_11_03\RPI2\gps\GPS_RPI2_20260511_193940_Hydro_6675.txt C:\Pi_loc\05_11_03\RPI1\streaming\RBW6673_20260511_193940.wav C:\Pi_loc\05_11_03\RPI2\streaming\RBW6675_20260511_193940.wav C:\Pi_loc\05_11_03\RPI3\streaming\SAW2624_20260511_193940.wav
[Est_pos parent] Working directory:
  C:\Code\ZOPBSP_Console
----------------------------------------------------------------------------------------------------

==========================================================================================
[Est_pos child] RUN START: 20260511_194156_338848
[Est_pos child] Time: 2026-05-11 19:41:56.573696
[Est_pos child] Input files:
  gps1: C:\Pi_loc\05_11_03\RPI1\gps\GPS_RPI1_20260511_193940_Hydro_6673.txt
  gps2: C:\Pi_loc\05_11_03\RPI2\gps\GPS_RPI2_20260511_193940_Hydro_6675.txt
  gps3: C:\Pi_loc\05_11_03\RPI2\gps\GPS_RPI2_20260511_193940_Hydro_6675.txt
  wav1: C:\Pi_loc\05_11_03\RPI1\streaming\RBW6673_20260511_193940.wav
  wav2: C:\Pi_loc\05_11_03\RPI2\streaming\RBW6675_20260511_193940.wav
  wav3: C:\Pi_loc\05_11_03\RPI3\streaming\SAW2624_20260511_193940.wav
------------------------------------------------------------------------------------------
after import data
C:\ProgramData\Anaconda3\envs\Console\Lib\site-packages\scipy\interpolate\_interpolate.py:497: RuntimeWarning: invalid value encountered in divide
  slope = (y_hi - y_lo) / (x_hi - x_lo)[:, None]
after tdoa
GPS1: [[173940, 53.83814509833334, 17.64881002666667]]
GPS2: [[173940, 53.838144635, 17.648805465000002]]
GPS3: [[173940, 53.838144635, 17.648805465000002]]
ref_lat:  53.83814509833334
ref_lon:  17.64881002666667
aeqd: +proj=aeqd +lat_0=53.83814509833334 +lon_0=17.64881002666667 +datum=WGS84 +units=m +no_defs +type=crs
fwd: proj=pipeline step proj=unitconvert xy_in=deg xy_out=rad step proj=aeqd lat_0=53.8381450983333 lon_0=17.6488100266667 x_0=0 y_0=0 ellps=WGS84
inv: proj=pipeline step inv proj=aeqd lat_0=53.8381450983333 lon_0=17.6488100266667 x_0=0 y_0=0 ellps=WGS84 step proj=unitconvert xy_in=rad xy_out=deg
after make_local_transformer
after H_coord
after tdoa_estimate_mode_6
after filter_est_track_by_radius
------------------------------------------------------------------------------------------
[Est_pos child] RUN OK: 20260511_194156_338848
[Est_pos child] Result length: 1
[Est_pos child] Output JSON: C:\Users\Dell\AppData\Local\Temp\zopbsp_estpos_j5fjhhkw\estpos_result.json
==========================================================================================

[Est_pos parent] Run finished: 20260511_194156_338848
[Est_pos parent] Return code: 0
[Est_pos parent] JSON exists: True

[Est_pos parent] RUN OK: 20260511_194156_338848
[Est_pos parent] Result length: 1
----------------------------------------------------------------------------------------------------

----------------------------------------------------------------------------------------------------
[Est_pos parent] Starting run: 20260511_194200_136378
[Est_pos parent] Time: 2026-05-11 19:42:00.138407
[Est_pos parent] Command:
  C:\ProgramData\Anaconda3\envs\Console\python.exe -u -m Est_pos.estimate_pos_runner --out C:\Users\Dell\AppData\Local\Temp\zopbsp_estpos_6t2y2bc6\estpos_result.json --session-log logs\estpos_subprocess\estpos_session_20260511_190502.log --run-id 20260511_194200_136378 C:\Pi_loc\05_11_03\RPI1\gps\GPS_RPI1_20260511_193940_Hydro_6673.txt C:\Pi_loc\05_11_03\RPI2\gps\GPS_RPI2_20260511_193940_Hydro_6675.txt C:\Pi_loc\05_11_03\RPI3\gps\GPS_RPI3_20260511_193940_Hydro_2624.txt C:\Pi_loc\05_11_03\RPI1\streaming\RBW6673_20260511_193940.wav C:\Pi_loc\05_11_03\RPI2\streaming\RBW6675_20260511_193940.wav C:\Pi_loc\05_11_03\RPI3\streaming\SAW2624_20260511_193940.wav
[Est_pos parent] Working directory:
  C:\Code\ZOPBSP_Console
----------------------------------------------------------------------------------------------------

==========================================================================================
[Est_pos child] RUN START: 20260511_194200_136378
[Est_pos child] Time: 2026-05-11 19:42:00.478893
[Est_pos child] Input files:
  gps1: C:\Pi_loc\05_11_03\RPI1\gps\GPS_RPI1_20260511_193940_Hydro_6673.txt
  gps2: C:\Pi_loc\05_11_03\RPI2\gps\GPS_RPI2_20260511_193940_Hydro_6675.txt
  gps3: C:\Pi_loc\05_11_03\RPI3\gps\GPS_RPI3_20260511_193940_Hydro_2624.txt
  wav1: C:\Pi_loc\05_11_03\RPI1\streaming\RBW6673_20260511_193940.wav
  wav2: C:\Pi_loc\05_11_03\RPI2\streaming\RBW6675_20260511_193940.wav
  wav3: C:\Pi_loc\05_11_03\RPI3\streaming\SAW2624_20260511_193940.wav
------------------------------------------------------------------------------------------
after import data
C:\ProgramData\Anaconda3\envs\Console\Lib\site-packages\scipy\interpolate\_interpolate.py:497: RuntimeWarning: invalid value encountered in divide
  slope = (y_hi - y_lo) / (x_hi - x_lo)[:, None]
after tdoa
GPS1: [[173940, 53.83814509833334, 17.64881002666667]]
GPS2: [[173940, 53.838144635, 17.648805465000002]]
GPS3: [[173940, 53.838162471666664, 17.648794931666664]]
ref_lat:  53.83814509833334
ref_lon:  17.64881002666667
aeqd: +proj=aeqd +lat_0=53.83814509833334 +lon_0=17.64881002666667 +datum=WGS84 +units=m +no_defs +type=crs
fwd: proj=pipeline step proj=unitconvert xy_in=deg xy_out=rad step proj=aeqd lat_0=53.8381450983333 lon_0=17.6488100266667 x_0=0 y_0=0 ellps=WGS84
inv: proj=pipeline step inv proj=aeqd lat_0=53.8381450983333 lon_0=17.6488100266667 x_0=0 y_0=0 ellps=WGS84 step proj=unitconvert xy_in=rad xy_out=deg
after make_local_transformer
after H_coord
after tdoa_estimate_mode_6
after filter_est_track_by_radius
------------------------------------------------------------------------------------------
[Est_pos child] RUN OK: 20260511_194200_136378
[Est_pos child] Result length: 0
[Est_pos child] Output JSON: C:\Users\Dell\AppData\Local\Temp\zopbsp_estpos_6t2y2bc6\estpos_result.json
==========================================================================================

[Est_pos parent] Run finished: 20260511_194200_136378
[Est_pos parent] Return code: 0
[Est_pos parent] JSON exists: True

[Est_pos parent] RUN OK: 20260511_194200_136378
[Est_pos parent] Result length: 0
----------------------------------------------------------------------------------------------------

----------------------------------------------------------------------------------------------------
[Est_pos parent] Starting run: 20260511_194203_923603
[Est_pos parent] Time: 2026-05-11 19:42:03.923603
[Est_pos parent] Command:
  C:\ProgramData\Anaconda3\envs\Console\python.exe -u -m Est_pos.estimate_pos_runner --out C:\Users\Dell\AppData\Local\Temp\zopbsp_estpos_0guhqejn\estpos_result.json --session-log logs\estpos_subprocess\estpos_session_20260511_190502.log --run-id 20260511_194203_923603 C:\Pi_loc\05_11_03\RPI1\gps\GPS_RPI1_20260511_193930_Hydro_6673.txt C:\Pi_loc\05_11_03\RPI2\gps\GPS_RPI2_20260511_193930_Hydro_6675.txt C:\Pi_loc\05_11_03\RPI2\gps\GPS_RPI2_20260511_193930_Hydro_6675.txt C:\Pi_loc\05_11_03\RPI1\streaming\RBW6673_20260511_193930.wav C:\Pi_loc\05_11_03\RPI2\streaming\RBW6675_20260511_193930.wav C:\Pi_loc\05_11_03\RPI3\streaming\SAW2624_20260511_193930.wav
[Est_pos parent] Working directory:
  C:\Code\ZOPBSP_Console
----------------------------------------------------------------------------------------------------

==========================================================================================
[Est_pos child] RUN START: 20260511_194203_923603
[Est_pos child] Time: 2026-05-11 19:42:04.149872
[Est_pos child] Input files:
  gps1: C:\Pi_loc\05_11_03\RPI1\gps\GPS_RPI1_20260511_193930_Hydro_6673.txt
  gps2: C:\Pi_loc\05_11_03\RPI2\gps\GPS_RPI2_20260511_193930_Hydro_6675.txt
  gps3: C:\Pi_loc\05_11_03\RPI2\gps\GPS_RPI2_20260511_193930_Hydro_6675.txt
  wav1: C:\Pi_loc\05_11_03\RPI1\streaming\RBW6673_20260511_193930.wav
  wav2: C:\Pi_loc\05_11_03\RPI2\streaming\RBW6675_20260511_193930.wav
  wav3: C:\Pi_loc\05_11_03\RPI3\streaming\SAW2624_20260511_193930.wav
------------------------------------------------------------------------------------------
after import data
C:\ProgramData\Anaconda3\envs\Console\Lib\site-packages\scipy\interpolate\_interpolate.py:497: RuntimeWarning: invalid value encountered in divide
  slope = (y_hi - y_lo) / (x_hi - x_lo)[:, None]
after tdoa
GPS1: [[173930, 53.838145004999994, 17.648810006666668]]
GPS2: [[173930, 53.83814449666667, 17.648805494999998]]
GPS3: [[173930, 53.83814449666667, 17.648805494999998]]
ref_lat:  53.838145004999994
ref_lon:  17.648810006666668
aeqd: +proj=aeqd +lat_0=53.838145004999994 +lon_0=17.648810006666668 +datum=WGS84 +units=m +no_defs +type=crs
fwd: proj=pipeline step proj=unitconvert xy_in=deg xy_out=rad step proj=aeqd lat_0=53.838145005 lon_0=17.6488100066667 x_0=0 y_0=0 ellps=WGS84
inv: proj=pipeline step inv proj=aeqd lat_0=53.838145005 lon_0=17.6488100066667 x_0=0 y_0=0 ellps=WGS84 step proj=unitconvert xy_in=rad xy_out=deg
after make_local_transformer
after H_coord
after tdoa_estimate_mode_6
after filter_est_track_by_radius
------------------------------------------------------------------------------------------
[Est_pos child] RUN OK: 20260511_194203_923603
[Est_pos child] Result length: 1
[Est_pos child] Output JSON: C:\Users\Dell\AppData\Local\Temp\zopbsp_estpos_0guhqejn\estpos_result.json
==========================================================================================

[Est_pos parent] Run finished: 20260511_194203_923603
[Est_pos parent] Return code: 0
[Est_pos parent] JSON exists: True

[Est_pos parent] RUN OK: 20260511_194203_923603
[Est_pos parent] Result length: 1
----------------------------------------------------------------------------------------------------

----------------------------------------------------------------------------------------------------
[Est_pos parent] Starting run: 20260511_194207_626980
[Est_pos parent] Time: 2026-05-11 19:42:07.628997
[Est_pos parent] Command:
  C:\ProgramData\Anaconda3\envs\Console\python.exe -u -m Est_pos.estimate_pos_runner --out C:\Users\Dell\AppData\Local\Temp\zopbsp_estpos_2sf5n0re\estpos_result.json --session-log logs\estpos_subprocess\estpos_session_20260511_190502.log --run-id 20260511_194207_626980 C:\Pi_loc\05_11_03\RPI1\gps\GPS_RPI1_20260511_193930_Hydro_6673.txt C:\Pi_loc\05_11_03\RPI2\gps\GPS_RPI2_20260511_193930_Hydro_6675.txt C:\Pi_loc\05_11_03\RPI3\gps\GPS_RPI3_20260511_193930_Hydro_2624.txt C:\Pi_loc\05_11_03\RPI1\streaming\RBW6673_20260511_193930.wav C:\Pi_loc\05_11_03\RPI2\streaming\RBW6675_20260511_193930.wav C:\Pi_loc\05_11_03\RPI3\streaming\SAW2624_20260511_193930.wav
[Est_pos parent] Working directory:
  C:\Code\ZOPBSP_Console
----------------------------------------------------------------------------------------------------

==========================================================================================
[Est_pos child] RUN START: 20260511_194207_626980
[Est_pos child] Time: 2026-05-11 19:42:08.006693
[Est_pos child] Input files:
  gps1: C:\Pi_loc\05_11_03\RPI1\gps\GPS_RPI1_20260511_193930_Hydro_6673.txt
  gps2: C:\Pi_loc\05_11_03\RPI2\gps\GPS_RPI2_20260511_193930_Hydro_6675.txt
  gps3: C:\Pi_loc\05_11_03\RPI3\gps\GPS_RPI3_20260511_193930_Hydro_2624.txt
  wav1: C:\Pi_loc\05_11_03\RPI1\streaming\RBW6673_20260511_193930.wav
  wav2: C:\Pi_loc\05_11_03\RPI2\streaming\RBW6675_20260511_193930.wav
  wav3: C:\Pi_loc\05_11_03\RPI3\streaming\SAW2624_20260511_193930.wav
------------------------------------------------------------------------------------------
after import data
C:\ProgramData\Anaconda3\envs\Console\Lib\site-packages\scipy\interpolate\_interpolate.py:497: RuntimeWarning: invalid value encountered in divide
  slope = (y_hi - y_lo) / (x_hi - x_lo)[:, None]
after tdoa
GPS1: [[173930, 53.838145004999994, 17.648810006666668]]
GPS2: [[173930, 53.83814449666667, 17.648805494999998]]
GPS3: [[173930, 53.838161605, 17.648795633333336]]
ref_lat:  53.838145004999994
ref_lon:  17.648810006666668
aeqd: +proj=aeqd +lat_0=53.838145004999994 +lon_0=17.648810006666668 +datum=WGS84 +units=m +no_defs +type=crs
fwd: proj=pipeline step proj=unitconvert xy_in=deg xy_out=rad step proj=aeqd lat_0=53.838145005 lon_0=17.6488100066667 x_0=0 y_0=0 ellps=WGS84
inv: proj=pipeline step inv proj=aeqd lat_0=53.838145005 lon_0=17.6488100066667 x_0=0 y_0=0 ellps=WGS84 step proj=unitconvert xy_in=rad xy_out=deg
after make_local_transformer
after H_coord
after tdoa_estimate_mode_6
after filter_est_track_by_radius
------------------------------------------------------------------------------------------
[Est_pos child] RUN OK: 20260511_194207_626980
[Est_pos child] Result length: 0
[Est_pos child] Output JSON: C:\Users\Dell\AppData\Local\Temp\zopbsp_estpos_2sf5n0re\estpos_result.json
==========================================================================================

[Est_pos parent] Run finished: 20260511_194207_626980
[Est_pos parent] Return code: 0
[Est_pos parent] JSON exists: True

[Est_pos parent] RUN OK: 20260511_194207_626980
[Est_pos parent] Result length: 0
----------------------------------------------------------------------------------------------------

----------------------------------------------------------------------------------------------------
[Est_pos parent] Starting run: 20260511_194211_476731
[Est_pos parent] Time: 2026-05-11 19:42:11.480188
[Est_pos parent] Command:
  C:\ProgramData\Anaconda3\envs\Console\python.exe -u -m Est_pos.estimate_pos_runner --out C:\Users\Dell\AppData\Local\Temp\zopbsp_estpos_yyf34iur\estpos_result.json --session-log logs\estpos_subprocess\estpos_session_20260511_190502.log --run-id 20260511_194211_476731 C:\Pi_loc\05_11_03\RPI1\gps\GPS_RPI1_20260511_194000_Hydro_6673.txt C:\Pi_loc\05_11_03\RPI2\gps\GPS_RPI2_20260511_194000_Hydro_6675.txt C:\Pi_loc\05_11_03\RPI2\gps\GPS_RPI2_20260511_194000_Hydro_6675.txt C:\Pi_loc\05_11_03\RPI1\streaming\RBW6673_20260511_194000.wav C:\Pi_loc\05_11_03\RPI2\streaming\RBW6675_20260511_194000.wav C:\Pi_loc\05_11_03\RPI3\streaming\SAW2624_20260511_194000.wav
[Est_pos parent] Working directory:
  C:\Code\ZOPBSP_Console
----------------------------------------------------------------------------------------------------

==========================================================================================
[Est_pos child] RUN START: 20260511_194211_476731
[Est_pos child] Time: 2026-05-11 19:42:11.708010
[Est_pos child] Input files:
  gps1: C:\Pi_loc\05_11_03\RPI1\gps\GPS_RPI1_20260511_194000_Hydro_6673.txt
  gps2: C:\Pi_loc\05_11_03\RPI2\gps\GPS_RPI2_20260511_194000_Hydro_6675.txt
  gps3: C:\Pi_loc\05_11_03\RPI2\gps\GPS_RPI2_20260511_194000_Hydro_6675.txt
  wav1: C:\Pi_loc\05_11_03\RPI1\streaming\RBW6673_20260511_194000.wav
  wav2: C:\Pi_loc\05_11_03\RPI2\streaming\RBW6675_20260511_194000.wav
  wav3: C:\Pi_loc\05_11_03\RPI3\streaming\SAW2624_20260511_194000.wav
------------------------------------------------------------------------------------------
after import data
C:\ProgramData\Anaconda3\envs\Console\Lib\site-packages\scipy\interpolate\_interpolate.py:497: RuntimeWarning: invalid value encountered in divide
  slope = (y_hi - y_lo) / (x_hi - x_lo)[:, None]
after tdoa
GPS1: [[174000, 53.83814507499999, 17.648810065000003]]
GPS2: [[174000, 53.83814456666667, 17.648805494999998]]
GPS3: [[174000, 53.83814456666667, 17.648805494999998]]
ref_lat:  53.83814507499999
ref_lon:  17.648810065000003
aeqd: +proj=aeqd +lat_0=53.83814507499999 +lon_0=17.648810065000003 +datum=WGS84 +units=m +no_defs +type=crs
fwd: proj=pipeline step proj=unitconvert xy_in=deg xy_out=rad step proj=aeqd lat_0=53.838145075 lon_0=17.648810065 x_0=0 y_0=0 ellps=WGS84
inv: proj=pipeline step inv proj=aeqd lat_0=53.838145075 lon_0=17.648810065 x_0=0 y_0=0 ellps=WGS84 step proj=unitconvert xy_in=rad xy_out=deg
after make_local_transformer
after H_coord
after tdoa_estimate_mode_6
after filter_est_track_by_radius
------------------------------------------------------------------------------------------
[Est_pos child] RUN OK: 20260511_194211_476731
[Est_pos child] Result length: 1
[Est_pos child] Output JSON: C:\Users\Dell\AppData\Local\Temp\zopbsp_estpos_yyf34iur\estpos_result.json
==========================================================================================

[Est_pos parent] Run finished: 20260511_194211_476731
[Est_pos parent] Return code: 0
[Est_pos parent] JSON exists: True

[Est_pos parent] RUN OK: 20260511_194211_476731
[Est_pos parent] Result length: 1
----------------------------------------------------------------------------------------------------

----------------------------------------------------------------------------------------------------
[Est_pos parent] Starting run: 20260511_194215_233367
[Est_pos parent] Time: 2026-05-11 19:42:15.235394
[Est_pos parent] Command:
  C:\ProgramData\Anaconda3\envs\Console\python.exe -u -m Est_pos.estimate_pos_runner --out C:\Users\Dell\AppData\Local\Temp\zopbsp_estpos_tq5o65vo\estpos_result.json --session-log logs\estpos_subprocess\estpos_session_20260511_190502.log --run-id 20260511_194215_233367 C:\Pi_loc\05_11_03\RPI1\gps\GPS_RPI1_20260511_194000_Hydro_6673.txt C:\Pi_loc\05_11_03\RPI2\gps\GPS_RPI2_20260511_194000_Hydro_6675.txt C:\Pi_loc\05_11_03\RPI3\gps\GPS_RPI3_20260511_194000_Hydro_2624.txt C:\Pi_loc\05_11_03\RPI1\streaming\RBW6673_20260511_194000.wav C:\Pi_loc\05_11_03\RPI2\streaming\RBW6675_20260511_194000.wav C:\Pi_loc\05_11_03\RPI3\streaming\SAW2624_20260511_194000.wav
[Est_pos parent] Working directory:
  C:\Code\ZOPBSP_Console
----------------------------------------------------------------------------------------------------

==========================================================================================
[Est_pos child] RUN START: 20260511_194215_233367
[Est_pos child] Time: 2026-05-11 19:42:15.516822
[Est_pos child] Input files:
  gps1: C:\Pi_loc\05_11_03\RPI1\gps\GPS_RPI1_20260511_194000_Hydro_6673.txt
  gps2: C:\Pi_loc\05_11_03\RPI2\gps\GPS_RPI2_20260511_194000_Hydro_6675.txt
  gps3: C:\Pi_loc\05_11_03\RPI3\gps\GPS_RPI3_20260511_194000_Hydro_2624.txt
  wav1: C:\Pi_loc\05_11_03\RPI1\streaming\RBW6673_20260511_194000.wav
  wav2: C:\Pi_loc\05_11_03\RPI2\streaming\RBW6675_20260511_194000.wav
  wav3: C:\Pi_loc\05_11_03\RPI3\streaming\SAW2624_20260511_194000.wav
------------------------------------------------------------------------------------------
after import data
C:\ProgramData\Anaconda3\envs\Console\Lib\site-packages\scipy\interpolate\_interpolate.py:497: RuntimeWarning: invalid value encountered in divide
  slope = (y_hi - y_lo) / (x_hi - x_lo)[:, None]
after tdoa
GPS1: [[174000, 53.83814507499999, 17.648810065000003]]
GPS2: [[174000, 53.83814456666667, 17.648805494999998]]
GPS3: [[174000, 53.838158353333334, 17.648795566666667]]
ref_lat:  53.83814507499999
ref_lon:  17.648810065000003
aeqd: +proj=aeqd +lat_0=53.83814507499999 +lon_0=17.648810065000003 +datum=WGS84 +units=m +no_defs +type=crs
fwd: proj=pipeline step proj=unitconvert xy_in=deg xy_out=rad step proj=aeqd lat_0=53.838145075 lon_0=17.648810065 x_0=0 y_0=0 ellps=WGS84
inv: proj=pipeline step inv proj=aeqd lat_0=53.838145075 lon_0=17.648810065 x_0=0 y_0=0 ellps=WGS84 step proj=unitconvert xy_in=rad xy_out=deg
after make_local_transformer
after H_coord
after tdoa_estimate_mode_6
after filter_est_track_by_radius
------------------------------------------------------------------------------------------
[Est_pos child] RUN OK: 20260511_194215_233367
[Est_pos child] Result length: 0
[Est_pos child] Output JSON: C:\Users\Dell\AppData\Local\Temp\zopbsp_estpos_tq5o65vo\estpos_result.json
==========================================================================================

[Est_pos parent] Run finished: 20260511_194215_233367
[Est_pos parent] Return code: 0
[Est_pos parent] JSON exists: True

[Est_pos parent] RUN OK: 20260511_194215_233367
[Est_pos parent] Result length: 0
----------------------------------------------------------------------------------------------------

----------------------------------------------------------------------------------------------------
[Est_pos parent] Starting run: 20260511_194218_995766
[Est_pos parent] Time: 2026-05-11 19:42:19.003182
[Est_pos parent] Command:
  C:\ProgramData\Anaconda3\envs\Console\python.exe -u -m Est_pos.estimate_pos_runner --out C:\Users\Dell\AppData\Local\Temp\zopbsp_estpos_tpdph7sa\estpos_result.json --session-log logs\estpos_subprocess\estpos_session_20260511_190502.log --run-id 20260511_194218_995766 C:\Pi_loc\05_11_03\RPI1\gps\GPS_RPI1_20260511_193950_Hydro_6673.txt C:\Pi_loc\05_11_03\RPI2\gps\GPS_RPI2_20260511_193950_Hydro_6675.txt C:\Pi_loc\05_11_03\RPI2\gps\GPS_RPI2_20260511_193950_Hydro_6675.txt C:\Pi_loc\05_11_03\RPI1\streaming\RBW6673_20260511_193950.wav C:\Pi_loc\05_11_03\RPI2\streaming\RBW6675_20260511_193950.wav C:\Pi_loc\05_11_03\RPI3\streaming\SAW2624_20260511_193950.wav
[Est_pos parent] Working directory:
  C:\Code\ZOPBSP_Console
----------------------------------------------------------------------------------------------------

==========================================================================================
[Est_pos child] RUN START: 20260511_194218_995766
[Est_pos child] Time: 2026-05-11 19:42:19.233969
[Est_pos child] Input files:
  gps1: C:\Pi_loc\05_11_03\RPI1\gps\GPS_RPI1_20260511_193950_Hydro_6673.txt
  gps2: C:\Pi_loc\05_11_03\RPI2\gps\GPS_RPI2_20260511_193950_Hydro_6675.txt
  gps3: C:\Pi_loc\05_11_03\RPI2\gps\GPS_RPI2_20260511_193950_Hydro_6675.txt
  wav1: C:\Pi_loc\05_11_03\RPI1\streaming\RBW6673_20260511_193950.wav
  wav2: C:\Pi_loc\05_11_03\RPI2\streaming\RBW6675_20260511_193950.wav
  wav3: C:\Pi_loc\05_11_03\RPI3\streaming\SAW2624_20260511_193950.wav
------------------------------------------------------------------------------------------
after import data
C:\ProgramData\Anaconda3\envs\Console\Lib\site-packages\scipy\interpolate\_interpolate.py:497: RuntimeWarning: invalid value encountered in divide
  slope = (y_hi - y_lo) / (x_hi - x_lo)[:, None]
after tdoa
GPS1: [[173950, 53.83814510166667, 17.648810036666664]]
GPS2: [[173950, 53.838144650000004, 17.648805468333332]]
GPS3: [[173950, 53.838144650000004, 17.648805468333332]]
ref_lat:  53.83814510166667
ref_lon:  17.648810036666664
aeqd: +proj=aeqd +lat_0=53.83814510166667 +lon_0=17.648810036666664 +datum=WGS84 +units=m +no_defs +type=crs
fwd: proj=pipeline step proj=unitconvert xy_in=deg xy_out=rad step proj=aeqd lat_0=53.8381451016667 lon_0=17.6488100366667 x_0=0 y_0=0 ellps=WGS84
inv: proj=pipeline step inv proj=aeqd lat_0=53.8381451016667 lon_0=17.6488100366667 x_0=0 y_0=0 ellps=WGS84 step proj=unitconvert xy_in=rad xy_out=deg
after make_local_transformer
after H_coord
after tdoa_estimate_mode_6
after filter_est_track_by_radius
------------------------------------------------------------------------------------------
[Est_pos child] RUN OK: 20260511_194218_995766
[Est_pos child] Result length: 0
[Est_pos child] Output JSON: C:\Users\Dell\AppData\Local\Temp\zopbsp_estpos_tpdph7sa\estpos_result.json
==========================================================================================

[Est_pos parent] Run finished: 20260511_194218_995766
[Est_pos parent] Return code: 0
[Est_pos parent] JSON exists: True

[Est_pos parent] RUN OK: 20260511_194218_995766
[Est_pos parent] Result length: 0
----------------------------------------------------------------------------------------------------

----------------------------------------------------------------------------------------------------
[Est_pos parent] Starting run: 20260511_194222_756266
[Est_pos parent] Time: 2026-05-11 19:42:22.758027
[Est_pos parent] Command:
  C:\ProgramData\Anaconda3\envs\Console\python.exe -u -m Est_pos.estimate_pos_runner --out C:\Users\Dell\AppData\Local\Temp\zopbsp_estpos_50nrtbzt\estpos_result.json --session-log logs\estpos_subprocess\estpos_session_20260511_190502.log --run-id 20260511_194222_756266 C:\Pi_loc\05_11_03\RPI1\gps\GPS_RPI1_20260511_193950_Hydro_6673.txt C:\Pi_loc\05_11_03\RPI2\gps\GPS_RPI2_20260511_193950_Hydro_6675.txt C:\Pi_loc\05_11_03\RPI3\gps\GPS_RPI3_20260511_193950_Hydro_2624.txt C:\Pi_loc\05_11_03\RPI1\streaming\RBW6673_20260511_193950.wav C:\Pi_loc\05_11_03\RPI2\streaming\RBW6675_20260511_193950.wav C:\Pi_loc\05_11_03\RPI3\streaming\SAW2624_20260511_193950.wav
[Est_pos parent] Working directory:
  C:\Code\ZOPBSP_Console
----------------------------------------------------------------------------------------------------

==========================================================================================
[Est_pos child] RUN START: 20260511_194222_756266
[Est_pos child] Time: 2026-05-11 19:42:23.091167
[Est_pos child] Input files:
  gps1: C:\Pi_loc\05_11_03\RPI1\gps\GPS_RPI1_20260511_193950_Hydro_6673.txt
  gps2: C:\Pi_loc\05_11_03\RPI2\gps\GPS_RPI2_20260511_193950_Hydro_6675.txt
  gps3: C:\Pi_loc\05_11_03\RPI3\gps\GPS_RPI3_20260511_193950_Hydro_2624.txt
  wav1: C:\Pi_loc\05_11_03\RPI1\streaming\RBW6673_20260511_193950.wav
  wav2: C:\Pi_loc\05_11_03\RPI2\streaming\RBW6675_20260511_193950.wav
  wav3: C:\Pi_loc\05_11_03\RPI3\streaming\SAW2624_20260511_193950.wav
------------------------------------------------------------------------------------------
after import data
C:\ProgramData\Anaconda3\envs\Console\Lib\site-packages\scipy\interpolate\_interpolate.py:497: RuntimeWarning: invalid value encountered in divide
  slope = (y_hi - y_lo) / (x_hi - x_lo)[:, None]
after tdoa
GPS1: [[173950, 53.83814510166667, 17.648810036666664]]
GPS2: [[173950, 53.838144650000004, 17.648805468333332]]
GPS3: [[173950, 53.838161835, 17.648795836666668]]
ref_lat:  53.83814510166667
ref_lon:  17.648810036666664
aeqd: +proj=aeqd +lat_0=53.83814510166667 +lon_0=17.648810036666664 +datum=WGS84 +units=m +no_defs +type=crs
fwd: proj=pipeline step proj=unitconvert xy_in=deg xy_out=rad step proj=aeqd lat_0=53.8381451016667 lon_0=17.6488100366667 x_0=0 y_0=0 ellps=WGS84
inv: proj=pipeline step inv proj=aeqd lat_0=53.8381451016667 lon_0=17.6488100366667 x_0=0 y_0=0 ellps=WGS84 step proj=unitconvert xy_in=rad xy_out=deg
after make_local_transformer
after H_coord
after tdoa_estimate_mode_6
after filter_est_track_by_radius
------------------------------------------------------------------------------------------
[Est_pos child] RUN OK: 20260511_194222_756266
[Est_pos child] Result length: 0
[Est_pos child] Output JSON: C:\Users\Dell\AppData\Local\Temp\zopbsp_estpos_50nrtbzt\estpos_result.json
==========================================================================================

[Est_pos parent] Run finished: 20260511_194222_756266
[Est_pos parent] Return code: 0
[Est_pos parent] JSON exists: True

[Est_pos parent] RUN OK: 20260511_194222_756266
[Est_pos parent] Result length: 0
----------------------------------------------------------------------------------------------------

----------------------------------------------------------------------------------------------------
[Est_pos parent] Starting run: 20260511_194226_718616
[Est_pos parent] Time: 2026-05-11 19:42:26.721746
[Est_pos parent] Command:
  C:\ProgramData\Anaconda3\envs\Console\python.exe -u -m Est_pos.estimate_pos_runner --out C:\Users\Dell\AppData\Local\Temp\zopbsp_estpos_yx_94671\estpos_result.json --session-log logs\estpos_subprocess\estpos_session_20260511_190502.log --run-id 20260511_194226_718616 C:\Pi_loc\05_11_03\RPI1\gps\GPS_RPI1_20260511_194010_Hydro_6673.txt C:\Pi_loc\05_11_03\RPI2\gps\GPS_RPI2_20260511_194010_Hydro_6675.txt C:\Pi_loc\05_11_03\RPI2\gps\GPS_RPI2_20260511_194010_Hydro_6675.txt C:\Pi_loc\05_11_03\RPI1\streaming\RBW6673_20260511_194010.wav C:\Pi_loc\05_11_03\RPI2\streaming\RBW6675_20260511_194010.wav C:\Pi_loc\05_11_03\RPI3\streaming\SAW2624_20260511_194010.wav
[Est_pos parent] Working directory:
  C:\Code\ZOPBSP_Console
----------------------------------------------------------------------------------------------------

==========================================================================================
[Est_pos child] RUN START: 20260511_194226_718616
[Est_pos child] Time: 2026-05-11 19:42:26.958489
[Est_pos child] Input files:
  gps1: C:\Pi_loc\05_11_03\RPI1\gps\GPS_RPI1_20260511_194010_Hydro_6673.txt
  gps2: C:\Pi_loc\05_11_03\RPI2\gps\GPS_RPI2_20260511_194010_Hydro_6675.txt
  gps3: C:\Pi_loc\05_11_03\RPI2\gps\GPS_RPI2_20260511_194010_Hydro_6675.txt
  wav1: C:\Pi_loc\05_11_03\RPI1\streaming\RBW6673_20260511_194010.wav
  wav2: C:\Pi_loc\05_11_03\RPI2\streaming\RBW6675_20260511_194010.wav
  wav3: C:\Pi_loc\05_11_03\RPI3\streaming\SAW2624_20260511_194010.wav
------------------------------------------------------------------------------------------
after import data
C:\ProgramData\Anaconda3\envs\Console\Lib\site-packages\scipy\interpolate\_interpolate.py:497: RuntimeWarning: invalid value encountered in divide
  slope = (y_hi - y_lo) / (x_hi - x_lo)[:, None]
after tdoa
GPS1: [[174010, 53.838145071666666, 17.648810098333335]]
GPS2: [[174010, 53.83814455, 17.648805463333336]]
GPS3: [[174010, 53.83814455, 17.648805463333336]]
ref_lat:  53.838145071666666
ref_lon:  17.648810098333335
aeqd: +proj=aeqd +lat_0=53.838145071666666 +lon_0=17.648810098333335 +datum=WGS84 +units=m +no_defs +type=crs
fwd: proj=pipeline step proj=unitconvert xy_in=deg xy_out=rad step proj=aeqd lat_0=53.8381450716667 lon_0=17.6488100983333 x_0=0 y_0=0 ellps=WGS84
inv: proj=pipeline step inv proj=aeqd lat_0=53.8381450716667 lon_0=17.6488100983333 x_0=0 y_0=0 ellps=WGS84 step proj=unitconvert xy_in=rad xy_out=deg
after make_local_transformer
after H_coord
after tdoa_estimate_mode_6
after filter_est_track_by_radius
------------------------------------------------------------------------------------------
[Est_pos child] RUN OK: 20260511_194226_718616
[Est_pos child] Result length: 0
[Est_pos child] Output JSON: C:\Users\Dell\AppData\Local\Temp\zopbsp_estpos_yx_94671\estpos_result.json
==========================================================================================

[Est_pos parent] Run finished: 20260511_194226_718616
[Est_pos parent] Return code: 0
[Est_pos parent] JSON exists: True

[Est_pos parent] RUN OK: 20260511_194226_718616
[Est_pos parent] Result length: 0
----------------------------------------------------------------------------------------------------

----------------------------------------------------------------------------------------------------
[Est_pos parent] Starting run: 20260511_194230_567975
[Est_pos parent] Time: 2026-05-11 19:42:30.569993
[Est_pos parent] Command:
  C:\ProgramData\Anaconda3\envs\Console\python.exe -u -m Est_pos.estimate_pos_runner --out C:\Users\Dell\AppData\Local\Temp\zopbsp_estpos__ipc83jq\estpos_result.json --session-log logs\estpos_subprocess\estpos_session_20260511_190502.log --run-id 20260511_194230_567975 C:\Pi_loc\05_11_03\RPI1\gps\GPS_RPI1_20260511_194010_Hydro_6673.txt C:\Pi_loc\05_11_03\RPI2\gps\GPS_RPI2_20260511_194010_Hydro_6675.txt C:\Pi_loc\05_11_03\RPI3\gps\GPS_RPI3_20260511_194010_Hydro_2624.txt C:\Pi_loc\05_11_03\RPI1\streaming\RBW6673_20260511_194010.wav C:\Pi_loc\05_11_03\RPI2\streaming\RBW6675_20260511_194010.wav C:\Pi_loc\05_11_03\RPI3\streaming\SAW2624_20260511_194010.wav
[Est_pos parent] Working directory:
  C:\Code\ZOPBSP_Console
----------------------------------------------------------------------------------------------------

==========================================================================================
[Est_pos child] RUN START: 20260511_194230_567975
[Est_pos child] Time: 2026-05-11 19:42:30.940889
[Est_pos child] Input files:
  gps1: C:\Pi_loc\05_11_03\RPI1\gps\GPS_RPI1_20260511_194010_Hydro_6673.txt
  gps2: C:\Pi_loc\05_11_03\RPI2\gps\GPS_RPI2_20260511_194010_Hydro_6675.txt
  gps3: C:\Pi_loc\05_11_03\RPI3\gps\GPS_RPI3_20260511_194010_Hydro_2624.txt
  wav1: C:\Pi_loc\05_11_03\RPI1\streaming\RBW6673_20260511_194010.wav
  wav2: C:\Pi_loc\05_11_03\RPI2\streaming\RBW6675_20260511_194010.wav
  wav3: C:\Pi_loc\05_11_03\RPI3\streaming\SAW2624_20260511_194010.wav
------------------------------------------------------------------------------------------
after import data
C:\ProgramData\Anaconda3\envs\Console\Lib\site-packages\scipy\interpolate\_interpolate.py:497: RuntimeWarning: invalid value encountered in divide
  slope = (y_hi - y_lo) / (x_hi - x_lo)[:, None]
after tdoa
GPS1: [[174010, 53.838145071666666, 17.648810098333335]]
GPS2: [[174010, 53.83814455, 17.648805463333336]]
GPS3: [[174010, 53.83816379666667, 17.648794505]]
ref_lat:  53.838145071666666
ref_lon:  17.648810098333335
aeqd: +proj=aeqd +lat_0=53.838145071666666 +lon_0=17.648810098333335 +datum=WGS84 +units=m +no_defs +type=crs
fwd: proj=pipeline step proj=unitconvert xy_in=deg xy_out=rad step proj=aeqd lat_0=53.8381450716667 lon_0=17.6488100983333 x_0=0 y_0=0 ellps=WGS84
inv: proj=pipeline step inv proj=aeqd lat_0=53.8381450716667 lon_0=17.6488100983333 x_0=0 y_0=0 ellps=WGS84 step proj=unitconvert xy_in=rad xy_out=deg
after make_local_transformer
after H_coord
after tdoa_estimate_mode_6
after filter_est_track_by_radius
------------------------------------------------------------------------------------------
[Est_pos child] RUN OK: 20260511_194230_567975
[Est_pos child] Result length: 0
[Est_pos child] Output JSON: C:\Users\Dell\AppData\Local\Temp\zopbsp_estpos__ipc83jq\estpos_result.json
==========================================================================================

[Est_pos parent] Run finished: 20260511_194230_567975
[Est_pos parent] Return code: 0
[Est_pos parent] JSON exists: True

[Est_pos parent] RUN OK: 20260511_194230_567975
[Est_pos parent] Result length: 0
----------------------------------------------------------------------------------------------------

----------------------------------------------------------------------------------------------------
[Est_pos parent] Starting run: 20260511_194234_557233
[Est_pos parent] Time: 2026-05-11 19:42:34.561283
[Est_pos parent] Command:
  C:\ProgramData\Anaconda3\envs\Console\python.exe -u -m Est_pos.estimate_pos_runner --out C:\Users\Dell\AppData\Local\Temp\zopbsp_estpos_0bsp14et\estpos_result.json --session-log logs\estpos_subprocess\estpos_session_20260511_190502.log --run-id 20260511_194234_557233 C:\Pi_loc\05_11_03\RPI1\gps\GPS_RPI1_20260511_194020_Hydro_6673.txt C:\Pi_loc\05_11_03\RPI2\gps\GPS_RPI2_20260511_194020_Hydro_6675.txt C:\Pi_loc\05_11_03\RPI2\gps\GPS_RPI2_20260511_194020_Hydro_6675.txt C:\Pi_loc\05_11_03\RPI1\streaming\RBW6673_20260511_194020.wav C:\Pi_loc\05_11_03\RPI2\streaming\RBW6675_20260511_194020.wav C:\Pi_loc\05_11_03\RPI3\streaming\SAW2624_20260511_194020.wav
[Est_pos parent] Working directory:
  C:\Code\ZOPBSP_Console
----------------------------------------------------------------------------------------------------

==========================================================================================
[Est_pos child] RUN START: 20260511_194234_557233
[Est_pos child] Time: 2026-05-11 19:42:34.856393
[Est_pos child] Input files:
  gps1: C:\Pi_loc\05_11_03\RPI1\gps\GPS_RPI1_20260511_194020_Hydro_6673.txt
  gps2: C:\Pi_loc\05_11_03\RPI2\gps\GPS_RPI2_20260511_194020_Hydro_6675.txt
  gps3: C:\Pi_loc\05_11_03\RPI2\gps\GPS_RPI2_20260511_194020_Hydro_6675.txt
  wav1: C:\Pi_loc\05_11_03\RPI1\streaming\RBW6673_20260511_194020.wav
  wav2: C:\Pi_loc\05_11_03\RPI2\streaming\RBW6675_20260511_194020.wav
  wav3: C:\Pi_loc\05_11_03\RPI3\streaming\SAW2624_20260511_194020.wav
------------------------------------------------------------------------------------------
after import data
C:\ProgramData\Anaconda3\envs\Console\Lib\site-packages\scipy\interpolate\_interpolate.py:497: RuntimeWarning: invalid value encountered in divide
  slope = (y_hi - y_lo) / (x_hi - x_lo)[:, None]
after tdoa
GPS1: [[174020, 53.83814510833334, 17.648810025]]
GPS2: [[174020, 53.838144541666665, 17.648805536666668]]
GPS3: [[174020, 53.838144541666665, 17.648805536666668]]
ref_lat:  53.83814510833334
ref_lon:  17.648810025
aeqd: +proj=aeqd +lat_0=53.83814510833334 +lon_0=17.648810025 +datum=WGS84 +units=m +no_defs +type=crs
fwd: proj=pipeline step proj=unitconvert xy_in=deg xy_out=rad step proj=aeqd lat_0=53.8381451083334 lon_0=17.648810025 x_0=0 y_0=0 ellps=WGS84
inv: proj=pipeline step inv proj=aeqd lat_0=53.8381451083334 lon_0=17.648810025 x_0=0 y_0=0 ellps=WGS84 step proj=unitconvert xy_in=rad xy_out=deg
after make_local_transformer
after H_coord
after tdoa_estimate_mode_6
after filter_est_track_by_radius
------------------------------------------------------------------------------------------
[Est_pos child] RUN OK: 20260511_194234_557233
[Est_pos child] Result length: 1
[Est_pos child] Output JSON: C:\Users\Dell\AppData\Local\Temp\zopbsp_estpos_0bsp14et\estpos_result.json
==========================================================================================

[Est_pos parent] Run finished: 20260511_194234_557233
[Est_pos parent] Return code: 0
[Est_pos parent] JSON exists: True

[Est_pos parent] RUN OK: 20260511_194234_557233
[Est_pos parent] Result length: 1
----------------------------------------------------------------------------------------------------

----------------------------------------------------------------------------------------------------
[Est_pos parent] Starting run: 20260511_194238_600549
[Est_pos parent] Time: 2026-05-11 19:42:38.602572
[Est_pos parent] Command:
  C:\ProgramData\Anaconda3\envs\Console\python.exe -u -m Est_pos.estimate_pos_runner --out C:\Users\Dell\AppData\Local\Temp\zopbsp_estpos_ijek6yzp\estpos_result.json --session-log logs\estpos_subprocess\estpos_session_20260511_190502.log --run-id 20260511_194238_600549 C:\Pi_loc\05_11_03\RPI1\gps\GPS_RPI1_20260511_194020_Hydro_6673.txt C:\Pi_loc\05_11_03\RPI2\gps\GPS_RPI2_20260511_194020_Hydro_6675.txt C:\Pi_loc\05_11_03\RPI3\gps\GPS_RPI3_20260511_194020_Hydro_2624.txt C:\Pi_loc\05_11_03\RPI1\streaming\RBW6673_20260511_194020.wav C:\Pi_loc\05_11_03\RPI2\streaming\RBW6675_20260511_194020.wav C:\Pi_loc\05_11_03\RPI3\streaming\SAW2624_20260511_194020.wav
[Est_pos parent] Working directory:
  C:\Code\ZOPBSP_Console
----------------------------------------------------------------------------------------------------

==========================================================================================
[Est_pos child] RUN START: 20260511_194238_600549
[Est_pos child] Time: 2026-05-11 19:42:38.982723
[Est_pos child] Input files:
  gps1: C:\Pi_loc\05_11_03\RPI1\gps\GPS_RPI1_20260511_194020_Hydro_6673.txt
  gps2: C:\Pi_loc\05_11_03\RPI2\gps\GPS_RPI2_20260511_194020_Hydro_6675.txt
  gps3: C:\Pi_loc\05_11_03\RPI3\gps\GPS_RPI3_20260511_194020_Hydro_2624.txt
  wav1: C:\Pi_loc\05_11_03\RPI1\streaming\RBW6673_20260511_194020.wav
  wav2: C:\Pi_loc\05_11_03\RPI2\streaming\RBW6675_20260511_194020.wav
  wav3: C:\Pi_loc\05_11_03\RPI3\streaming\SAW2624_20260511_194020.wav
------------------------------------------------------------------------------------------
after import data
C:\ProgramData\Anaconda3\envs\Console\Lib\site-packages\scipy\interpolate\_interpolate.py:497: RuntimeWarning: invalid value encountered in divide
  slope = (y_hi - y_lo) / (x_hi - x_lo)[:, None]
after tdoa
GPS1: [[174020, 53.83814510833334, 17.648810025]]
GPS2: [[174020, 53.838144541666665, 17.648805536666668]]
GPS3: [[174020, 53.838165815, 17.64879449]]
ref_lat:  53.83814510833334
ref_lon:  17.648810025
aeqd: +proj=aeqd +lat_0=53.83814510833334 +lon_0=17.648810025 +datum=WGS84 +units=m +no_defs +type=crs
fwd: proj=pipeline step proj=unitconvert xy_in=deg xy_out=rad step proj=aeqd lat_0=53.8381451083334 lon_0=17.648810025 x_0=0 y_0=0 ellps=WGS84
inv: proj=pipeline step inv proj=aeqd lat_0=53.8381451083334 lon_0=17.648810025 x_0=0 y_0=0 ellps=WGS84 step proj=unitconvert xy_in=rad xy_out=deg
after make_local_transformer
after H_coord
after tdoa_estimate_mode_6
after filter_est_track_by_radius
------------------------------------------------------------------------------------------
[Est_pos child] RUN OK: 20260511_194238_600549
[Est_pos child] Result length: 0
[Est_pos child] Output JSON: C:\Users\Dell\AppData\Local\Temp\zopbsp_estpos_ijek6yzp\estpos_result.json
==========================================================================================

[Est_pos parent] Run finished: 20260511_194238_600549
[Est_pos parent] Return code: 0
[Est_pos parent] JSON exists: True

[Est_pos parent] RUN OK: 20260511_194238_600549
[Est_pos parent] Result length: 0
----------------------------------------------------------------------------------------------------

----------------------------------------------------------------------------------------------------
[Est_pos parent] Starting run: 20260511_194242_507619
[Est_pos parent] Time: 2026-05-11 19:42:42.510406
[Est_pos parent] Command:
  C:\ProgramData\Anaconda3\envs\Console\python.exe -u -m Est_pos.estimate_pos_runner --out C:\Users\Dell\AppData\Local\Temp\zopbsp_estpos_wxuiqymp\estpos_result.json --session-log logs\estpos_subprocess\estpos_session_20260511_190502.log --run-id 20260511_194242_507619 C:\Pi_loc\05_11_03\RPI1\gps\GPS_RPI1_20260511_194040_Hydro_6673.txt C:\Pi_loc\05_11_03\RPI2\gps\GPS_RPI2_20260511_194040_Hydro_6675.txt C:\Pi_loc\05_11_03\RPI2\gps\GPS_RPI2_20260511_194040_Hydro_6675.txt C:\Pi_loc\05_11_03\RPI1\streaming\RBW6673_20260511_194040.wav C:\Pi_loc\05_11_03\RPI2\streaming\RBW6675_20260511_194040.wav C:\Pi_loc\05_11_03\RPI3\streaming\SAW2624_20260511_194040.wav
[Est_pos parent] Working directory:
  C:\Code\ZOPBSP_Console
----------------------------------------------------------------------------------------------------

==========================================================================================
[Est_pos child] RUN START: 20260511_194242_507619
[Est_pos child] Time: 2026-05-11 19:42:42.746371
[Est_pos child] Input files:
  gps1: C:\Pi_loc\05_11_03\RPI1\gps\GPS_RPI1_20260511_194040_Hydro_6673.txt
  gps2: C:\Pi_loc\05_11_03\RPI2\gps\GPS_RPI2_20260511_194040_Hydro_6675.txt
  gps3: C:\Pi_loc\05_11_03\RPI2\gps\GPS_RPI2_20260511_194040_Hydro_6675.txt
  wav1: C:\Pi_loc\05_11_03\RPI1\streaming\RBW6673_20260511_194040.wav
  wav2: C:\Pi_loc\05_11_03\RPI2\streaming\RBW6675_20260511_194040.wav
  wav3: C:\Pi_loc\05_11_03\RPI3\streaming\SAW2624_20260511_194040.wav
------------------------------------------------------------------------------------------
after import data
C:\ProgramData\Anaconda3\envs\Console\Lib\site-packages\scipy\interpolate\_interpolate.py:497: RuntimeWarning: invalid value encountered in divide
  slope = (y_hi - y_lo) / (x_hi - x_lo)[:, None]
after tdoa
GPS1: [[174040, 53.83814497833334, 17.648809991666667]]
GPS2: [[174040, 53.83814447500001, 17.648805553333332]]
GPS3: [[174040, 53.83814447500001, 17.648805553333332]]
ref_lat:  53.83814497833334
ref_lon:  17.648809991666667
aeqd: +proj=aeqd +lat_0=53.83814497833334 +lon_0=17.648809991666667 +datum=WGS84 +units=m +no_defs +type=crs
fwd: proj=pipeline step proj=unitconvert xy_in=deg xy_out=rad step proj=aeqd lat_0=53.8381449783333 lon_0=17.6488099916667 x_0=0 y_0=0 ellps=WGS84
inv: proj=pipeline step inv proj=aeqd lat_0=53.8381449783333 lon_0=17.6488099916667 x_0=0 y_0=0 ellps=WGS84 step proj=unitconvert xy_in=rad xy_out=deg
after make_local_transformer
after H_coord
after tdoa_estimate_mode_6
after filter_est_track_by_radius
------------------------------------------------------------------------------------------
[Est_pos child] RUN OK: 20260511_194242_507619
[Est_pos child] Result length: 0
[Est_pos child] Output JSON: C:\Users\Dell\AppData\Local\Temp\zopbsp_estpos_wxuiqymp\estpos_result.json
==========================================================================================

[Est_pos parent] Run finished: 20260511_194242_507619
[Est_pos parent] Return code: 0
[Est_pos parent] JSON exists: True

[Est_pos parent] RUN OK: 20260511_194242_507619
[Est_pos parent] Result length: 0
----------------------------------------------------------------------------------------------------

----------------------------------------------------------------------------------------------------
[Est_pos parent] Starting run: 20260511_194246_374531
[Est_pos parent] Time: 2026-05-11 19:42:46.376546
[Est_pos parent] Command:
  C:\ProgramData\Anaconda3\envs\Console\python.exe -u -m Est_pos.estimate_pos_runner --out C:\Users\Dell\AppData\Local\Temp\zopbsp_estpos__8sss6m0\estpos_result.json --session-log logs\estpos_subprocess\estpos_session_20260511_190502.log --run-id 20260511_194246_374531 C:\Pi_loc\05_11_03\RPI1\gps\GPS_RPI1_20260511_194040_Hydro_6673.txt C:\Pi_loc\05_11_03\RPI2\gps\GPS_RPI2_20260511_194040_Hydro_6675.txt C:\Pi_loc\05_11_03\RPI3\gps\GPS_RPI3_20260511_194040_Hydro_2624.txt C:\Pi_loc\05_11_03\RPI1\streaming\RBW6673_20260511_194040.wav C:\Pi_loc\05_11_03\RPI2\streaming\RBW6675_20260511_194040.wav C:\Pi_loc\05_11_03\RPI3\streaming\SAW2624_20260511_194040.wav
[Est_pos parent] Working directory:
  C:\Code\ZOPBSP_Console
----------------------------------------------------------------------------------------------------

==========================================================================================
[Est_pos child] RUN START: 20260511_194246_374531
[Est_pos child] Time: 2026-05-11 19:42:46.639511
[Est_pos child] Input files:
  gps1: C:\Pi_loc\05_11_03\RPI1\gps\GPS_RPI1_20260511_194040_Hydro_6673.txt
  gps2: C:\Pi_loc\05_11_03\RPI2\gps\GPS_RPI2_20260511_194040_Hydro_6675.txt
  gps3: C:\Pi_loc\05_11_03\RPI3\gps\GPS_RPI3_20260511_194040_Hydro_2624.txt
  wav1: C:\Pi_loc\05_11_03\RPI1\streaming\RBW6673_20260511_194040.wav
  wav2: C:\Pi_loc\05_11_03\RPI2\streaming\RBW6675_20260511_194040.wav
  wav3: C:\Pi_loc\05_11_03\RPI3\streaming\SAW2624_20260511_194040.wav
------------------------------------------------------------------------------------------
after import data
C:\ProgramData\Anaconda3\envs\Console\Lib\site-packages\scipy\interpolate\_interpolate.py:497: RuntimeWarning: invalid value encountered in divide
  slope = (y_hi - y_lo) / (x_hi - x_lo)[:, None]
after tdoa
GPS1: [[174040, 53.83814497833334, 17.648809991666667]]
GPS2: [[174040, 53.83814447500001, 17.648805553333332]]
GPS3: [[174040, 53.83816549, 17.648795748333335]]
ref_lat:  53.83814497833334
ref_lon:  17.648809991666667
aeqd: +proj=aeqd +lat_0=53.83814497833334 +lon_0=17.648809991666667 +datum=WGS84 +units=m +no_defs +type=crs
fwd: proj=pipeline step proj=unitconvert xy_in=deg xy_out=rad step proj=aeqd lat_0=53.8381449783333 lon_0=17.6488099916667 x_0=0 y_0=0 ellps=WGS84
inv: proj=pipeline step inv proj=aeqd lat_0=53.8381449783333 lon_0=17.6488099916667 x_0=0 y_0=0 ellps=WGS84 step proj=unitconvert xy_in=rad xy_out=deg
after make_local_transformer
after H_coord
after tdoa_estimate_mode_6
after filter_est_track_by_radius
------------------------------------------------------------------------------------------
[Est_pos child] RUN OK: 20260511_194246_374531
[Est_pos child] Result length: 0
[Est_pos child] Output JSON: C:\Users\Dell\AppData\Local\Temp\zopbsp_estpos__8sss6m0\estpos_result.json
==========================================================================================

[Est_pos parent] Run finished: 20260511_194246_374531
[Est_pos parent] Return code: 0
[Est_pos parent] JSON exists: True

[Est_pos parent] RUN OK: 20260511_194246_374531
[Est_pos parent] Result length: 0
----------------------------------------------------------------------------------------------------

----------------------------------------------------------------------------------------------------
[Est_pos parent] Starting run: 20260511_194250_198307
[Est_pos parent] Time: 2026-05-11 19:42:50.198307
[Est_pos parent] Command:
  C:\ProgramData\Anaconda3\envs\Console\python.exe -u -m Est_pos.estimate_pos_runner --out C:\Users\Dell\AppData\Local\Temp\zopbsp_estpos_rtqn4_ym\estpos_result.json --session-log logs\estpos_subprocess\estpos_session_20260511_190502.log --run-id 20260511_194250_198307 C:\Pi_loc\05_11_03\RPI1\gps\GPS_RPI1_20260511_194030_Hydro_6673.txt C:\Pi_loc\05_11_03\RPI2\gps\GPS_RPI2_20260511_194030_Hydro_6675.txt C:\Pi_loc\05_11_03\RPI2\gps\GPS_RPI2_20260511_194030_Hydro_6675.txt C:\Pi_loc\05_11_03\RPI1\streaming\RBW6673_20260511_194030.wav C:\Pi_loc\05_11_03\RPI2\streaming\RBW6675_20260511_194030.wav C:\Pi_loc\05_11_03\RPI3\streaming\SAW2624_20260511_194030.wav
[Est_pos parent] Working directory:
  C:\Code\ZOPBSP_Console
----------------------------------------------------------------------------------------------------

==========================================================================================
[Est_pos child] RUN START: 20260511_194250_198307
[Est_pos child] Time: 2026-05-11 19:42:50.432560
[Est_pos child] Input files:
  gps1: C:\Pi_loc\05_11_03\RPI1\gps\GPS_RPI1_20260511_194030_Hydro_6673.txt
  gps2: C:\Pi_loc\05_11_03\RPI2\gps\GPS_RPI2_20260511_194030_Hydro_6675.txt
  gps3: C:\Pi_loc\05_11_03\RPI2\gps\GPS_RPI2_20260511_194030_Hydro_6675.txt
  wav1: C:\Pi_loc\05_11_03\RPI1\streaming\RBW6673_20260511_194030.wav
  wav2: C:\Pi_loc\05_11_03\RPI2\streaming\RBW6675_20260511_194030.wav
  wav3: C:\Pi_loc\05_11_03\RPI3\streaming\SAW2624_20260511_194030.wav
------------------------------------------------------------------------------------------
after import data
C:\ProgramData\Anaconda3\envs\Console\Lib\site-packages\scipy\interpolate\_interpolate.py:497: RuntimeWarning: invalid value encountered in divide
  slope = (y_hi - y_lo) / (x_hi - x_lo)[:, None]
after tdoa
GPS1: [[174030, 53.83814509833334, 17.648810015]]
GPS2: [[174030, 53.83814453, 17.648805546666665]]
GPS3: [[174030, 53.83814453, 17.648805546666665]]
ref_lat:  53.83814509833334
ref_lon:  17.648810015
aeqd: +proj=aeqd +lat_0=53.83814509833334 +lon_0=17.648810015 +datum=WGS84 +units=m +no_defs +type=crs
fwd: proj=pipeline step proj=unitconvert xy_in=deg xy_out=rad step proj=aeqd lat_0=53.8381450983333 lon_0=17.648810015 x_0=0 y_0=0 ellps=WGS84
inv: proj=pipeline step inv proj=aeqd lat_0=53.8381450983333 lon_0=17.648810015 x_0=0 y_0=0 ellps=WGS84 step proj=unitconvert xy_in=rad xy_out=deg
after make_local_transformer
after H_coord
after tdoa_estimate_mode_6
after filter_est_track_by_radius
------------------------------------------------------------------------------------------
[Est_pos child] RUN OK: 20260511_194250_198307
[Est_pos child] Result length: 0
[Est_pos child] Output JSON: C:\Users\Dell\AppData\Local\Temp\zopbsp_estpos_rtqn4_ym\estpos_result.json
==========================================================================================

[Est_pos parent] Run finished: 20260511_194250_198307
[Est_pos parent] Return code: 0
[Est_pos parent] JSON exists: True

[Est_pos parent] RUN OK: 20260511_194250_198307
[Est_pos parent] Result length: 0
----------------------------------------------------------------------------------------------------

----------------------------------------------------------------------------------------------------
[Est_pos parent] Starting run: 20260511_194254_040218
[Est_pos parent] Time: 2026-05-11 19:42:54.042234
[Est_pos parent] Command:
  C:\ProgramData\Anaconda3\envs\Console\python.exe -u -m Est_pos.estimate_pos_runner --out C:\Users\Dell\AppData\Local\Temp\zopbsp_estpos_kmp7skse\estpos_result.json --session-log logs\estpos_subprocess\estpos_session_20260511_190502.log --run-id 20260511_194254_040218 C:\Pi_loc\05_11_03\RPI1\gps\GPS_RPI1_20260511_194030_Hydro_6673.txt C:\Pi_loc\05_11_03\RPI2\gps\GPS_RPI2_20260511_194030_Hydro_6675.txt C:\Pi_loc\05_11_03\RPI3\gps\GPS_RPI3_20260511_194030_Hydro_2624.txt C:\Pi_loc\05_11_03\RPI1\streaming\RBW6673_20260511_194030.wav C:\Pi_loc\05_11_03\RPI2\streaming\RBW6675_20260511_194030.wav C:\Pi_loc\05_11_03\RPI3\streaming\SAW2624_20260511_194030.wav
[Est_pos parent] Working directory:
  C:\Code\ZOPBSP_Console
----------------------------------------------------------------------------------------------------

==========================================================================================
[Est_pos child] RUN START: 20260511_194254_040218
[Est_pos child] Time: 2026-05-11 19:42:54.367337
[Est_pos child] Input files:
  gps1: C:\Pi_loc\05_11_03\RPI1\gps\GPS_RPI1_20260511_194030_Hydro_6673.txt
  gps2: C:\Pi_loc\05_11_03\RPI2\gps\GPS_RPI2_20260511_194030_Hydro_6675.txt
  gps3: C:\Pi_loc\05_11_03\RPI3\gps\GPS_RPI3_20260511_194030_Hydro_2624.txt
  wav1: C:\Pi_loc\05_11_03\RPI1\streaming\RBW6673_20260511_194030.wav
  wav2: C:\Pi_loc\05_11_03\RPI2\streaming\RBW6675_20260511_194030.wav
  wav3: C:\Pi_loc\05_11_03\RPI3\streaming\SAW2624_20260511_194030.wav
------------------------------------------------------------------------------------------
after import data
C:\ProgramData\Anaconda3\envs\Console\Lib\site-packages\scipy\interpolate\_interpolate.py:497: RuntimeWarning: invalid value encountered in divide
  slope = (y_hi - y_lo) / (x_hi - x_lo)[:, None]
after tdoa
GPS1: [[174030, 53.83814509833334, 17.648810015]]
GPS2: [[174030, 53.83814453, 17.648805546666665]]
GPS3: [[174030, 53.83816616666666, 17.648794518333332]]
ref_lat:  53.83814509833334
ref_lon:  17.648810015
aeqd: +proj=aeqd +lat_0=53.83814509833334 +lon_0=17.648810015 +datum=WGS84 +units=m +no_defs +type=crs
fwd: proj=pipeline step proj=unitconvert xy_in=deg xy_out=rad step proj=aeqd lat_0=53.8381450983333 lon_0=17.648810015 x_0=0 y_0=0 ellps=WGS84
inv: proj=pipeline step inv proj=aeqd lat_0=53.8381450983333 lon_0=17.648810015 x_0=0 y_0=0 ellps=WGS84 step proj=unitconvert xy_in=rad xy_out=deg
after make_local_transformer
after H_coord
after tdoa_estimate_mode_6
after filter_est_track_by_radius
------------------------------------------------------------------------------------------
[Est_pos child] RUN OK: 20260511_194254_040218
[Est_pos child] Result length: 0
[Est_pos child] Output JSON: C:\Users\Dell\AppData\Local\Temp\zopbsp_estpos_kmp7skse\estpos_result.json
==========================================================================================

[Est_pos parent] Run finished: 20260511_194254_040218
[Est_pos parent] Return code: 0
[Est_pos parent] JSON exists: True

[Est_pos parent] RUN OK: 20260511_194254_040218
[Est_pos parent] Result length: 0
----------------------------------------------------------------------------------------------------

----------------------------------------------------------------------------------------------------
[Est_pos parent] Starting run: 20260511_194257_902948
[Est_pos parent] Time: 2026-05-11 19:42:57.904949
[Est_pos parent] Command:
  C:\ProgramData\Anaconda3\envs\Console\python.exe -u -m Est_pos.estimate_pos_runner --out C:\Users\Dell\AppData\Local\Temp\zopbsp_estpos_j78f0dqm\estpos_result.json --session-log logs\estpos_subprocess\estpos_session_20260511_190502.log --run-id 20260511_194257_902948 C:\Pi_loc\05_11_03\RPI1\gps\GPS_RPI1_20260511_194050_Hydro_6673.txt C:\Pi_loc\05_11_03\RPI2\gps\GPS_RPI2_20260511_194050_Hydro_6675.txt C:\Pi_loc\05_11_03\RPI2\gps\GPS_RPI2_20260511_194050_Hydro_6675.txt C:\Pi_loc\05_11_03\RPI1\streaming\RBW6673_20260511_194050.wav C:\Pi_loc\05_11_03\RPI2\streaming\RBW6675_20260511_194050.wav C:\Pi_loc\05_11_03\RPI3\streaming\SAW2624_20260511_194050.wav
[Est_pos parent] Working directory:
  C:\Code\ZOPBSP_Console
----------------------------------------------------------------------------------------------------

==========================================================================================
[Est_pos child] RUN START: 20260511_194257_902948
[Est_pos child] Time: 2026-05-11 19:42:58.139285
[Est_pos child] Input files:
  gps1: C:\Pi_loc\05_11_03\RPI1\gps\GPS_RPI1_20260511_194050_Hydro_6673.txt
  gps2: C:\Pi_loc\05_11_03\RPI2\gps\GPS_RPI2_20260511_194050_Hydro_6675.txt
  gps3: C:\Pi_loc\05_11_03\RPI2\gps\GPS_RPI2_20260511_194050_Hydro_6675.txt
  wav1: C:\Pi_loc\05_11_03\RPI1\streaming\RBW6673_20260511_194050.wav
  wav2: C:\Pi_loc\05_11_03\RPI2\streaming\RBW6675_20260511_194050.wav
  wav3: C:\Pi_loc\05_11_03\RPI3\streaming\SAW2624_20260511_194050.wav
------------------------------------------------------------------------------------------
after import data
C:\ProgramData\Anaconda3\envs\Console\Lib\site-packages\scipy\interpolate\_interpolate.py:497: RuntimeWarning: invalid value encountered in divide
  slope = (y_hi - y_lo) / (x_hi - x_lo)[:, None]
after tdoa
GPS1: [[174050, 53.838144965000005, 17.648809936666666]]
GPS2: [[174050, 53.83814452166666, 17.648805493333334]]
GPS3: [[174050, 53.83814452166666, 17.648805493333334]]
ref_lat:  53.838144965000005
ref_lon:  17.648809936666666
aeqd: +proj=aeqd +lat_0=53.838144965000005 +lon_0=17.648809936666666 +datum=WGS84 +units=m +no_defs +type=crs
fwd: proj=pipeline step proj=unitconvert xy_in=deg xy_out=rad step proj=aeqd lat_0=53.838144965 lon_0=17.6488099366667 x_0=0 y_0=0 ellps=WGS84
inv: proj=pipeline step inv proj=aeqd lat_0=53.838144965 lon_0=17.6488099366667 x_0=0 y_0=0 ellps=WGS84 step proj=unitconvert xy_in=rad xy_out=deg
after make_local_transformer
after H_coord
after tdoa_estimate_mode_6
after filter_est_track_by_radius
------------------------------------------------------------------------------------------
[Est_pos child] RUN OK: 20260511_194257_902948
[Est_pos child] Result length: 0
[Est_pos child] Output JSON: C:\Users\Dell\AppData\Local\Temp\zopbsp_estpos_j78f0dqm\estpos_result.json
==========================================================================================

[Est_pos parent] Run finished: 20260511_194257_902948
[Est_pos parent] Return code: 0
[Est_pos parent] JSON exists: True

[Est_pos parent] RUN OK: 20260511_194257_902948
[Est_pos parent] Result length: 0
----------------------------------------------------------------------------------------------------

----------------------------------------------------------------------------------------------------
[Est_pos parent] Starting run: 20260511_194301_876140
[Est_pos parent] Time: 2026-05-11 19:43:01.878157
[Est_pos parent] Command:
  C:\ProgramData\Anaconda3\envs\Console\python.exe -u -m Est_pos.estimate_pos_runner --out C:\Users\Dell\AppData\Local\Temp\zopbsp_estpos_wkz3bafw\estpos_result.json --session-log logs\estpos_subprocess\estpos_session_20260511_190502.log --run-id 20260511_194301_876140 C:\Pi_loc\05_11_03\RPI1\gps\GPS_RPI1_20260511_194050_Hydro_6673.txt C:\Pi_loc\05_11_03\RPI2\gps\GPS_RPI2_20260511_194050_Hydro_6675.txt C:\Pi_loc\05_11_03\RPI3\gps\GPS_RPI3_20260511_194050_Hydro_2624.txt C:\Pi_loc\05_11_03\RPI1\streaming\RBW6673_20260511_194050.wav C:\Pi_loc\05_11_03\RPI2\streaming\RBW6675_20260511_194050.wav C:\Pi_loc\05_11_03\RPI3\streaming\SAW2624_20260511_194050.wav
[Est_pos parent] Working directory:
  C:\Code\ZOPBSP_Console
----------------------------------------------------------------------------------------------------

==========================================================================================
[Est_pos child] RUN START: 20260511_194301_876140
[Est_pos child] Time: 2026-05-11 19:43:02.155411
[Est_pos child] Input files:
  gps1: C:\Pi_loc\05_11_03\RPI1\gps\GPS_RPI1_20260511_194050_Hydro_6673.txt
  gps2: C:\Pi_loc\05_11_03\RPI2\gps\GPS_RPI2_20260511_194050_Hydro_6675.txt
  gps3: C:\Pi_loc\05_11_03\RPI3\gps\GPS_RPI3_20260511_194050_Hydro_2624.txt
  wav1: C:\Pi_loc\05_11_03\RPI1\streaming\RBW6673_20260511_194050.wav
  wav2: C:\Pi_loc\05_11_03\RPI2\streaming\RBW6675_20260511_194050.wav
  wav3: C:\Pi_loc\05_11_03\RPI3\streaming\SAW2624_20260511_194050.wav
------------------------------------------------------------------------------------------
after import data
C:\ProgramData\Anaconda3\envs\Console\Lib\site-packages\scipy\interpolate\_interpolate.py:497: RuntimeWarning: invalid value encountered in divide
  slope = (y_hi - y_lo) / (x_hi - x_lo)[:, None]
after tdoa
GPS1: [[174050, 53.838144965000005, 17.648809936666666]]
GPS2: [[174050, 53.83814452166666, 17.648805493333334]]
GPS3: [[174050, 53.83816548, 17.64879734166667]]
ref_lat:  53.838144965000005
ref_lon:  17.648809936666666
aeqd: +proj=aeqd +lat_0=53.838144965000005 +lon_0=17.648809936666666 +datum=WGS84 +units=m +no_defs +type=crs
fwd: proj=pipeline step proj=unitconvert xy_in=deg xy_out=rad step proj=aeqd lat_0=53.838144965 lon_0=17.6488099366667 x_0=0 y_0=0 ellps=WGS84
inv: proj=pipeline step inv proj=aeqd lat_0=53.838144965 lon_0=17.6488099366667 x_0=0 y_0=0 ellps=WGS84 step proj=unitconvert xy_in=rad xy_out=deg
after make_local_transformer
after H_coord
after tdoa_estimate_mode_6
after filter_est_track_by_radius
------------------------------------------------------------------------------------------
[Est_pos child] RUN OK: 20260511_194301_876140
[Est_pos child] Result length: 0
[Est_pos child] Output JSON: C:\Users\Dell\AppData\Local\Temp\zopbsp_estpos_wkz3bafw\estpos_result.json
==========================================================================================

[Est_pos parent] Run finished: 20260511_194301_876140
[Est_pos parent] Return code: 0
[Est_pos parent] JSON exists: True

[Est_pos parent] RUN OK: 20260511_194301_876140
[Est_pos parent] Result length: 0
----------------------------------------------------------------------------------------------------

----------------------------------------------------------------------------------------------------
[Est_pos parent] Starting run: 20260511_194305_757368
[Est_pos parent] Time: 2026-05-11 19:43:05.762532
[Est_pos parent] Command:
  C:\ProgramData\Anaconda3\envs\Console\python.exe -u -m Est_pos.estimate_pos_runner --out C:\Users\Dell\AppData\Local\Temp\zopbsp_estpos_ekhkvbpi\estpos_result.json --session-log logs\estpos_subprocess\estpos_session_20260511_190502.log --run-id 20260511_194305_757368 C:\Pi_loc\05_11_03\RPI1\gps\GPS_RPI1_20260511_194110_Hydro_6673.txt C:\Pi_loc\05_11_03\RPI2\gps\GPS_RPI2_20260511_194110_Hydro_6675.txt C:\Pi_loc\05_11_03\RPI2\gps\GPS_RPI2_20260511_194110_Hydro_6675.txt C:\Pi_loc\05_11_03\RPI1\streaming\RBW6673_20260511_194110.wav C:\Pi_loc\05_11_03\RPI2\streaming\RBW6675_20260511_194110.wav C:\Pi_loc\05_11_03\RPI3\streaming\SAW2624_20260511_194110.wav
[Est_pos parent] Working directory:
  C:\Code\ZOPBSP_Console
----------------------------------------------------------------------------------------------------

==========================================================================================
[Est_pos child] RUN START: 20260511_194305_757368
[Est_pos child] Time: 2026-05-11 19:43:05.984295
[Est_pos child] Input files:
  gps1: C:\Pi_loc\05_11_03\RPI1\gps\GPS_RPI1_20260511_194110_Hydro_6673.txt
  gps2: C:\Pi_loc\05_11_03\RPI2\gps\GPS_RPI2_20260511_194110_Hydro_6675.txt
  gps3: C:\Pi_loc\05_11_03\RPI2\gps\GPS_RPI2_20260511_194110_Hydro_6675.txt
  wav1: C:\Pi_loc\05_11_03\RPI1\streaming\RBW6673_20260511_194110.wav
  wav2: C:\Pi_loc\05_11_03\RPI2\streaming\RBW6675_20260511_194110.wav
  wav3: C:\Pi_loc\05_11_03\RPI3\streaming\SAW2624_20260511_194110.wav
------------------------------------------------------------------------------------------
after import data
C:\ProgramData\Anaconda3\envs\Console\Lib\site-packages\scipy\interpolate\_interpolate.py:497: RuntimeWarning: invalid value encountered in divide
  slope = (y_hi - y_lo) / (x_hi - x_lo)[:, None]
after tdoa
GPS1: [[174110, 53.838145018333336, 17.648809936666666]]
GPS2: [[174110, 53.83814438166667, 17.64880550333333]]
GPS3: [[174110, 53.83814438166667, 17.64880550333333]]
ref_lat:  53.838145018333336
ref_lon:  17.648809936666666
aeqd: +proj=aeqd +lat_0=53.838145018333336 +lon_0=17.648809936666666 +datum=WGS84 +units=m +no_defs +type=crs
fwd: proj=pipeline step proj=unitconvert xy_in=deg xy_out=rad step proj=aeqd lat_0=53.8381450183333 lon_0=17.6488099366667 x_0=0 y_0=0 ellps=WGS84
inv: proj=pipeline step inv proj=aeqd lat_0=53.8381450183333 lon_0=17.6488099366667 x_0=0 y_0=0 ellps=WGS84 step proj=unitconvert xy_in=rad xy_out=deg
after make_local_transformer
after H_coord
after tdoa_estimate_mode_6
after filter_est_track_by_radius
------------------------------------------------------------------------------------------
[Est_pos child] RUN OK: 20260511_194305_757368
[Est_pos child] Result length: 1
[Est_pos child] Output JSON: C:\Users\Dell\AppData\Local\Temp\zopbsp_estpos_ekhkvbpi\estpos_result.json
==========================================================================================

[Est_pos parent] Run finished: 20260511_194305_757368
[Est_pos parent] Return code: 0
[Est_pos parent] JSON exists: True

[Est_pos parent] RUN OK: 20260511_194305_757368
[Est_pos parent] Result length: 1
----------------------------------------------------------------------------------------------------

----------------------------------------------------------------------------------------------------
[Est_pos parent] Starting run: 20260511_194309_502202
[Est_pos parent] Time: 2026-05-11 19:43:09.504210
[Est_pos parent] Command:
  C:\ProgramData\Anaconda3\envs\Console\python.exe -u -m Est_pos.estimate_pos_runner --out C:\Users\Dell\AppData\Local\Temp\zopbsp_estpos_tim3f4ox\estpos_result.json --session-log logs\estpos_subprocess\estpos_session_20260511_190502.log --run-id 20260511_194309_502202 C:\Pi_loc\05_11_03\RPI1\gps\GPS_RPI1_20260511_194110_Hydro_6673.txt C:\Pi_loc\05_11_03\RPI2\gps\GPS_RPI2_20260511_194110_Hydro_6675.txt C:\Pi_loc\05_11_03\RPI3\gps\GPS_RPI3_20260511_194110_Hydro_2624.txt C:\Pi_loc\05_11_03\RPI1\streaming\RBW6673_20260511_194110.wav C:\Pi_loc\05_11_03\RPI2\streaming\RBW6675_20260511_194110.wav C:\Pi_loc\05_11_03\RPI3\streaming\SAW2624_20260511_194110.wav
[Est_pos parent] Working directory:
  C:\Code\ZOPBSP_Console
----------------------------------------------------------------------------------------------------

==========================================================================================
[Est_pos child] RUN START: 20260511_194309_502202
[Est_pos child] Time: 2026-05-11 19:43:09.798875
[Est_pos child] Input files:
  gps1: C:\Pi_loc\05_11_03\RPI1\gps\GPS_RPI1_20260511_194110_Hydro_6673.txt
  gps2: C:\Pi_loc\05_11_03\RPI2\gps\GPS_RPI2_20260511_194110_Hydro_6675.txt
  gps3: C:\Pi_loc\05_11_03\RPI3\gps\GPS_RPI3_20260511_194110_Hydro_2624.txt
  wav1: C:\Pi_loc\05_11_03\RPI1\streaming\RBW6673_20260511_194110.wav
  wav2: C:\Pi_loc\05_11_03\RPI2\streaming\RBW6675_20260511_194110.wav
  wav3: C:\Pi_loc\05_11_03\RPI3\streaming\SAW2624_20260511_194110.wav
------------------------------------------------------------------------------------------
after import data
C:\ProgramData\Anaconda3\envs\Console\Lib\site-packages\scipy\interpolate\_interpolate.py:497: RuntimeWarning: invalid value encountered in divide
  slope = (y_hi - y_lo) / (x_hi - x_lo)[:, None]
after tdoa
GPS1: [[174110, 53.838145018333336, 17.648809936666666]]
GPS2: [[174110, 53.83814438166667, 17.64880550333333]]
GPS3: [[174110, 53.83816633333333, 17.648799868333334]]
ref_lat:  53.838145018333336
ref_lon:  17.648809936666666
aeqd: +proj=aeqd +lat_0=53.838145018333336 +lon_0=17.648809936666666 +datum=WGS84 +units=m +no_defs +type=crs
fwd: proj=pipeline step proj=unitconvert xy_in=deg xy_out=rad step proj=aeqd lat_0=53.8381450183333 lon_0=17.6488099366667 x_0=0 y_0=0 ellps=WGS84
inv: proj=pipeline step inv proj=aeqd lat_0=53.8381450183333 lon_0=17.6488099366667 x_0=0 y_0=0 ellps=WGS84 step proj=unitconvert xy_in=rad xy_out=deg
after make_local_transformer
after H_coord
after tdoa_estimate_mode_6
after filter_est_track_by_radius
------------------------------------------------------------------------------------------
[Est_pos child] RUN OK: 20260511_194309_502202
[Est_pos child] Result length: 0
[Est_pos child] Output JSON: C:\Users\Dell\AppData\Local\Temp\zopbsp_estpos_tim3f4ox\estpos_result.json
==========================================================================================

[Est_pos parent] Run finished: 20260511_194309_502202
[Est_pos parent] Return code: 0
[Est_pos parent] JSON exists: True

[Est_pos parent] RUN OK: 20260511_194309_502202
[Est_pos parent] Result length: 0
----------------------------------------------------------------------------------------------------

----------------------------------------------------------------------------------------------------
[Est_pos parent] Starting run: 20260511_194313_280759
[Est_pos parent] Time: 2026-05-11 19:43:13.287228
[Est_pos parent] Command:
  C:\ProgramData\Anaconda3\envs\Console\python.exe -u -m Est_pos.estimate_pos_runner --out C:\Users\Dell\AppData\Local\Temp\zopbsp_estpos_f3mu0dgu\estpos_result.json --session-log logs\estpos_subprocess\estpos_session_20260511_190502.log --run-id 20260511_194313_280759 C:\Pi_loc\05_11_03\RPI1\gps\GPS_RPI1_20260511_194100_Hydro_6673.txt C:\Pi_loc\05_11_03\RPI2\gps\GPS_RPI2_20260511_194100_Hydro_6675.txt C:\Pi_loc\05_11_03\RPI2\gps\GPS_RPI2_20260511_194100_Hydro_6675.txt C:\Pi_loc\05_11_03\RPI1\streaming\RBW6673_20260511_194100.wav C:\Pi_loc\05_11_03\RPI2\streaming\RBW6675_20260511_194100.wav C:\Pi_loc\05_11_03\RPI3\streaming\SAW2624_20260511_194100.wav
[Est_pos parent] Working directory:
  C:\Code\ZOPBSP_Console
----------------------------------------------------------------------------------------------------

==========================================================================================
[Est_pos child] RUN START: 20260511_194313_280759
[Est_pos child] Time: 2026-05-11 19:43:13.513622
[Est_pos child] Input files:
  gps1: C:\Pi_loc\05_11_03\RPI1\gps\GPS_RPI1_20260511_194100_Hydro_6673.txt
  gps2: C:\Pi_loc\05_11_03\RPI2\gps\GPS_RPI2_20260511_194100_Hydro_6675.txt
  gps3: C:\Pi_loc\05_11_03\RPI2\gps\GPS_RPI2_20260511_194100_Hydro_6675.txt
  wav1: C:\Pi_loc\05_11_03\RPI1\streaming\RBW6673_20260511_194100.wav
  wav2: C:\Pi_loc\05_11_03\RPI2\streaming\RBW6675_20260511_194100.wav
  wav3: C:\Pi_loc\05_11_03\RPI3\streaming\SAW2624_20260511_194100.wav
------------------------------------------------------------------------------------------
after import data
C:\ProgramData\Anaconda3\envs\Console\Lib\site-packages\scipy\interpolate\_interpolate.py:497: RuntimeWarning: invalid value encountered in divide
  slope = (y_hi - y_lo) / (x_hi - x_lo)[:, None]
after tdoa
GPS1: [[174100, 53.838145055, 17.648809975]]
GPS2: [[174100, 53.83814448500001, 17.648805545000002]]
GPS3: [[174100, 53.83814448500001, 17.648805545000002]]
ref_lat:  53.838145055
ref_lon:  17.648809975
aeqd: +proj=aeqd +lat_0=53.838145055 +lon_0=17.648809975 +datum=WGS84 +units=m +no_defs +type=crs
fwd: proj=pipeline step proj=unitconvert xy_in=deg xy_out=rad step proj=aeqd lat_0=53.838145055 lon_0=17.648809975 x_0=0 y_0=0 ellps=WGS84
inv: proj=pipeline step inv proj=aeqd lat_0=53.838145055 lon_0=17.648809975 x_0=0 y_0=0 ellps=WGS84 step proj=unitconvert xy_in=rad xy_out=deg
after make_local_transformer
after H_coord
after tdoa_estimate_mode_6
after filter_est_track_by_radius
------------------------------------------------------------------------------------------
[Est_pos child] RUN OK: 20260511_194313_280759
[Est_pos child] Result length: 1
[Est_pos child] Output JSON: C:\Users\Dell\AppData\Local\Temp\zopbsp_estpos_f3mu0dgu\estpos_result.json
==========================================================================================

[Est_pos parent] Run finished: 20260511_194313_280759
[Est_pos parent] Return code: 0
[Est_pos parent] JSON exists: True

[Est_pos parent] RUN OK: 20260511_194313_280759
[Est_pos parent] Result length: 1
----------------------------------------------------------------------------------------------------

----------------------------------------------------------------------------------------------------
[Est_pos parent] Starting run: 20260511_194317_143820
[Est_pos parent] Time: 2026-05-11 19:43:17.145834
[Est_pos parent] Command:
  C:\ProgramData\Anaconda3\envs\Console\python.exe -u -m Est_pos.estimate_pos_runner --out C:\Users\Dell\AppData\Local\Temp\zopbsp_estpos_nw22xycs\estpos_result.json --session-log logs\estpos_subprocess\estpos_session_20260511_190502.log --run-id 20260511_194317_143820 C:\Pi_loc\05_11_03\RPI1\gps\GPS_RPI1_20260511_194100_Hydro_6673.txt C:\Pi_loc\05_11_03\RPI2\gps\GPS_RPI2_20260511_194100_Hydro_6675.txt C:\Pi_loc\05_11_03\RPI3\gps\GPS_RPI3_20260511_194100_Hydro_2624.txt C:\Pi_loc\05_11_03\RPI1\streaming\RBW6673_20260511_194100.wav C:\Pi_loc\05_11_03\RPI2\streaming\RBW6675_20260511_194100.wav C:\Pi_loc\05_11_03\RPI3\streaming\SAW2624_20260511_194100.wav
[Est_pos parent] Working directory:
  C:\Code\ZOPBSP_Console
----------------------------------------------------------------------------------------------------

==========================================================================================
[Est_pos child] RUN START: 20260511_194317_143820
[Est_pos child] Time: 2026-05-11 19:43:17.371767
[Est_pos child] Input files:
  gps1: C:\Pi_loc\05_11_03\RPI1\gps\GPS_RPI1_20260511_194100_Hydro_6673.txt
  gps2: C:\Pi_loc\05_11_03\RPI2\gps\GPS_RPI2_20260511_194100_Hydro_6675.txt
  gps3: C:\Pi_loc\05_11_03\RPI3\gps\GPS_RPI3_20260511_194100_Hydro_2624.txt
  wav1: C:\Pi_loc\05_11_03\RPI1\streaming\RBW6673_20260511_194100.wav
  wav2: C:\Pi_loc\05_11_03\RPI2\streaming\RBW6675_20260511_194100.wav
  wav3: C:\Pi_loc\05_11_03\RPI3\streaming\SAW2624_20260511_194100.wav
------------------------------------------------------------------------------------------
after import data
C:\ProgramData\Anaconda3\envs\Console\Lib\site-packages\scipy\interpolate\_interpolate.py:497: RuntimeWarning: invalid value encountered in divide
  slope = (y_hi - y_lo) / (x_hi - x_lo)[:, None]
after tdoa
GPS1: [[174100, 53.838145055, 17.648809975]]
GPS2: [[174100, 53.83814448500001, 17.648805545000002]]
GPS3: [[174100, 53.838167913333336, 17.648794918333333]]
ref_lat:  53.838145055
ref_lon:  17.648809975
aeqd: +proj=aeqd +lat_0=53.838145055 +lon_0=17.648809975 +datum=WGS84 +units=m +no_defs +type=crs
fwd: proj=pipeline step proj=unitconvert xy_in=deg xy_out=rad step proj=aeqd lat_0=53.838145055 lon_0=17.648809975 x_0=0 y_0=0 ellps=WGS84
inv: proj=pipeline step inv proj=aeqd lat_0=53.838145055 lon_0=17.648809975 x_0=0 y_0=0 ellps=WGS84 step proj=unitconvert xy_in=rad xy_out=deg
after make_local_transformer
after H_coord
after tdoa_estimate_mode_6
after filter_est_track_by_radius
------------------------------------------------------------------------------------------
[Est_pos child] RUN OK: 20260511_194317_143820
[Est_pos child] Result length: 0
[Est_pos child] Output JSON: C:\Users\Dell\AppData\Local\Temp\zopbsp_estpos_nw22xycs\estpos_result.json
==========================================================================================

[Est_pos parent] Run finished: 20260511_194317_143820
[Est_pos parent] Return code: 0
[Est_pos parent] JSON exists: True

[Est_pos parent] RUN OK: 20260511_194317_143820
[Est_pos parent] Result length: 0
----------------------------------------------------------------------------------------------------

----------------------------------------------------------------------------------------------------
[Est_pos parent] Starting run: 20260511_194321_120383
[Est_pos parent] Time: 2026-05-11 19:43:21.121406
[Est_pos parent] Command:
  C:\ProgramData\Anaconda3\envs\Console\python.exe -u -m Est_pos.estimate_pos_runner --out C:\Users\Dell\AppData\Local\Temp\zopbsp_estpos_ikske2se\estpos_result.json --session-log logs\estpos_subprocess\estpos_session_20260511_190502.log --run-id 20260511_194321_120383 C:\Pi_loc\05_11_03\RPI1\gps\GPS_RPI1_20260511_194120_Hydro_6673.txt C:\Pi_loc\05_11_03\RPI2\gps\GPS_RPI2_20260511_194120_Hydro_6675.txt C:\Pi_loc\05_11_03\RPI2\gps\GPS_RPI2_20260511_194120_Hydro_6675.txt C:\Pi_loc\05_11_03\RPI1\streaming\RBW6673_20260511_194120.wav C:\Pi_loc\05_11_03\RPI2\streaming\RBW6675_20260511_194120.wav C:\Pi_loc\05_11_03\RPI3\streaming\SAW2624_20260511_194120.wav
[Est_pos parent] Working directory:
  C:\Code\ZOPBSP_Console
----------------------------------------------------------------------------------------------------

==========================================================================================
[Est_pos child] RUN START: 20260511_194321_120383
[Est_pos child] Time: 2026-05-11 19:43:21.370531
[Est_pos child] Input files:
  gps1: C:\Pi_loc\05_11_03\RPI1\gps\GPS_RPI1_20260511_194120_Hydro_6673.txt
  gps2: C:\Pi_loc\05_11_03\RPI2\gps\GPS_RPI2_20260511_194120_Hydro_6675.txt
  gps3: C:\Pi_loc\05_11_03\RPI2\gps\GPS_RPI2_20260511_194120_Hydro_6675.txt
  wav1: C:\Pi_loc\05_11_03\RPI1\streaming\RBW6673_20260511_194120.wav
  wav2: C:\Pi_loc\05_11_03\RPI2\streaming\RBW6675_20260511_194120.wav
  wav3: C:\Pi_loc\05_11_03\RPI3\streaming\SAW2624_20260511_194120.wav
------------------------------------------------------------------------------------------
after import data
C:\ProgramData\Anaconda3\envs\Console\Lib\site-packages\scipy\interpolate\_interpolate.py:497: RuntimeWarning: invalid value encountered in divide
  slope = (y_hi - y_lo) / (x_hi - x_lo)[:, None]
after tdoa
GPS1: [[174120, 53.83814507, 17.648809975]]
GPS2: [[174120, 53.838144335, 17.64880548]]
GPS3: [[174120, 53.838144335, 17.64880548]]
ref_lat:  53.83814507
ref_lon:  17.648809975
aeqd: +proj=aeqd +lat_0=53.83814507 +lon_0=17.648809975 +datum=WGS84 +units=m +no_defs +type=crs
fwd: proj=pipeline step proj=unitconvert xy_in=deg xy_out=rad step proj=aeqd lat_0=53.83814507 lon_0=17.648809975 x_0=0 y_0=0 ellps=WGS84
inv: proj=pipeline step inv proj=aeqd lat_0=53.83814507 lon_0=17.648809975 x_0=0 y_0=0 ellps=WGS84 step proj=unitconvert xy_in=rad xy_out=deg
after make_local_transformer
after H_coord
after tdoa_estimate_mode_6
after filter_est_track_by_radius
------------------------------------------------------------------------------------------
[Est_pos child] RUN OK: 20260511_194321_120383
[Est_pos child] Result length: 0
[Est_pos child] Output JSON: C:\Users\Dell\AppData\Local\Temp\zopbsp_estpos_ikske2se\estpos_result.json
==========================================================================================

[Est_pos parent] Run finished: 20260511_194321_120383
[Est_pos parent] Return code: 0
[Est_pos parent] JSON exists: True

[Est_pos parent] RUN OK: 20260511_194321_120383
[Est_pos parent] Result length: 0
----------------------------------------------------------------------------------------------------

----------------------------------------------------------------------------------------------------
[Est_pos parent] Starting run: 20260511_194324_945464
[Est_pos parent] Time: 2026-05-11 19:43:24.947487
[Est_pos parent] Command:
  C:\ProgramData\Anaconda3\envs\Console\python.exe -u -m Est_pos.estimate_pos_runner --out C:\Users\Dell\AppData\Local\Temp\zopbsp_estpos_p487bbqz\estpos_result.json --session-log logs\estpos_subprocess\estpos_session_20260511_190502.log --run-id 20260511_194324_945464 C:\Pi_loc\05_11_03\RPI1\gps\GPS_RPI1_20260511_194120_Hydro_6673.txt C:\Pi_loc\05_11_03\RPI2\gps\GPS_RPI2_20260511_194120_Hydro_6675.txt C:\Pi_loc\05_11_03\RPI3\gps\GPS_RPI3_20260511_194120_Hydro_2624.txt C:\Pi_loc\05_11_03\RPI1\streaming\RBW6673_20260511_194120.wav C:\Pi_loc\05_11_03\RPI2\streaming\RBW6675_20260511_194120.wav C:\Pi_loc\05_11_03\RPI3\streaming\SAW2624_20260511_194120.wav
[Est_pos parent] Working directory:
  C:\Code\ZOPBSP_Console
----------------------------------------------------------------------------------------------------

==========================================================================================
[Est_pos child] RUN START: 20260511_194324_945464
[Est_pos child] Time: 2026-05-11 19:43:25.165579
[Est_pos child] Input files:
  gps1: C:\Pi_loc\05_11_03\RPI1\gps\GPS_RPI1_20260511_194120_Hydro_6673.txt
  gps2: C:\Pi_loc\05_11_03\RPI2\gps\GPS_RPI2_20260511_194120_Hydro_6675.txt
  gps3: C:\Pi_loc\05_11_03\RPI3\gps\GPS_RPI3_20260511_194120_Hydro_2624.txt
  wav1: C:\Pi_loc\05_11_03\RPI1\streaming\RBW6673_20260511_194120.wav
  wav2: C:\Pi_loc\05_11_03\RPI2\streaming\RBW6675_20260511_194120.wav
  wav3: C:\Pi_loc\05_11_03\RPI3\streaming\SAW2624_20260511_194120.wav
------------------------------------------------------------------------------------------
after import data
C:\ProgramData\Anaconda3\envs\Console\Lib\site-packages\scipy\interpolate\_interpolate.py:497: RuntimeWarning: invalid value encountered in divide
  slope = (y_hi - y_lo) / (x_hi - x_lo)[:, None]
after tdoa
GPS1: [[174120, 53.83814507, 17.648809975]]
GPS2: [[174120, 53.838144335, 17.64880548]]
GPS3: [[174120, 53.838141105000005, 17.648821090000002]]
ref_lat:  53.83814507
ref_lon:  17.648809975
aeqd: +proj=aeqd +lat_0=53.83814507 +lon_0=17.648809975 +datum=WGS84 +units=m +no_defs +type=crs
fwd: proj=pipeline step proj=unitconvert xy_in=deg xy_out=rad step proj=aeqd lat_0=53.83814507 lon_0=17.648809975 x_0=0 y_0=0 ellps=WGS84
inv: proj=pipeline step inv proj=aeqd lat_0=53.83814507 lon_0=17.648809975 x_0=0 y_0=0 ellps=WGS84 step proj=unitconvert xy_in=rad xy_out=deg
after make_local_transformer
after H_coord
after tdoa_estimate_mode_6
after filter_est_track_by_radius
------------------------------------------------------------------------------------------
[Est_pos child] RUN OK: 20260511_194324_945464
[Est_pos child] Result length: 0
[Est_pos child] Output JSON: C:\Users\Dell\AppData\Local\Temp\zopbsp_estpos_p487bbqz\estpos_result.json
==========================================================================================

[Est_pos parent] Run finished: 20260511_194324_945464
[Est_pos parent] Return code: 0
[Est_pos parent] JSON exists: True

[Est_pos parent] RUN OK: 20260511_194324_945464
[Est_pos parent] Result length: 0
----------------------------------------------------------------------------------------------------

----------------------------------------------------------------------------------------------------
[Est_pos parent] Starting run: 20260511_194328_822134
[Est_pos parent] Time: 2026-05-11 19:43:28.824126
[Est_pos parent] Command:
  C:\ProgramData\Anaconda3\envs\Console\python.exe -u -m Est_pos.estimate_pos_runner --out C:\Users\Dell\AppData\Local\Temp\zopbsp_estpos_rh69kpdd\estpos_result.json --session-log logs\estpos_subprocess\estpos_session_20260511_190502.log --run-id 20260511_194328_822134 C:\Pi_loc\05_11_03\RPI1\gps\GPS_RPI1_20260511_194140_Hydro_6673.txt C:\Pi_loc\05_11_03\RPI2\gps\GPS_RPI2_20260511_194140_Hydro_6675.txt C:\Pi_loc\05_11_03\RPI2\gps\GPS_RPI2_20260511_194140_Hydro_6675.txt C:\Pi_loc\05_11_03\RPI1\streaming\RBW6673_20260511_194140.wav C:\Pi_loc\05_11_03\RPI2\streaming\RBW6675_20260511_194140.wav C:\Pi_loc\05_11_03\RPI3\streaming\SAW2624_20260511_194140.wav
[Est_pos parent] Working directory:
  C:\Code\ZOPBSP_Console
----------------------------------------------------------------------------------------------------

==========================================================================================
[Est_pos child] RUN START: 20260511_194328_822134
[Est_pos child] Time: 2026-05-11 19:43:29.054584
[Est_pos child] Input files:
  gps1: C:\Pi_loc\05_11_03\RPI1\gps\GPS_RPI1_20260511_194140_Hydro_6673.txt
  gps2: C:\Pi_loc\05_11_03\RPI2\gps\GPS_RPI2_20260511_194140_Hydro_6675.txt
  gps3: C:\Pi_loc\05_11_03\RPI2\gps\GPS_RPI2_20260511_194140_Hydro_6675.txt
  wav1: C:\Pi_loc\05_11_03\RPI1\streaming\RBW6673_20260511_194140.wav
  wav2: C:\Pi_loc\05_11_03\RPI2\streaming\RBW6675_20260511_194140.wav
  wav3: C:\Pi_loc\05_11_03\RPI3\streaming\SAW2624_20260511_194140.wav
------------------------------------------------------------------------------------------
after import data
C:\ProgramData\Anaconda3\envs\Console\Lib\site-packages\scipy\interpolate\_interpolate.py:497: RuntimeWarning: invalid value encountered in divide
  slope = (y_hi - y_lo) / (x_hi - x_lo)[:, None]
after tdoa
GPS1: [[174140, 53.838145094999994, 17.648810103333336]]
GPS2: [[174140, 53.83814462, 17.648805588333335]]
GPS3: [[174140, 53.83814462, 17.648805588333335]]
ref_lat:  53.838145094999994
ref_lon:  17.648810103333336
aeqd: +proj=aeqd +lat_0=53.838145094999994 +lon_0=17.648810103333336 +datum=WGS84 +units=m +no_defs +type=crs
fwd: proj=pipeline step proj=unitconvert xy_in=deg xy_out=rad step proj=aeqd lat_0=53.838145095 lon_0=17.6488101033333 x_0=0 y_0=0 ellps=WGS84
inv: proj=pipeline step inv proj=aeqd lat_0=53.838145095 lon_0=17.6488101033333 x_0=0 y_0=0 ellps=WGS84 step proj=unitconvert xy_in=rad xy_out=deg
after make_local_transformer
after H_coord
after tdoa_estimate_mode_6
after filter_est_track_by_radius
------------------------------------------------------------------------------------------
[Est_pos child] RUN OK: 20260511_194328_822134
[Est_pos child] Result length: 1
[Est_pos child] Output JSON: C:\Users\Dell\AppData\Local\Temp\zopbsp_estpos_rh69kpdd\estpos_result.json
==========================================================================================

[Est_pos parent] Run finished: 20260511_194328_822134
[Est_pos parent] Return code: 0
[Est_pos parent] JSON exists: True

[Est_pos parent] RUN OK: 20260511_194328_822134
[Est_pos parent] Result length: 1
----------------------------------------------------------------------------------------------------

----------------------------------------------------------------------------------------------------
[Est_pos parent] Starting run: 20260511_194332_666791
[Est_pos parent] Time: 2026-05-11 19:43:32.668812
[Est_pos parent] Command:
  C:\ProgramData\Anaconda3\envs\Console\python.exe -u -m Est_pos.estimate_pos_runner --out C:\Users\Dell\AppData\Local\Temp\zopbsp_estpos_f6falcb9\estpos_result.json --session-log logs\estpos_subprocess\estpos_session_20260511_190502.log --run-id 20260511_194332_666791 C:\Pi_loc\05_11_03\RPI1\gps\GPS_RPI1_20260511_194140_Hydro_6673.txt C:\Pi_loc\05_11_03\RPI2\gps\GPS_RPI2_20260511_194140_Hydro_6675.txt C:\Pi_loc\05_11_03\RPI3\gps\GPS_RPI3_20260511_194140_Hydro_2624.txt C:\Pi_loc\05_11_03\RPI1\streaming\RBW6673_20260511_194140.wav C:\Pi_loc\05_11_03\RPI2\streaming\RBW6675_20260511_194140.wav C:\Pi_loc\05_11_03\RPI3\streaming\SAW2624_20260511_194140.wav
[Est_pos parent] Working directory:
  C:\Code\ZOPBSP_Console
----------------------------------------------------------------------------------------------------

==========================================================================================
[Est_pos child] RUN START: 20260511_194332_666791
[Est_pos child] Time: 2026-05-11 19:43:33.006741
[Est_pos child] Input files:
  gps1: C:\Pi_loc\05_11_03\RPI1\gps\GPS_RPI1_20260511_194140_Hydro_6673.txt
  gps2: C:\Pi_loc\05_11_03\RPI2\gps\GPS_RPI2_20260511_194140_Hydro_6675.txt
  gps3: C:\Pi_loc\05_11_03\RPI3\gps\GPS_RPI3_20260511_194140_Hydro_2624.txt
  wav1: C:\Pi_loc\05_11_03\RPI1\streaming\RBW6673_20260511_194140.wav
  wav2: C:\Pi_loc\05_11_03\RPI2\streaming\RBW6675_20260511_194140.wav
  wav3: C:\Pi_loc\05_11_03\RPI3\streaming\SAW2624_20260511_194140.wav
------------------------------------------------------------------------------------------
after import data
C:\ProgramData\Anaconda3\envs\Console\Lib\site-packages\scipy\interpolate\_interpolate.py:497: RuntimeWarning: invalid value encountered in divide
  slope = (y_hi - y_lo) / (x_hi - x_lo)[:, None]
after tdoa
GPS1: [[174140, 53.838145094999994, 17.648810103333336]]
GPS2: [[174140, 53.83814462, 17.648805588333335]]
GPS3: [[174140, 53.83818672333334, 17.648799793333335]]
ref_lat:  53.838145094999994
ref_lon:  17.648810103333336
aeqd: +proj=aeqd +lat_0=53.838145094999994 +lon_0=17.648810103333336 +datum=WGS84 +units=m +no_defs +type=crs
fwd: proj=pipeline step proj=unitconvert xy_in=deg xy_out=rad step proj=aeqd lat_0=53.838145095 lon_0=17.6488101033333 x_0=0 y_0=0 ellps=WGS84
inv: proj=pipeline step inv proj=aeqd lat_0=53.838145095 lon_0=17.6488101033333 x_0=0 y_0=0 ellps=WGS84 step proj=unitconvert xy_in=rad xy_out=deg
after make_local_transformer
after H_coord
after tdoa_estimate_mode_6
after filter_est_track_by_radius
------------------------------------------------------------------------------------------
[Est_pos child] RUN OK: 20260511_194332_666791
[Est_pos child] Result length: 0
[Est_pos child] Output JSON: C:\Users\Dell\AppData\Local\Temp\zopbsp_estpos_f6falcb9\estpos_result.json
==========================================================================================

[Est_pos parent] Run finished: 20260511_194332_666791
[Est_pos parent] Return code: 0
[Est_pos parent] JSON exists: True

[Est_pos parent] RUN OK: 20260511_194332_666791
[Est_pos parent] Result length: 0
----------------------------------------------------------------------------------------------------

----------------------------------------------------------------------------------------------------
[Est_pos parent] Starting run: 20260511_194336_629143
[Est_pos parent] Time: 2026-05-11 19:43:36.629143
[Est_pos parent] Command:
  C:\ProgramData\Anaconda3\envs\Console\python.exe -u -m Est_pos.estimate_pos_runner --out C:\Users\Dell\AppData\Local\Temp\zopbsp_estpos_yg16yjub\estpos_result.json --session-log logs\estpos_subprocess\estpos_session_20260511_190502.log --run-id 20260511_194336_629143 C:\Pi_loc\05_11_03\RPI1\gps\GPS_RPI1_20260511_194130_Hydro_6673.txt C:\Pi_loc\05_11_03\RPI2\gps\GPS_RPI2_20260511_194130_Hydro_6675.txt C:\Pi_loc\05_11_03\RPI2\gps\GPS_RPI2_20260511_194130_Hydro_6675.txt C:\Pi_loc\05_11_03\RPI1\streaming\RBW6673_20260511_194130.wav C:\Pi_loc\05_11_03\RPI2\streaming\RBW6675_20260511_194130.wav C:\Pi_loc\05_11_03\RPI3\streaming\SAW2624_20260511_194130.wav
[Est_pos parent] Working directory:
  C:\Code\ZOPBSP_Console
----------------------------------------------------------------------------------------------------

==========================================================================================
[Est_pos child] RUN START: 20260511_194336_629143
[Est_pos child] Time: 2026-05-11 19:43:36.856204
[Est_pos child] Input files:
  gps1: C:\Pi_loc\05_11_03\RPI1\gps\GPS_RPI1_20260511_194130_Hydro_6673.txt
  gps2: C:\Pi_loc\05_11_03\RPI2\gps\GPS_RPI2_20260511_194130_Hydro_6675.txt
  gps3: C:\Pi_loc\05_11_03\RPI2\gps\GPS_RPI2_20260511_194130_Hydro_6675.txt
  wav1: C:\Pi_loc\05_11_03\RPI1\streaming\RBW6673_20260511_194130.wav
  wav2: C:\Pi_loc\05_11_03\RPI2\streaming\RBW6675_20260511_194130.wav
  wav3: C:\Pi_loc\05_11_03\RPI3\streaming\SAW2624_20260511_194130.wav
------------------------------------------------------------------------------------------
after import data
C:\ProgramData\Anaconda3\envs\Console\Lib\site-packages\scipy\interpolate\_interpolate.py:497: RuntimeWarning: invalid value encountered in divide
  slope = (y_hi - y_lo) / (x_hi - x_lo)[:, None]
after tdoa
GPS1: [[174130, 53.83814507666666, 17.648810036666664]]
GPS2: [[174130, 53.83814450666667, 17.648805508333332]]
GPS3: [[174130, 53.83814450666667, 17.648805508333332]]
ref_lat:  53.83814507666666
ref_lon:  17.648810036666664
aeqd: +proj=aeqd +lat_0=53.83814507666666 +lon_0=17.648810036666664 +datum=WGS84 +units=m +no_defs +type=crs
fwd: proj=pipeline step proj=unitconvert xy_in=deg xy_out=rad step proj=aeqd lat_0=53.8381450766667 lon_0=17.6488100366667 x_0=0 y_0=0 ellps=WGS84
inv: proj=pipeline step inv proj=aeqd lat_0=53.8381450766667 lon_0=17.6488100366667 x_0=0 y_0=0 ellps=WGS84 step proj=unitconvert xy_in=rad xy_out=deg
after make_local_transformer
after H_coord
after tdoa_estimate_mode_6
after filter_est_track_by_radius
------------------------------------------------------------------------------------------
[Est_pos child] RUN OK: 20260511_194336_629143
[Est_pos child] Result length: 0
[Est_pos child] Output JSON: C:\Users\Dell\AppData\Local\Temp\zopbsp_estpos_yg16yjub\estpos_result.json
==========================================================================================

[Est_pos parent] Run finished: 20260511_194336_629143
[Est_pos parent] Return code: 0
[Est_pos parent] JSON exists: True

[Est_pos parent] RUN OK: 20260511_194336_629143
[Est_pos parent] Result length: 0
----------------------------------------------------------------------------------------------------

----------------------------------------------------------------------------------------------------
[Est_pos parent] Starting run: 20260511_194340_608030
[Est_pos parent] Time: 2026-05-11 19:43:40.610019
[Est_pos parent] Command:
  C:\ProgramData\Anaconda3\envs\Console\python.exe -u -m Est_pos.estimate_pos_runner --out C:\Users\Dell\AppData\Local\Temp\zopbsp_estpos_0vdckt0g\estpos_result.json --session-log logs\estpos_subprocess\estpos_session_20260511_190502.log --run-id 20260511_194340_608030 C:\Pi_loc\05_11_03\RPI1\gps\GPS_RPI1_20260511_194130_Hydro_6673.txt C:\Pi_loc\05_11_03\RPI2\gps\GPS_RPI2_20260511_194130_Hydro_6675.txt C:\Pi_loc\05_11_03\RPI3\gps\GPS_RPI3_20260511_194130_Hydro_2624.txt C:\Pi_loc\05_11_03\RPI1\streaming\RBW6673_20260511_194130.wav C:\Pi_loc\05_11_03\RPI2\streaming\RBW6675_20260511_194130.wav C:\Pi_loc\05_11_03\RPI3\streaming\SAW2624_20260511_194130.wav
[Est_pos parent] Working directory:
  C:\Code\ZOPBSP_Console
----------------------------------------------------------------------------------------------------

==========================================================================================
[Est_pos child] RUN START: 20260511_194340_608030
[Est_pos child] Time: 2026-05-11 19:43:40.869448
[Est_pos child] Input files:
  gps1: C:\Pi_loc\05_11_03\RPI1\gps\GPS_RPI1_20260511_194130_Hydro_6673.txt
  gps2: C:\Pi_loc\05_11_03\RPI2\gps\GPS_RPI2_20260511_194130_Hydro_6675.txt
  gps3: C:\Pi_loc\05_11_03\RPI3\gps\GPS_RPI3_20260511_194130_Hydro_2624.txt
  wav1: C:\Pi_loc\05_11_03\RPI1\streaming\RBW6673_20260511_194130.wav
  wav2: C:\Pi_loc\05_11_03\RPI2\streaming\RBW6675_20260511_194130.wav
  wav3: C:\Pi_loc\05_11_03\RPI3\streaming\SAW2624_20260511_194130.wav
------------------------------------------------------------------------------------------
after import data
C:\ProgramData\Anaconda3\envs\Console\Lib\site-packages\scipy\interpolate\_interpolate.py:497: RuntimeWarning: invalid value encountered in divide
  slope = (y_hi - y_lo) / (x_hi - x_lo)[:, None]
after tdoa
GPS1: [[174130, 53.83814507666666, 17.648810036666664]]
GPS2: [[174130, 53.83814450666667, 17.648805508333332]]
GPS3: [[174130, 53.83817327, 17.648800418333334]]
ref_lat:  53.83814507666666
ref_lon:  17.648810036666664
aeqd: +proj=aeqd +lat_0=53.83814507666666 +lon_0=17.648810036666664 +datum=WGS84 +units=m +no_defs +type=crs
fwd: proj=pipeline step proj=unitconvert xy_in=deg xy_out=rad step proj=aeqd lat_0=53.8381450766667 lon_0=17.6488100366667 x_0=0 y_0=0 ellps=WGS84
inv: proj=pipeline step inv proj=aeqd lat_0=53.8381450766667 lon_0=17.6488100366667 x_0=0 y_0=0 ellps=WGS84 step proj=unitconvert xy_in=rad xy_out=deg
after make_local_transformer
after H_coord
after tdoa_estimate_mode_6
after filter_est_track_by_radius
------------------------------------------------------------------------------------------
[Est_pos child] RUN OK: 20260511_194340_608030
[Est_pos child] Result length: 0
[Est_pos child] Output JSON: C:\Users\Dell\AppData\Local\Temp\zopbsp_estpos_0vdckt0g\estpos_result.json
==========================================================================================

[Est_pos parent] Run finished: 20260511_194340_608030
[Est_pos parent] Return code: 0
[Est_pos parent] JSON exists: True

[Est_pos parent] RUN OK: 20260511_194340_608030
[Est_pos parent] Result length: 0
----------------------------------------------------------------------------------------------------

----------------------------------------------------------------------------------------------------
[Est_pos parent] Starting run: 20260511_194344_493031
[Est_pos parent] Time: 2026-05-11 19:43:44.501980
[Est_pos parent] Command:
  C:\ProgramData\Anaconda3\envs\Console\python.exe -u -m Est_pos.estimate_pos_runner --out C:\Users\Dell\AppData\Local\Temp\zopbsp_estpos_kh_wbh0s\estpos_result.json --session-log logs\estpos_subprocess\estpos_session_20260511_190502.log --run-id 20260511_194344_493031 C:\Pi_loc\05_11_03\RPI1\gps\GPS_RPI1_20260511_194150_Hydro_6673.txt C:\Pi_loc\05_11_03\RPI2\gps\GPS_RPI2_20260511_194150_Hydro_6675.txt C:\Pi_loc\05_11_03\RPI2\gps\GPS_RPI2_20260511_194150_Hydro_6675.txt C:\Pi_loc\05_11_03\RPI1\streaming\RBW6673_20260511_194150.wav C:\Pi_loc\05_11_03\RPI2\streaming\RBW6675_20260511_194150.wav C:\Pi_loc\05_11_03\RPI3\streaming\SAW2624_20260511_194150.wav
[Est_pos parent] Working directory:
  C:\Code\ZOPBSP_Console
----------------------------------------------------------------------------------------------------

==========================================================================================
[Est_pos child] RUN START: 20260511_194344_493031
[Est_pos child] Time: 2026-05-11 19:43:44.749213
[Est_pos child] Input files:
  gps1: C:\Pi_loc\05_11_03\RPI1\gps\GPS_RPI1_20260511_194150_Hydro_6673.txt
  gps2: C:\Pi_loc\05_11_03\RPI2\gps\GPS_RPI2_20260511_194150_Hydro_6675.txt
  gps3: C:\Pi_loc\05_11_03\RPI2\gps\GPS_RPI2_20260511_194150_Hydro_6675.txt
  wav1: C:\Pi_loc\05_11_03\RPI1\streaming\RBW6673_20260511_194150.wav
  wav2: C:\Pi_loc\05_11_03\RPI2\streaming\RBW6675_20260511_194150.wav
  wav3: C:\Pi_loc\05_11_03\RPI3\streaming\SAW2624_20260511_194150.wav
------------------------------------------------------------------------------------------
after import data
C:\ProgramData\Anaconda3\envs\Console\Lib\site-packages\scipy\interpolate\_interpolate.py:497: RuntimeWarning: invalid value encountered in divide
  slope = (y_hi - y_lo) / (x_hi - x_lo)[:, None]
after tdoa
GPS1: [[174150, 53.838145165, 17.648810076666667]]
GPS2: [[174150, 53.83814454, 17.648805415]]
GPS3: [[174150, 53.83814454, 17.648805415]]
ref_lat:  53.838145165
ref_lon:  17.648810076666667
aeqd: +proj=aeqd +lat_0=53.838145165 +lon_0=17.648810076666667 +datum=WGS84 +units=m +no_defs +type=crs
fwd: proj=pipeline step proj=unitconvert xy_in=deg xy_out=rad step proj=aeqd lat_0=53.838145165 lon_0=17.6488100766667 x_0=0 y_0=0 ellps=WGS84
inv: proj=pipeline step inv proj=aeqd lat_0=53.838145165 lon_0=17.6488100766667 x_0=0 y_0=0 ellps=WGS84 step proj=unitconvert xy_in=rad xy_out=deg
after make_local_transformer
after H_coord
after tdoa_estimate_mode_6
after filter_est_track_by_radius
------------------------------------------------------------------------------------------
[Est_pos child] RUN OK: 20260511_194344_493031
[Est_pos child] Result length: 0
[Est_pos child] Output JSON: C:\Users\Dell\AppData\Local\Temp\zopbsp_estpos_kh_wbh0s\estpos_result.json
==========================================================================================

[Est_pos parent] Run finished: 20260511_194344_493031
[Est_pos parent] Return code: 0
[Est_pos parent] JSON exists: True

[Est_pos parent] RUN OK: 20260511_194344_493031
[Est_pos parent] Result length: 0
----------------------------------------------------------------------------------------------------

----------------------------------------------------------------------------------------------------
[Est_pos parent] Starting run: 20260511_194348_351517
[Est_pos parent] Time: 2026-05-11 19:43:48.353536
[Est_pos parent] Command:
  C:\ProgramData\Anaconda3\envs\Console\python.exe -u -m Est_pos.estimate_pos_runner --out C:\Users\Dell\AppData\Local\Temp\zopbsp_estpos_cd4gbojy\estpos_result.json --session-log logs\estpos_subprocess\estpos_session_20260511_190502.log --run-id 20260511_194348_351517 C:\Pi_loc\05_11_03\RPI1\gps\GPS_RPI1_20260511_194150_Hydro_6673.txt C:\Pi_loc\05_11_03\RPI2\gps\GPS_RPI2_20260511_194150_Hydro_6675.txt C:\Pi_loc\05_11_03\RPI3\gps\GPS_RPI3_20260511_194150_Hydro_2624.txt C:\Pi_loc\05_11_03\RPI1\streaming\RBW6673_20260511_194150.wav C:\Pi_loc\05_11_03\RPI2\streaming\RBW6675_20260511_194150.wav C:\Pi_loc\05_11_03\RPI3\streaming\SAW2624_20260511_194150.wav
[Est_pos parent] Working directory:
  C:\Code\ZOPBSP_Console
----------------------------------------------------------------------------------------------------

==========================================================================================
[Est_pos child] RUN START: 20260511_194348_351517
[Est_pos child] Time: 2026-05-11 19:43:48.660615
[Est_pos child] Input files:
  gps1: C:\Pi_loc\05_11_03\RPI1\gps\GPS_RPI1_20260511_194150_Hydro_6673.txt
  gps2: C:\Pi_loc\05_11_03\RPI2\gps\GPS_RPI2_20260511_194150_Hydro_6675.txt
  gps3: C:\Pi_loc\05_11_03\RPI3\gps\GPS_RPI3_20260511_194150_Hydro_2624.txt
  wav1: C:\Pi_loc\05_11_03\RPI1\streaming\RBW6673_20260511_194150.wav
  wav2: C:\Pi_loc\05_11_03\RPI2\streaming\RBW6675_20260511_194150.wav
  wav3: C:\Pi_loc\05_11_03\RPI3\streaming\SAW2624_20260511_194150.wav
------------------------------------------------------------------------------------------
after import data
C:\ProgramData\Anaconda3\envs\Console\Lib\site-packages\scipy\interpolate\_interpolate.py:497: RuntimeWarning: invalid value encountered in divide
  slope = (y_hi - y_lo) / (x_hi - x_lo)[:, None]
after tdoa
GPS1: [[174150, 53.838145165, 17.648810076666667]]
GPS2: [[174150, 53.83814454, 17.648805415]]
GPS3: [[174150, 53.838188085, 17.648800018333336]]
ref_lat:  53.838145165
ref_lon:  17.648810076666667
aeqd: +proj=aeqd +lat_0=53.838145165 +lon_0=17.648810076666667 +datum=WGS84 +units=m +no_defs +type=crs
fwd: proj=pipeline step proj=unitconvert xy_in=deg xy_out=rad step proj=aeqd lat_0=53.838145165 lon_0=17.6488100766667 x_0=0 y_0=0 ellps=WGS84
inv: proj=pipeline step inv proj=aeqd lat_0=53.838145165 lon_0=17.6488100766667 x_0=0 y_0=0 ellps=WGS84 step proj=unitconvert xy_in=rad xy_out=deg
after make_local_transformer
after H_coord
after tdoa_estimate_mode_6
after filter_est_track_by_radius
------------------------------------------------------------------------------------------
[Est_pos child] RUN OK: 20260511_194348_351517
[Est_pos child] Result length: 0
[Est_pos child] Output JSON: C:\Users\Dell\AppData\Local\Temp\zopbsp_estpos_cd4gbojy\estpos_result.json
==========================================================================================

[Est_pos parent] Run finished: 20260511_194348_351517
[Est_pos parent] Return code: 0
[Est_pos parent] JSON exists: True

[Est_pos parent] RUN OK: 20260511_194348_351517
[Est_pos parent] Result length: 0
----------------------------------------------------------------------------------------------------

----------------------------------------------------------------------------------------------------
[Est_pos parent] Starting run: 20260511_194352_204806
[Est_pos parent] Time: 2026-05-11 19:43:52.208301
[Est_pos parent] Command:
  C:\ProgramData\Anaconda3\envs\Console\python.exe -u -m Est_pos.estimate_pos_runner --out C:\Users\Dell\AppData\Local\Temp\zopbsp_estpos_jr6ri083\estpos_result.json --session-log logs\estpos_subprocess\estpos_session_20260511_190502.log --run-id 20260511_194352_204806 C:\Pi_loc\05_11_03\RPI1\gps\GPS_RPI1_20260511_194210_Hydro_6673.txt C:\Pi_loc\05_11_03\RPI2\gps\GPS_RPI2_20260511_194210_Hydro_6675.txt C:\Pi_loc\05_11_03\RPI2\gps\GPS_RPI2_20260511_194210_Hydro_6675.txt C:\Pi_loc\05_11_03\RPI1\streaming\RBW6673_20260511_194210.wav C:\Pi_loc\05_11_03\RPI2\streaming\RBW6675_20260511_194210.wav C:\Pi_loc\05_11_03\RPI3\streaming\SAW2624_20260511_194210.wav
[Est_pos parent] Working directory:
  C:\Code\ZOPBSP_Console
----------------------------------------------------------------------------------------------------

==========================================================================================
[Est_pos child] RUN START: 20260511_194352_204806
[Est_pos child] Time: 2026-05-11 19:43:52.457813
[Est_pos child] Input files:
  gps1: C:\Pi_loc\05_11_03\RPI1\gps\GPS_RPI1_20260511_194210_Hydro_6673.txt
  gps2: C:\Pi_loc\05_11_03\RPI2\gps\GPS_RPI2_20260511_194210_Hydro_6675.txt
  gps3: C:\Pi_loc\05_11_03\RPI2\gps\GPS_RPI2_20260511_194210_Hydro_6675.txt
  wav1: C:\Pi_loc\05_11_03\RPI1\streaming\RBW6673_20260511_194210.wav
  wav2: C:\Pi_loc\05_11_03\RPI2\streaming\RBW6675_20260511_194210.wav
  wav3: C:\Pi_loc\05_11_03\RPI3\streaming\SAW2624_20260511_194210.wav
------------------------------------------------------------------------------------------
after import data
C:\ProgramData\Anaconda3\envs\Console\Lib\site-packages\scipy\interpolate\_interpolate.py:497: RuntimeWarning: invalid value encountered in divide
  slope = (y_hi - y_lo) / (x_hi - x_lo)[:, None]
after tdoa
GPS1: [[174210, 53.838145213333334, 17.64881001]]
GPS2: [[174210, 53.83814450500001, 17.648805326666665]]
GPS3: [[174210, 53.83814450500001, 17.648805326666665]]
ref_lat:  53.838145213333334
ref_lon:  17.64881001
aeqd: +proj=aeqd +lat_0=53.838145213333334 +lon_0=17.64881001 +datum=WGS84 +units=m +no_defs +type=crs
fwd: proj=pipeline step proj=unitconvert xy_in=deg xy_out=rad step proj=aeqd lat_0=53.8381452133333 lon_0=17.64881001 x_0=0 y_0=0 ellps=WGS84
inv: proj=pipeline step inv proj=aeqd lat_0=53.8381452133333 lon_0=17.64881001 x_0=0 y_0=0 ellps=WGS84 step proj=unitconvert xy_in=rad xy_out=deg
after make_local_transformer
after H_coord
after tdoa_estimate_mode_6
after filter_est_track_by_radius
------------------------------------------------------------------------------------------
[Est_pos child] RUN OK: 20260511_194352_204806
[Est_pos child] Result length: 1
[Est_pos child] Output JSON: C:\Users\Dell\AppData\Local\Temp\zopbsp_estpos_jr6ri083\estpos_result.json
==========================================================================================

[Est_pos parent] Run finished: 20260511_194352_204806
[Est_pos parent] Return code: 0
[Est_pos parent] JSON exists: True

[Est_pos parent] RUN OK: 20260511_194352_204806
[Est_pos parent] Result length: 1
----------------------------------------------------------------------------------------------------

----------------------------------------------------------------------------------------------------
[Est_pos parent] Starting run: 20260511_194356_023490
[Est_pos parent] Time: 2026-05-11 19:43:56.025490
[Est_pos parent] Command:
  C:\ProgramData\Anaconda3\envs\Console\python.exe -u -m Est_pos.estimate_pos_runner --out C:\Users\Dell\AppData\Local\Temp\zopbsp_estpos_h0grxsfq\estpos_result.json --session-log logs\estpos_subprocess\estpos_session_20260511_190502.log --run-id 20260511_194356_023490 C:\Pi_loc\05_11_03\RPI1\gps\GPS_RPI1_20260511_194210_Hydro_6673.txt C:\Pi_loc\05_11_03\RPI2\gps\GPS_RPI2_20260511_194210_Hydro_6675.txt C:\Pi_loc\05_11_03\RPI3\gps\GPS_RPI3_20260511_194210_Hydro_2624.txt C:\Pi_loc\05_11_03\RPI1\streaming\RBW6673_20260511_194210.wav C:\Pi_loc\05_11_03\RPI2\streaming\RBW6675_20260511_194210.wav C:\Pi_loc\05_11_03\RPI3\streaming\SAW2624_20260511_194210.wav
[Est_pos parent] Working directory:
  C:\Code\ZOPBSP_Console
----------------------------------------------------------------------------------------------------

==========================================================================================
[Est_pos child] RUN START: 20260511_194356_023490
[Est_pos child] Time: 2026-05-11 19:43:56.303610
[Est_pos child] Input files:
  gps1: C:\Pi_loc\05_11_03\RPI1\gps\GPS_RPI1_20260511_194210_Hydro_6673.txt
  gps2: C:\Pi_loc\05_11_03\RPI2\gps\GPS_RPI2_20260511_194210_Hydro_6675.txt
  gps3: C:\Pi_loc\05_11_03\RPI3\gps\GPS_RPI3_20260511_194210_Hydro_2624.txt
  wav1: C:\Pi_loc\05_11_03\RPI1\streaming\RBW6673_20260511_194210.wav
  wav2: C:\Pi_loc\05_11_03\RPI2\streaming\RBW6675_20260511_194210.wav
  wav3: C:\Pi_loc\05_11_03\RPI3\streaming\SAW2624_20260511_194210.wav
------------------------------------------------------------------------------------------
after import data
C:\ProgramData\Anaconda3\envs\Console\Lib\site-packages\scipy\interpolate\_interpolate.py:497: RuntimeWarning: invalid value encountered in divide
  slope = (y_hi - y_lo) / (x_hi - x_lo)[:, None]
after tdoa
GPS1: [[174210, 53.838145213333334, 17.64881001]]
GPS2: [[174210, 53.83814450500001, 17.648805326666665]]
GPS3: [[174210, 53.83818762333333, 17.648796875000002]]
ref_lat:  53.838145213333334
ref_lon:  17.64881001
aeqd: +proj=aeqd +lat_0=53.838145213333334 +lon_0=17.64881001 +datum=WGS84 +units=m +no_defs +type=crs
fwd: proj=pipeline step proj=unitconvert xy_in=deg xy_out=rad step proj=aeqd lat_0=53.8381452133333 lon_0=17.64881001 x_0=0 y_0=0 ellps=WGS84
inv: proj=pipeline step inv proj=aeqd lat_0=53.8381452133333 lon_0=17.64881001 x_0=0 y_0=0 ellps=WGS84 step proj=unitconvert xy_in=rad xy_out=deg
after make_local_transformer
after H_coord
after tdoa_estimate_mode_6
after filter_est_track_by_radius
------------------------------------------------------------------------------------------
[Est_pos child] RUN OK: 20260511_194356_023490
[Est_pos child] Result length: 0
[Est_pos child] Output JSON: C:\Users\Dell\AppData\Local\Temp\zopbsp_estpos_h0grxsfq\estpos_result.json
==========================================================================================

[Est_pos parent] Run finished: 20260511_194356_023490
[Est_pos parent] Return code: 0
[Est_pos parent] JSON exists: True

[Est_pos parent] RUN OK: 20260511_194356_023490
[Est_pos parent] Result length: 0
----------------------------------------------------------------------------------------------------

----------------------------------------------------------------------------------------------------
[Est_pos parent] Starting run: 20260511_194359_807242
[Est_pos parent] Time: 2026-05-11 19:43:59.807242
[Est_pos parent] Command:
  C:\ProgramData\Anaconda3\envs\Console\python.exe -u -m Est_pos.estimate_pos_runner --out C:\Users\Dell\AppData\Local\Temp\zopbsp_estpos_kkmb_f7z\estpos_result.json --session-log logs\estpos_subprocess\estpos_session_20260511_190502.log --run-id 20260511_194359_807242 C:\Pi_loc\05_11_03\RPI1\gps\GPS_RPI1_20260511_194200_Hydro_6673.txt C:\Pi_loc\05_11_03\RPI2\gps\GPS_RPI2_20260511_194200_Hydro_6675.txt C:\Pi_loc\05_11_03\RPI2\gps\GPS_RPI2_20260511_194200_Hydro_6675.txt C:\Pi_loc\05_11_03\RPI1\streaming\RBW6673_20260511_194200.wav C:\Pi_loc\05_11_03\RPI2\streaming\RBW6675_20260511_194200.wav C:\Pi_loc\05_11_03\RPI3\streaming\SAW2624_20260511_194200.wav
[Est_pos parent] Working directory:
  C:\Code\ZOPBSP_Console
----------------------------------------------------------------------------------------------------

==========================================================================================
[Est_pos child] RUN START: 20260511_194359_807242
[Est_pos child] Time: 2026-05-11 19:44:00.047073
[Est_pos child] Input files:
  gps1: C:\Pi_loc\05_11_03\RPI1\gps\GPS_RPI1_20260511_194200_Hydro_6673.txt
  gps2: C:\Pi_loc\05_11_03\RPI2\gps\GPS_RPI2_20260511_194200_Hydro_6675.txt
  gps3: C:\Pi_loc\05_11_03\RPI2\gps\GPS_RPI2_20260511_194200_Hydro_6675.txt
  wav1: C:\Pi_loc\05_11_03\RPI1\streaming\RBW6673_20260511_194200.wav
  wav2: C:\Pi_loc\05_11_03\RPI2\streaming\RBW6675_20260511_194200.wav
  wav3: C:\Pi_loc\05_11_03\RPI3\streaming\SAW2624_20260511_194200.wav
------------------------------------------------------------------------------------------
after import data
C:\ProgramData\Anaconda3\envs\Console\Lib\site-packages\scipy\interpolate\_interpolate.py:497: RuntimeWarning: invalid value encountered in divide
  slope = (y_hi - y_lo) / (x_hi - x_lo)[:, None]
after tdoa
GPS1: [[174200, 53.838144928333335, 17.648810068333333]]
GPS2: [[174200, 53.838144469999996, 17.648805458333335]]
GPS3: [[174200, 53.838144469999996, 17.648805458333335]]
ref_lat:  53.838144928333335
ref_lon:  17.648810068333333
aeqd: +proj=aeqd +lat_0=53.838144928333335 +lon_0=17.648810068333333 +datum=WGS84 +units=m +no_defs +type=crs
fwd: proj=pipeline step proj=unitconvert xy_in=deg xy_out=rad step proj=aeqd lat_0=53.8381449283333 lon_0=17.6488100683333 x_0=0 y_0=0 ellps=WGS84
inv: proj=pipeline step inv proj=aeqd lat_0=53.8381449283333 lon_0=17.6488100683333 x_0=0 y_0=0 ellps=WGS84 step proj=unitconvert xy_in=rad xy_out=deg
after make_local_transformer
after H_coord
after tdoa_estimate_mode_6
after filter_est_track_by_radius
------------------------------------------------------------------------------------------
[Est_pos child] RUN OK: 20260511_194359_807242
[Est_pos child] Result length: 0
[Est_pos child] Output JSON: C:\Users\Dell\AppData\Local\Temp\zopbsp_estpos_kkmb_f7z\estpos_result.json
==========================================================================================

[Est_pos parent] Run finished: 20260511_194359_807242
[Est_pos parent] Return code: 0
[Est_pos parent] JSON exists: True

[Est_pos parent] RUN OK: 20260511_194359_807242
[Est_pos parent] Result length: 0
----------------------------------------------------------------------------------------------------

----------------------------------------------------------------------------------------------------
[Est_pos parent] Starting run: 20260511_194403_714739
[Est_pos parent] Time: 2026-05-11 19:44:03.717277
[Est_pos parent] Command:
  C:\ProgramData\Anaconda3\envs\Console\python.exe -u -m Est_pos.estimate_pos_runner --out C:\Users\Dell\AppData\Local\Temp\zopbsp_estpos_6_0th1vs\estpos_result.json --session-log logs\estpos_subprocess\estpos_session_20260511_190502.log --run-id 20260511_194403_714739 C:\Pi_loc\05_11_03\RPI1\gps\GPS_RPI1_20260511_194200_Hydro_6673.txt C:\Pi_loc\05_11_03\RPI2\gps\GPS_RPI2_20260511_194200_Hydro_6675.txt C:\Pi_loc\05_11_03\RPI3\gps\GPS_RPI3_20260511_194200_Hydro_2624.txt C:\Pi_loc\05_11_03\RPI1\streaming\RBW6673_20260511_194200.wav C:\Pi_loc\05_11_03\RPI2\streaming\RBW6675_20260511_194200.wav C:\Pi_loc\05_11_03\RPI3\streaming\SAW2624_20260511_194200.wav
[Est_pos parent] Working directory:
  C:\Code\ZOPBSP_Console
----------------------------------------------------------------------------------------------------

==========================================================================================
[Est_pos child] RUN START: 20260511_194403_714739
[Est_pos child] Time: 2026-05-11 19:44:04.097152
[Est_pos child] Input files:
  gps1: C:\Pi_loc\05_11_03\RPI1\gps\GPS_RPI1_20260511_194200_Hydro_6673.txt
  gps2: C:\Pi_loc\05_11_03\RPI2\gps\GPS_RPI2_20260511_194200_Hydro_6675.txt
  gps3: C:\Pi_loc\05_11_03\RPI3\gps\GPS_RPI3_20260511_194200_Hydro_2624.txt
  wav1: C:\Pi_loc\05_11_03\RPI1\streaming\RBW6673_20260511_194200.wav
  wav2: C:\Pi_loc\05_11_03\RPI2\streaming\RBW6675_20260511_194200.wav
  wav3: C:\Pi_loc\05_11_03\RPI3\streaming\SAW2624_20260511_194200.wav
------------------------------------------------------------------------------------------
after import data
C:\ProgramData\Anaconda3\envs\Console\Lib\site-packages\scipy\interpolate\_interpolate.py:497: RuntimeWarning: invalid value encountered in divide
  slope = (y_hi - y_lo) / (x_hi - x_lo)[:, None]
after tdoa
GPS1: [[174200, 53.838144928333335, 17.648810068333333]]
GPS2: [[174200, 53.838144469999996, 17.648805458333335]]
GPS3: [[174200, 53.83818825666667, 17.648798175000003]]
ref_lat:  53.838144928333335
ref_lon:  17.648810068333333
aeqd: +proj=aeqd +lat_0=53.838144928333335 +lon_0=17.648810068333333 +datum=WGS84 +units=m +no_defs +type=crs
fwd: proj=pipeline step proj=unitconvert xy_in=deg xy_out=rad step proj=aeqd lat_0=53.8381449283333 lon_0=17.6488100683333 x_0=0 y_0=0 ellps=WGS84
inv: proj=pipeline step inv proj=aeqd lat_0=53.8381449283333 lon_0=17.6488100683333 x_0=0 y_0=0 ellps=WGS84 step proj=unitconvert xy_in=rad xy_out=deg
after make_local_transformer
after H_coord
after tdoa_estimate_mode_6
after filter_est_track_by_radius
------------------------------------------------------------------------------------------
[Est_pos child] RUN OK: 20260511_194403_714739
[Est_pos child] Result length: 0
[Est_pos child] Output JSON: C:\Users\Dell\AppData\Local\Temp\zopbsp_estpos_6_0th1vs\estpos_result.json
==========================================================================================

[Est_pos parent] Run finished: 20260511_194403_714739
[Est_pos parent] Return code: 0
[Est_pos parent] JSON exists: True

[Est_pos parent] RUN OK: 20260511_194403_714739
[Est_pos parent] Result length: 0
----------------------------------------------------------------------------------------------------

----------------------------------------------------------------------------------------------------
[Est_pos parent] Starting run: 20260511_194407_682039
[Est_pos parent] Time: 2026-05-11 19:44:07.687295
[Est_pos parent] Command:
  C:\ProgramData\Anaconda3\envs\Console\python.exe -u -m Est_pos.estimate_pos_runner --out C:\Users\Dell\AppData\Local\Temp\zopbsp_estpos_f8i6dcdw\estpos_result.json --session-log logs\estpos_subprocess\estpos_session_20260511_190502.log --run-id 20260511_194407_682039 C:\Pi_loc\05_11_03\RPI1\gps\GPS_RPI1_20260511_194220_Hydro_6673.txt C:\Pi_loc\05_11_03\RPI2\gps\GPS_RPI2_20260511_194220_Hydro_6675.txt C:\Pi_loc\05_11_03\RPI2\gps\GPS_RPI2_20260511_194220_Hydro_6675.txt C:\Pi_loc\05_11_03\RPI1\streaming\RBW6673_20260511_194220.wav C:\Pi_loc\05_11_03\RPI2\streaming\RBW6675_20260511_194220.wav C:\Pi_loc\05_11_03\RPI3\streaming\SAW2624_20260511_194220.wav
[Est_pos parent] Working directory:
  C:\Code\ZOPBSP_Console
----------------------------------------------------------------------------------------------------

==========================================================================================
[Est_pos child] RUN START: 20260511_194407_682039
[Est_pos child] Time: 2026-05-11 19:44:07.932811
[Est_pos child] Input files:
  gps1: C:\Pi_loc\05_11_03\RPI1\gps\GPS_RPI1_20260511_194220_Hydro_6673.txt
  gps2: C:\Pi_loc\05_11_03\RPI2\gps\GPS_RPI2_20260511_194220_Hydro_6675.txt
  gps3: C:\Pi_loc\05_11_03\RPI2\gps\GPS_RPI2_20260511_194220_Hydro_6675.txt
  wav1: C:\Pi_loc\05_11_03\RPI1\streaming\RBW6673_20260511_194220.wav
  wav2: C:\Pi_loc\05_11_03\RPI2\streaming\RBW6675_20260511_194220.wav
  wav3: C:\Pi_loc\05_11_03\RPI3\streaming\SAW2624_20260511_194220.wav
------------------------------------------------------------------------------------------
after import data
C:\ProgramData\Anaconda3\envs\Console\Lib\site-packages\scipy\interpolate\_interpolate.py:497: RuntimeWarning: invalid value encountered in divide
  slope = (y_hi - y_lo) / (x_hi - x_lo)[:, None]
after tdoa
GPS1: [[174220, 53.838144956666675, 17.648810048333335]]
GPS2: [[174220, 53.83814442166666, 17.648805250000002]]
GPS3: [[174220, 53.83814442166666, 17.648805250000002]]
ref_lat:  53.838144956666675
ref_lon:  17.648810048333335
aeqd: +proj=aeqd +lat_0=53.838144956666675 +lon_0=17.648810048333335 +datum=WGS84 +units=m +no_defs +type=crs
fwd: proj=pipeline step proj=unitconvert xy_in=deg xy_out=rad step proj=aeqd lat_0=53.8381449566667 lon_0=17.6488100483333 x_0=0 y_0=0 ellps=WGS84
inv: proj=pipeline step inv proj=aeqd lat_0=53.8381449566667 lon_0=17.6488100483333 x_0=0 y_0=0 ellps=WGS84 step proj=unitconvert xy_in=rad xy_out=deg
after make_local_transformer
after H_coord
after tdoa_estimate_mode_6
after filter_est_track_by_radius
------------------------------------------------------------------------------------------
[Est_pos child] RUN OK: 20260511_194407_682039
[Est_pos child] Result length: 0
[Est_pos child] Output JSON: C:\Users\Dell\AppData\Local\Temp\zopbsp_estpos_f8i6dcdw\estpos_result.json
==========================================================================================

[Est_pos parent] Run finished: 20260511_194407_682039
[Est_pos parent] Return code: 0
[Est_pos parent] JSON exists: True

[Est_pos parent] RUN OK: 20260511_194407_682039
[Est_pos parent] Result length: 0
----------------------------------------------------------------------------------------------------

----------------------------------------------------------------------------------------------------
[Est_pos parent] Starting run: 20260511_194411_752663
[Est_pos parent] Time: 2026-05-11 19:44:11.756689
[Est_pos parent] Command:
  C:\ProgramData\Anaconda3\envs\Console\python.exe -u -m Est_pos.estimate_pos_runner --out C:\Users\Dell\AppData\Local\Temp\zopbsp_estpos_btcxfm88\estpos_result.json --session-log logs\estpos_subprocess\estpos_session_20260511_190502.log --run-id 20260511_194411_752663 C:\Pi_loc\05_11_03\RPI1\gps\GPS_RPI1_20260511_194220_Hydro_6673.txt C:\Pi_loc\05_11_03\RPI2\gps\GPS_RPI2_20260511_194220_Hydro_6675.txt C:\Pi_loc\05_11_03\RPI3\gps\GPS_RPI3_20260511_194220_Hydro_2624.txt C:\Pi_loc\05_11_03\RPI1\streaming\RBW6673_20260511_194220.wav C:\Pi_loc\05_11_03\RPI2\streaming\RBW6675_20260511_194220.wav C:\Pi_loc\05_11_03\RPI3\streaming\SAW2624_20260511_194220.wav
[Est_pos parent] Working directory:
  C:\Code\ZOPBSP_Console
----------------------------------------------------------------------------------------------------

==========================================================================================
[Est_pos child] RUN START: 20260511_194411_752663
[Est_pos child] Time: 2026-05-11 19:44:11.980166
[Est_pos child] Input files:
  gps1: C:\Pi_loc\05_11_03\RPI1\gps\GPS_RPI1_20260511_194220_Hydro_6673.txt
  gps2: C:\Pi_loc\05_11_03\RPI2\gps\GPS_RPI2_20260511_194220_Hydro_6675.txt
  gps3: C:\Pi_loc\05_11_03\RPI3\gps\GPS_RPI3_20260511_194220_Hydro_2624.txt
  wav1: C:\Pi_loc\05_11_03\RPI1\streaming\RBW6673_20260511_194220.wav
  wav2: C:\Pi_loc\05_11_03\RPI2\streaming\RBW6675_20260511_194220.wav
  wav3: C:\Pi_loc\05_11_03\RPI3\streaming\SAW2624_20260511_194220.wav
------------------------------------------------------------------------------------------
after import data
C:\ProgramData\Anaconda3\envs\Console\Lib\site-packages\scipy\interpolate\_interpolate.py:497: RuntimeWarning: invalid value encountered in divide
  slope = (y_hi - y_lo) / (x_hi - x_lo)[:, None]
after tdoa
GPS1: [[174220, 53.838144956666675, 17.648810048333335]]
GPS2: [[174220, 53.83814442166666, 17.648805250000002]]
GPS3: [[174220, 53.83813157166666, 17.648804053333333]]
ref_lat:  53.838144956666675
ref_lon:  17.648810048333335
aeqd: +proj=aeqd +lat_0=53.838144956666675 +lon_0=17.648810048333335 +datum=WGS84 +units=m +no_defs +type=crs
fwd: proj=pipeline step proj=unitconvert xy_in=deg xy_out=rad step proj=aeqd lat_0=53.8381449566667 lon_0=17.6488100483333 x_0=0 y_0=0 ellps=WGS84
inv: proj=pipeline step inv proj=aeqd lat_0=53.8381449566667 lon_0=17.6488100483333 x_0=0 y_0=0 ellps=WGS84 step proj=unitconvert xy_in=rad xy_out=deg
after make_local_transformer
after H_coord
after tdoa_estimate_mode_6
after filter_est_track_by_radius
------------------------------------------------------------------------------------------
[Est_pos child] RUN OK: 20260511_194411_752663
[Est_pos child] Result length: 0
[Est_pos child] Output JSON: C:\Users\Dell\AppData\Local\Temp\zopbsp_estpos_btcxfm88\estpos_result.json
==========================================================================================

[Est_pos parent] Run finished: 20260511_194411_752663
[Est_pos parent] Return code: 0
[Est_pos parent] JSON exists: True

[Est_pos parent] RUN OK: 20260511_194411_752663
[Est_pos parent] Result length: 0
----------------------------------------------------------------------------------------------------

----------------------------------------------------------------------------------------------------
[Est_pos parent] Starting run: 20260511_194415_634067
[Est_pos parent] Time: 2026-05-11 19:44:15.634067
[Est_pos parent] Command:
  C:\ProgramData\Anaconda3\envs\Console\python.exe -u -m Est_pos.estimate_pos_runner --out C:\Users\Dell\AppData\Local\Temp\zopbsp_estpos_gpk1mv3s\estpos_result.json --session-log logs\estpos_subprocess\estpos_session_20260511_190502.log --run-id 20260511_194415_634067 C:\Pi_loc\05_11_03\RPI1\gps\GPS_RPI1_20260511_194240_Hydro_6673.txt C:\Pi_loc\05_11_03\RPI2\gps\GPS_RPI2_20260511_194240_Hydro_6675.txt C:\Pi_loc\05_11_03\RPI2\gps\GPS_RPI2_20260511_194240_Hydro_6675.txt C:\Pi_loc\05_11_03\RPI1\streaming\RBW6673_20260511_194240.wav C:\Pi_loc\05_11_03\RPI2\streaming\RBW6675_20260511_194240.wav C:\Pi_loc\05_11_03\RPI3\streaming\SAW2624_20260511_194240.wav
[Est_pos parent] Working directory:
  C:\Code\ZOPBSP_Console
----------------------------------------------------------------------------------------------------

==========================================================================================
[Est_pos child] RUN START: 20260511_194415_634067
[Est_pos child] Time: 2026-05-11 19:44:15.871258
[Est_pos child] Input files:
  gps1: C:\Pi_loc\05_11_03\RPI1\gps\GPS_RPI1_20260511_194240_Hydro_6673.txt
  gps2: C:\Pi_loc\05_11_03\RPI2\gps\GPS_RPI2_20260511_194240_Hydro_6675.txt
  gps3: C:\Pi_loc\05_11_03\RPI2\gps\GPS_RPI2_20260511_194240_Hydro_6675.txt
  wav1: C:\Pi_loc\05_11_03\RPI1\streaming\RBW6673_20260511_194240.wav
  wav2: C:\Pi_loc\05_11_03\RPI2\streaming\RBW6675_20260511_194240.wav
  wav3: C:\Pi_loc\05_11_03\RPI3\streaming\SAW2624_20260511_194240.wav
------------------------------------------------------------------------------------------
after import data
C:\ProgramData\Anaconda3\envs\Console\Lib\site-packages\scipy\interpolate\_interpolate.py:497: RuntimeWarning: invalid value encountered in divide
  slope = (y_hi - y_lo) / (x_hi - x_lo)[:, None]
after tdoa
GPS1: [[174240, 53.83814486833333, 17.648810051666665]]
GPS2: [[174240, 53.838144311666674, 17.648805473333333]]
GPS3: [[174240, 53.838144311666674, 17.648805473333333]]
ref_lat:  53.83814486833333
ref_lon:  17.648810051666665
aeqd: +proj=aeqd +lat_0=53.83814486833333 +lon_0=17.648810051666665 +datum=WGS84 +units=m +no_defs +type=crs
fwd: proj=pipeline step proj=unitconvert xy_in=deg xy_out=rad step proj=aeqd lat_0=53.8381448683333 lon_0=17.6488100516667 x_0=0 y_0=0 ellps=WGS84
inv: proj=pipeline step inv proj=aeqd lat_0=53.8381448683333 lon_0=17.6488100516667 x_0=0 y_0=0 ellps=WGS84 step proj=unitconvert xy_in=rad xy_out=deg
after make_local_transformer
after H_coord
after tdoa_estimate_mode_6
after filter_est_track_by_radius
------------------------------------------------------------------------------------------
[Est_pos child] RUN OK: 20260511_194415_634067
[Est_pos child] Result length: 1
[Est_pos child] Output JSON: C:\Users\Dell\AppData\Local\Temp\zopbsp_estpos_gpk1mv3s\estpos_result.json
==========================================================================================

[Est_pos parent] Run finished: 20260511_194415_634067
[Est_pos parent] Return code: 0
[Est_pos parent] JSON exists: True

[Est_pos parent] RUN OK: 20260511_194415_634067
[Est_pos parent] Result length: 1
----------------------------------------------------------------------------------------------------

----------------------------------------------------------------------------------------------------
[Est_pos parent] Starting run: 20260511_194419_334193
[Est_pos parent] Time: 2026-05-11 19:44:19.334193
[Est_pos parent] Command:
  C:\ProgramData\Anaconda3\envs\Console\python.exe -u -m Est_pos.estimate_pos_runner --out C:\Users\Dell\AppData\Local\Temp\zopbsp_estpos_5y0bafwa\estpos_result.json --session-log logs\estpos_subprocess\estpos_session_20260511_190502.log --run-id 20260511_194419_334193 C:\Pi_loc\05_11_03\RPI1\gps\GPS_RPI1_20260511_194240_Hydro_6673.txt C:\Pi_loc\05_11_03\RPI2\gps\GPS_RPI2_20260511_194240_Hydro_6675.txt C:\Pi_loc\05_11_03\RPI3\gps\GPS_RPI3_20260511_194240_Hydro_2624.txt C:\Pi_loc\05_11_03\RPI1\streaming\RBW6673_20260511_194240.wav C:\Pi_loc\05_11_03\RPI2\streaming\RBW6675_20260511_194240.wav C:\Pi_loc\05_11_03\RPI3\streaming\SAW2624_20260511_194240.wav
[Est_pos parent] Working directory:
  C:\Code\ZOPBSP_Console
----------------------------------------------------------------------------------------------------

==========================================================================================
[Est_pos child] RUN START: 20260511_194419_334193
[Est_pos child] Time: 2026-05-11 19:44:19.603620
[Est_pos child] Input files:
  gps1: C:\Pi_loc\05_11_03\RPI1\gps\GPS_RPI1_20260511_194240_Hydro_6673.txt
  gps2: C:\Pi_loc\05_11_03\RPI2\gps\GPS_RPI2_20260511_194240_Hydro_6675.txt
  gps3: C:\Pi_loc\05_11_03\RPI3\gps\GPS_RPI3_20260511_194240_Hydro_2624.txt
  wav1: C:\Pi_loc\05_11_03\RPI1\streaming\RBW6673_20260511_194240.wav
  wav2: C:\Pi_loc\05_11_03\RPI2\streaming\RBW6675_20260511_194240.wav
  wav3: C:\Pi_loc\05_11_03\RPI3\streaming\SAW2624_20260511_194240.wav
------------------------------------------------------------------------------------------
after import data
C:\ProgramData\Anaconda3\envs\Console\Lib\site-packages\scipy\interpolate\_interpolate.py:497: RuntimeWarning: invalid value encountered in divide
  slope = (y_hi - y_lo) / (x_hi - x_lo)[:, None]
after tdoa
GPS1: [[174240, 53.83814486833333, 17.648810051666665]]
GPS2: [[174240, 53.838144311666674, 17.648805473333333]]
GPS3: [[174240, 53.838137579999994, 17.648822373333335]]
ref_lat:  53.83814486833333
ref_lon:  17.648810051666665
aeqd: +proj=aeqd +lat_0=53.83814486833333 +lon_0=17.648810051666665 +datum=WGS84 +units=m +no_defs +type=crs
fwd: proj=pipeline step proj=unitconvert xy_in=deg xy_out=rad step proj=aeqd lat_0=53.8381448683333 lon_0=17.6488100516667 x_0=0 y_0=0 ellps=WGS84
inv: proj=pipeline step inv proj=aeqd lat_0=53.8381448683333 lon_0=17.6488100516667 x_0=0 y_0=0 ellps=WGS84 step proj=unitconvert xy_in=rad xy_out=deg
after make_local_transformer
after H_coord
after tdoa_estimate_mode_6
after filter_est_track_by_radius
------------------------------------------------------------------------------------------
[Est_pos child] RUN OK: 20260511_194419_334193
[Est_pos child] Result length: 0
[Est_pos child] Output JSON: C:\Users\Dell\AppData\Local\Temp\zopbsp_estpos_5y0bafwa\estpos_result.json
==========================================================================================

[Est_pos parent] Run finished: 20260511_194419_334193
[Est_pos parent] Return code: 0
[Est_pos parent] JSON exists: True

[Est_pos parent] RUN OK: 20260511_194419_334193
[Est_pos parent] Result length: 0
----------------------------------------------------------------------------------------------------

----------------------------------------------------------------------------------------------------
[Est_pos parent] Starting run: 20260511_194423_197236
[Est_pos parent] Time: 2026-05-11 19:44:23.197236
[Est_pos parent] Command:
  C:\ProgramData\Anaconda3\envs\Console\python.exe -u -m Est_pos.estimate_pos_runner --out C:\Users\Dell\AppData\Local\Temp\zopbsp_estpos_ufnznass\estpos_result.json --session-log logs\estpos_subprocess\estpos_session_20260511_190502.log --run-id 20260511_194423_197236 C:\Pi_loc\05_11_03\RPI1\gps\GPS_RPI1_20260511_194230_Hydro_6673.txt C:\Pi_loc\05_11_03\RPI2\gps\GPS_RPI2_20260511_194230_Hydro_6675.txt C:\Pi_loc\05_11_03\RPI2\gps\GPS_RPI2_20260511_194230_Hydro_6675.txt C:\Pi_loc\05_11_03\RPI1\streaming\RBW6673_20260511_194230.wav C:\Pi_loc\05_11_03\RPI2\streaming\RBW6675_20260511_194230.wav C:\Pi_loc\05_11_03\RPI3\streaming\SAW2624_20260511_194230.wav
[Est_pos parent] Working directory:
  C:\Code\ZOPBSP_Console
----------------------------------------------------------------------------------------------------

==========================================================================================
[Est_pos child] RUN START: 20260511_194423_197236
[Est_pos child] Time: 2026-05-11 19:44:23.427677
[Est_pos child] Input files:
  gps1: C:\Pi_loc\05_11_03\RPI1\gps\GPS_RPI1_20260511_194230_Hydro_6673.txt
  gps2: C:\Pi_loc\05_11_03\RPI2\gps\GPS_RPI2_20260511_194230_Hydro_6675.txt
  gps3: C:\Pi_loc\05_11_03\RPI2\gps\GPS_RPI2_20260511_194230_Hydro_6675.txt
  wav1: C:\Pi_loc\05_11_03\RPI1\streaming\RBW6673_20260511_194230.wav
  wav2: C:\Pi_loc\05_11_03\RPI2\streaming\RBW6675_20260511_194230.wav
  wav3: C:\Pi_loc\05_11_03\RPI3\streaming\SAW2624_20260511_194230.wav
------------------------------------------------------------------------------------------
after import data
C:\ProgramData\Anaconda3\envs\Console\Lib\site-packages\scipy\interpolate\_interpolate.py:497: RuntimeWarning: invalid value encountered in divide
  slope = (y_hi - y_lo) / (x_hi - x_lo)[:, None]
after tdoa
GPS1: [[174230, 53.83814484166666, 17.64881009666667]]
GPS2: [[174230, 53.838144488333334, 17.648805355]]
GPS3: [[174230, 53.838144488333334, 17.648805355]]
ref_lat:  53.83814484166666
ref_lon:  17.64881009666667
aeqd: +proj=aeqd +lat_0=53.83814484166666 +lon_0=17.64881009666667 +datum=WGS84 +units=m +no_defs +type=crs
fwd: proj=pipeline step proj=unitconvert xy_in=deg xy_out=rad step proj=aeqd lat_0=53.8381448416667 lon_0=17.6488100966667 x_0=0 y_0=0 ellps=WGS84
inv: proj=pipeline step inv proj=aeqd lat_0=53.8381448416667 lon_0=17.6488100966667 x_0=0 y_0=0 ellps=WGS84 step proj=unitconvert xy_in=rad xy_out=deg
after make_local_transformer
after H_coord
after tdoa_estimate_mode_6
after filter_est_track_by_radius
------------------------------------------------------------------------------------------
[Est_pos child] RUN OK: 20260511_194423_197236
[Est_pos child] Result length: 0
[Est_pos child] Output JSON: C:\Users\Dell\AppData\Local\Temp\zopbsp_estpos_ufnznass\estpos_result.json
==========================================================================================

[Est_pos parent] Run finished: 20260511_194423_197236
[Est_pos parent] Return code: 0
[Est_pos parent] JSON exists: True

[Est_pos parent] RUN OK: 20260511_194423_197236
[Est_pos parent] Result length: 0
----------------------------------------------------------------------------------------------------

----------------------------------------------------------------------------------------------------
[Est_pos parent] Starting run: 20260511_194427_019693
[Est_pos parent] Time: 2026-05-11 19:44:27.021451
[Est_pos parent] Command:
  C:\ProgramData\Anaconda3\envs\Console\python.exe -u -m Est_pos.estimate_pos_runner --out C:\Users\Dell\AppData\Local\Temp\zopbsp_estpos_emg8i78q\estpos_result.json --session-log logs\estpos_subprocess\estpos_session_20260511_190502.log --run-id 20260511_194427_019693 C:\Pi_loc\05_11_03\RPI1\gps\GPS_RPI1_20260511_194230_Hydro_6673.txt C:\Pi_loc\05_11_03\RPI2\gps\GPS_RPI2_20260511_194230_Hydro_6675.txt C:\Pi_loc\05_11_03\RPI3\gps\GPS_RPI3_20260511_194230_Hydro_2624.txt C:\Pi_loc\05_11_03\RPI1\streaming\RBW6673_20260511_194230.wav C:\Pi_loc\05_11_03\RPI2\streaming\RBW6675_20260511_194230.wav C:\Pi_loc\05_11_03\RPI3\streaming\SAW2624_20260511_194230.wav
[Est_pos parent] Working directory:
  C:\Code\ZOPBSP_Console
----------------------------------------------------------------------------------------------------

==========================================================================================
[Est_pos child] RUN START: 20260511_194427_019693
[Est_pos child] Time: 2026-05-11 19:44:27.293604
[Est_pos child] Input files:
  gps1: C:\Pi_loc\05_11_03\RPI1\gps\GPS_RPI1_20260511_194230_Hydro_6673.txt
  gps2: C:\Pi_loc\05_11_03\RPI2\gps\GPS_RPI2_20260511_194230_Hydro_6675.txt
  gps3: C:\Pi_loc\05_11_03\RPI3\gps\GPS_RPI3_20260511_194230_Hydro_2624.txt
  wav1: C:\Pi_loc\05_11_03\RPI1\streaming\RBW6673_20260511_194230.wav
  wav2: C:\Pi_loc\05_11_03\RPI2\streaming\RBW6675_20260511_194230.wav
  wav3: C:\Pi_loc\05_11_03\RPI3\streaming\SAW2624_20260511_194230.wav
------------------------------------------------------------------------------------------
after import data
C:\ProgramData\Anaconda3\envs\Console\Lib\site-packages\scipy\interpolate\_interpolate.py:497: RuntimeWarning: invalid value encountered in divide
  slope = (y_hi - y_lo) / (x_hi - x_lo)[:, None]
after tdoa
GPS1: [[174230, 53.83814484166666, 17.64881009666667]]
GPS2: [[174230, 53.838144488333334, 17.648805355]]
GPS3: [[174230, 53.83813472, 17.648806665]]
ref_lat:  53.83814484166666
ref_lon:  17.64881009666667
aeqd: +proj=aeqd +lat_0=53.83814484166666 +lon_0=17.64881009666667 +datum=WGS84 +units=m +no_defs +type=crs
fwd: proj=pipeline step proj=unitconvert xy_in=deg xy_out=rad step proj=aeqd lat_0=53.8381448416667 lon_0=17.6488100966667 x_0=0 y_0=0 ellps=WGS84
inv: proj=pipeline step inv proj=aeqd lat_0=53.8381448416667 lon_0=17.6488100966667 x_0=0 y_0=0 ellps=WGS84 step proj=unitconvert xy_in=rad xy_out=deg
after make_local_transformer
after H_coord
after tdoa_estimate_mode_6
after filter_est_track_by_radius
------------------------------------------------------------------------------------------
[Est_pos child] RUN OK: 20260511_194427_019693
[Est_pos child] Result length: 0
[Est_pos child] Output JSON: C:\Users\Dell\AppData\Local\Temp\zopbsp_estpos_emg8i78q\estpos_result.json
==========================================================================================

[Est_pos parent] Run finished: 20260511_194427_019693
[Est_pos parent] Return code: 0
[Est_pos parent] JSON exists: True

[Est_pos parent] RUN OK: 20260511_194427_019693
[Est_pos parent] Result length: 0
----------------------------------------------------------------------------------------------------

----------------------------------------------------------------------------------------------------
[Est_pos parent] Starting run: 20260511_194430_840401
[Est_pos parent] Time: 2026-05-11 19:44:30.846538
[Est_pos parent] Command:
  C:\ProgramData\Anaconda3\envs\Console\python.exe -u -m Est_pos.estimate_pos_runner --out C:\Users\Dell\AppData\Local\Temp\zopbsp_estpos_nlq7h2z6\estpos_result.json --session-log logs\estpos_subprocess\estpos_session_20260511_190502.log --run-id 20260511_194430_840401 C:\Pi_loc\05_11_03\RPI1\gps\GPS_RPI1_20260511_194250_Hydro_6673.txt C:\Pi_loc\05_11_03\RPI2\gps\GPS_RPI2_20260511_194250_Hydro_6675.txt C:\Pi_loc\05_11_03\RPI2\gps\GPS_RPI2_20260511_194250_Hydro_6675.txt C:\Pi_loc\05_11_03\RPI1\streaming\RBW6673_20260511_194250.wav C:\Pi_loc\05_11_03\RPI2\streaming\RBW6675_20260511_194250.wav C:\Pi_loc\05_11_03\RPI3\streaming\SAW2624_20260511_194250.wav
[Est_pos parent] Working directory:
  C:\Code\ZOPBSP_Console
----------------------------------------------------------------------------------------------------

==========================================================================================
[Est_pos child] RUN START: 20260511_194430_840401
[Est_pos child] Time: 2026-05-11 19:44:31.075308
[Est_pos child] Input files:
  gps1: C:\Pi_loc\05_11_03\RPI1\gps\GPS_RPI1_20260511_194250_Hydro_6673.txt
  gps2: C:\Pi_loc\05_11_03\RPI2\gps\GPS_RPI2_20260511_194250_Hydro_6675.txt
  gps3: C:\Pi_loc\05_11_03\RPI2\gps\GPS_RPI2_20260511_194250_Hydro_6675.txt
  wav1: C:\Pi_loc\05_11_03\RPI1\streaming\RBW6673_20260511_194250.wav
  wav2: C:\Pi_loc\05_11_03\RPI2\streaming\RBW6675_20260511_194250.wav
  wav3: C:\Pi_loc\05_11_03\RPI3\streaming\SAW2624_20260511_194250.wav
------------------------------------------------------------------------------------------
after import data
C:\ProgramData\Anaconda3\envs\Console\Lib\site-packages\scipy\interpolate\_interpolate.py:497: RuntimeWarning: invalid value encountered in divide
  slope = (y_hi - y_lo) / (x_hi - x_lo)[:, None]
after tdoa
GPS1: [[174250, 53.838144740000004, 17.648810079999997]]
GPS2: [[174250, 53.838144085, 17.648805423333332]]
GPS3: [[174250, 53.838144085, 17.648805423333332]]
ref_lat:  53.838144740000004
ref_lon:  17.648810079999997
aeqd: +proj=aeqd +lat_0=53.838144740000004 +lon_0=17.648810079999997 +datum=WGS84 +units=m +no_defs +type=crs
fwd: proj=pipeline step proj=unitconvert xy_in=deg xy_out=rad step proj=aeqd lat_0=53.83814474 lon_0=17.64881008 x_0=0 y_0=0 ellps=WGS84
inv: proj=pipeline step inv proj=aeqd lat_0=53.83814474 lon_0=17.64881008 x_0=0 y_0=0 ellps=WGS84 step proj=unitconvert xy_in=rad xy_out=deg
after make_local_transformer
after H_coord
after tdoa_estimate_mode_6
after filter_est_track_by_radius
------------------------------------------------------------------------------------------
[Est_pos child] RUN OK: 20260511_194430_840401
[Est_pos child] Result length: 0
[Est_pos child] Output JSON: C:\Users\Dell\AppData\Local\Temp\zopbsp_estpos_nlq7h2z6\estpos_result.json
==========================================================================================

[Est_pos parent] Run finished: 20260511_194430_840401
[Est_pos parent] Return code: 0
[Est_pos parent] JSON exists: True

[Est_pos parent] RUN OK: 20260511_194430_840401
[Est_pos parent] Result length: 0
----------------------------------------------------------------------------------------------------

----------------------------------------------------------------------------------------------------
[Est_pos parent] Starting run: 20260511_194434_638388
[Est_pos parent] Time: 2026-05-11 19:44:34.640399
[Est_pos parent] Command:
  C:\ProgramData\Anaconda3\envs\Console\python.exe -u -m Est_pos.estimate_pos_runner --out C:\Users\Dell\AppData\Local\Temp\zopbsp_estpos_72yjk1sx\estpos_result.json --session-log logs\estpos_subprocess\estpos_session_20260511_190502.log --run-id 20260511_194434_638388 C:\Pi_loc\05_11_03\RPI1\gps\GPS_RPI1_20260511_194250_Hydro_6673.txt C:\Pi_loc\05_11_03\RPI2\gps\GPS_RPI2_20260511_194250_Hydro_6675.txt C:\Pi_loc\05_11_03\RPI3\gps\GPS_RPI3_20260511_194250_Hydro_2624.txt C:\Pi_loc\05_11_03\RPI1\streaming\RBW6673_20260511_194250.wav C:\Pi_loc\05_11_03\RPI2\streaming\RBW6675_20260511_194250.wav C:\Pi_loc\05_11_03\RPI3\streaming\SAW2624_20260511_194250.wav
[Est_pos parent] Working directory:
  C:\Code\ZOPBSP_Console
----------------------------------------------------------------------------------------------------

==========================================================================================
[Est_pos child] RUN START: 20260511_194434_638388
[Est_pos child] Time: 2026-05-11 19:44:34.905738
[Est_pos child] Input files:
  gps1: C:\Pi_loc\05_11_03\RPI1\gps\GPS_RPI1_20260511_194250_Hydro_6673.txt
  gps2: C:\Pi_loc\05_11_03\RPI2\gps\GPS_RPI2_20260511_194250_Hydro_6675.txt
  gps3: C:\Pi_loc\05_11_03\RPI3\gps\GPS_RPI3_20260511_194250_Hydro_2624.txt
  wav1: C:\Pi_loc\05_11_03\RPI1\streaming\RBW6673_20260511_194250.wav
  wav2: C:\Pi_loc\05_11_03\RPI2\streaming\RBW6675_20260511_194250.wav
  wav3: C:\Pi_loc\05_11_03\RPI3\streaming\SAW2624_20260511_194250.wav
------------------------------------------------------------------------------------------
after import data
C:\ProgramData\Anaconda3\envs\Console\Lib\site-packages\scipy\interpolate\_interpolate.py:497: RuntimeWarning: invalid value encountered in divide
  slope = (y_hi - y_lo) / (x_hi - x_lo)[:, None]
after tdoa
GPS1: [[174250, 53.838144740000004, 17.648810079999997]]
GPS2: [[174250, 53.838144085, 17.648805423333332]]
GPS3: [[174250, 53.83813794833333, 17.648834325]]
ref_lat:  53.838144740000004
ref_lon:  17.648810079999997
aeqd: +proj=aeqd +lat_0=53.838144740000004 +lon_0=17.648810079999997 +datum=WGS84 +units=m +no_defs +type=crs
fwd: proj=pipeline step proj=unitconvert xy_in=deg xy_out=rad step proj=aeqd lat_0=53.83814474 lon_0=17.64881008 x_0=0 y_0=0 ellps=WGS84
inv: proj=pipeline step inv proj=aeqd lat_0=53.83814474 lon_0=17.64881008 x_0=0 y_0=0 ellps=WGS84 step proj=unitconvert xy_in=rad xy_out=deg
after make_local_transformer
after H_coord
after tdoa_estimate_mode_6
after filter_est_track_by_radius
------------------------------------------------------------------------------------------
[Est_pos child] RUN OK: 20260511_194434_638388
[Est_pos child] Result length: 0
[Est_pos child] Output JSON: C:\Users\Dell\AppData\Local\Temp\zopbsp_estpos_72yjk1sx\estpos_result.json
==========================================================================================

[Est_pos parent] Run finished: 20260511_194434_638388
[Est_pos parent] Return code: 0
[Est_pos parent] JSON exists: True

[Est_pos parent] RUN OK: 20260511_194434_638388
[Est_pos parent] Result length: 0
----------------------------------------------------------------------------------------------------

----------------------------------------------------------------------------------------------------
[Est_pos parent] Starting run: 20260511_194438_668738
[Est_pos parent] Time: 2026-05-11 19:44:38.668738
[Est_pos parent] Command:
  C:\ProgramData\Anaconda3\envs\Console\python.exe -u -m Est_pos.estimate_pos_runner --out C:\Users\Dell\AppData\Local\Temp\zopbsp_estpos_rvbnv_y_\estpos_result.json --session-log logs\estpos_subprocess\estpos_session_20260511_190502.log --run-id 20260511_194438_668738 C:\Pi_loc\05_11_03\RPI1\gps\GPS_RPI1_20260511_194300_Hydro_6673.txt C:\Pi_loc\05_11_03\RPI2\gps\GPS_RPI2_20260511_194300_Hydro_6675.txt C:\Pi_loc\05_11_03\RPI2\gps\GPS_RPI2_20260511_194300_Hydro_6675.txt C:\Pi_loc\05_11_03\RPI1\streaming\RBW6673_20260511_194300.wav C:\Pi_loc\05_11_03\RPI2\streaming\RBW6675_20260511_194300.wav C:\Pi_loc\05_11_03\RPI3\streaming\SAW2624_20260511_194300.wav
[Est_pos parent] Working directory:
  C:\Code\ZOPBSP_Console
----------------------------------------------------------------------------------------------------

==========================================================================================
[Est_pos child] RUN START: 20260511_194438_668738
[Est_pos child] Time: 2026-05-11 19:44:38.919071
[Est_pos child] Input files:
  gps1: C:\Pi_loc\05_11_03\RPI1\gps\GPS_RPI1_20260511_194300_Hydro_6673.txt
  gps2: C:\Pi_loc\05_11_03\RPI2\gps\GPS_RPI2_20260511_194300_Hydro_6675.txt
  gps3: C:\Pi_loc\05_11_03\RPI2\gps\GPS_RPI2_20260511_194300_Hydro_6675.txt
  wav1: C:\Pi_loc\05_11_03\RPI1\streaming\RBW6673_20260511_194300.wav
  wav2: C:\Pi_loc\05_11_03\RPI2\streaming\RBW6675_20260511_194300.wav
  wav3: C:\Pi_loc\05_11_03\RPI3\streaming\SAW2624_20260511_194300.wav
------------------------------------------------------------------------------------------
after import data
C:\ProgramData\Anaconda3\envs\Console\Lib\site-packages\scipy\interpolate\_interpolate.py:497: RuntimeWarning: invalid value encountered in divide
  slope = (y_hi - y_lo) / (x_hi - x_lo)[:, None]
after tdoa
GPS1: [[174300, 53.83814477166667, 17.648810036666664]]
GPS2: [[174300, 53.83814416, 17.64880544]]
GPS3: [[174300, 53.83814416, 17.64880544]]
ref_lat:  53.83814477166667
ref_lon:  17.648810036666664
aeqd: +proj=aeqd +lat_0=53.83814477166667 +lon_0=17.648810036666664 +datum=WGS84 +units=m +no_defs +type=crs
fwd: proj=pipeline step proj=unitconvert xy_in=deg xy_out=rad step proj=aeqd lat_0=53.8381447716667 lon_0=17.6488100366667 x_0=0 y_0=0 ellps=WGS84
inv: proj=pipeline step inv proj=aeqd lat_0=53.8381447716667 lon_0=17.6488100366667 x_0=0 y_0=0 ellps=WGS84 step proj=unitconvert xy_in=rad xy_out=deg
after make_local_transformer
after H_coord
after tdoa_estimate_mode_6
after filter_est_track_by_radius
------------------------------------------------------------------------------------------
[Est_pos child] RUN OK: 20260511_194438_668738
[Est_pos child] Result length: 0
[Est_pos child] Output JSON: C:\Users\Dell\AppData\Local\Temp\zopbsp_estpos_rvbnv_y_\estpos_result.json
==========================================================================================

[Est_pos parent] Run finished: 20260511_194438_668738
[Est_pos parent] Return code: 0
[Est_pos parent] JSON exists: True

[Est_pos parent] RUN OK: 20260511_194438_668738
[Est_pos parent] Result length: 0
----------------------------------------------------------------------------------------------------

----------------------------------------------------------------------------------------------------
[Est_pos parent] Starting run: 20260511_194442_594581
[Est_pos parent] Time: 2026-05-11 19:44:42.596340
[Est_pos parent] Command:
  C:\ProgramData\Anaconda3\envs\Console\python.exe -u -m Est_pos.estimate_pos_runner --out C:\Users\Dell\AppData\Local\Temp\zopbsp_estpos_0o74jh5j\estpos_result.json --session-log logs\estpos_subprocess\estpos_session_20260511_190502.log --run-id 20260511_194442_594581 C:\Pi_loc\05_11_03\RPI1\gps\GPS_RPI1_20260511_194300_Hydro_6673.txt C:\Pi_loc\05_11_03\RPI2\gps\GPS_RPI2_20260511_194300_Hydro_6675.txt C:\Pi_loc\05_11_03\RPI3\gps\GPS_RPI3_20260511_194300_Hydro_2624.txt C:\Pi_loc\05_11_03\RPI1\streaming\RBW6673_20260511_194300.wav C:\Pi_loc\05_11_03\RPI2\streaming\RBW6675_20260511_194300.wav C:\Pi_loc\05_11_03\RPI3\streaming\SAW2624_20260511_194300.wav
[Est_pos parent] Working directory:
  C:\Code\ZOPBSP_Console
----------------------------------------------------------------------------------------------------

==========================================================================================
[Est_pos child] RUN START: 20260511_194442_594581
[Est_pos child] Time: 2026-05-11 19:44:42.843868
[Est_pos child] Input files:
  gps1: C:\Pi_loc\05_11_03\RPI1\gps\GPS_RPI1_20260511_194300_Hydro_6673.txt
  gps2: C:\Pi_loc\05_11_03\RPI2\gps\GPS_RPI2_20260511_194300_Hydro_6675.txt
  gps3: C:\Pi_loc\05_11_03\RPI3\gps\GPS_RPI3_20260511_194300_Hydro_2624.txt
  wav1: C:\Pi_loc\05_11_03\RPI1\streaming\RBW6673_20260511_194300.wav
  wav2: C:\Pi_loc\05_11_03\RPI2\streaming\RBW6675_20260511_194300.wav
  wav3: C:\Pi_loc\05_11_03\RPI3\streaming\SAW2624_20260511_194300.wav
------------------------------------------------------------------------------------------
after import data
C:\ProgramData\Anaconda3\envs\Console\Lib\site-packages\scipy\interpolate\_interpolate.py:497: RuntimeWarning: invalid value encountered in divide
  slope = (y_hi - y_lo) / (x_hi - x_lo)[:, None]
after tdoa
GPS1: [[174300, 53.83814477166667, 17.648810036666664]]
GPS2: [[174300, 53.83814416, 17.64880544]]
GPS3: [[174300, 53.838141166666674, 17.648831111666667]]
ref_lat:  53.83814477166667
ref_lon:  17.648810036666664
aeqd: +proj=aeqd +lat_0=53.83814477166667 +lon_0=17.648810036666664 +datum=WGS84 +units=m +no_defs +type=crs
fwd: proj=pipeline step proj=unitconvert xy_in=deg xy_out=rad step proj=aeqd lat_0=53.8381447716667 lon_0=17.6488100366667 x_0=0 y_0=0 ellps=WGS84
inv: proj=pipeline step inv proj=aeqd lat_0=53.8381447716667 lon_0=17.6488100366667 x_0=0 y_0=0 ellps=WGS84 step proj=unitconvert xy_in=rad xy_out=deg
after make_local_transformer
after H_coord
after tdoa_estimate_mode_6
after filter_est_track_by_radius
------------------------------------------------------------------------------------------
[Est_pos child] RUN OK: 20260511_194442_594581
[Est_pos child] Result length: 0
[Est_pos child] Output JSON: C:\Users\Dell\AppData\Local\Temp\zopbsp_estpos_0o74jh5j\estpos_result.json
==========================================================================================

[Est_pos parent] Run finished: 20260511_194442_594581
[Est_pos parent] Return code: 0
[Est_pos parent] JSON exists: True

[Est_pos parent] RUN OK: 20260511_194442_594581
[Est_pos parent] Result length: 0
----------------------------------------------------------------------------------------------------

----------------------------------------------------------------------------------------------------
[Est_pos parent] Starting run: 20260511_194446_472098
[Est_pos parent] Time: 2026-05-11 19:44:46.473613
[Est_pos parent] Command:
  C:\ProgramData\Anaconda3\envs\Console\python.exe -u -m Est_pos.estimate_pos_runner --out C:\Users\Dell\AppData\Local\Temp\zopbsp_estpos_syzdt1lq\estpos_result.json --session-log logs\estpos_subprocess\estpos_session_20260511_190502.log --run-id 20260511_194446_472098 C:\Pi_loc\05_11_03\RPI1\gps\GPS_RPI1_20260511_194310_Hydro_6673.txt C:\Pi_loc\05_11_03\RPI2\gps\GPS_RPI2_20260511_194310_Hydro_6675.txt C:\Pi_loc\05_11_03\RPI2\gps\GPS_RPI2_20260511_194310_Hydro_6675.txt C:\Pi_loc\05_11_03\RPI1\streaming\RBW6673_20260511_194310.wav C:\Pi_loc\05_11_03\RPI2\streaming\RBW6675_20260511_194310.wav C:\Pi_loc\05_11_03\RPI3\streaming\SAW2624_20260511_194310.wav
[Est_pos parent] Working directory:
  C:\Code\ZOPBSP_Console
----------------------------------------------------------------------------------------------------

==========================================================================================
[Est_pos child] RUN START: 20260511_194446_472098
[Est_pos child] Time: 2026-05-11 19:44:46.711079
[Est_pos child] Input files:
  gps1: C:\Pi_loc\05_11_03\RPI1\gps\GPS_RPI1_20260511_194310_Hydro_6673.txt
  gps2: C:\Pi_loc\05_11_03\RPI2\gps\GPS_RPI2_20260511_194310_Hydro_6675.txt
  gps3: C:\Pi_loc\05_11_03\RPI2\gps\GPS_RPI2_20260511_194310_Hydro_6675.txt
  wav1: C:\Pi_loc\05_11_03\RPI1\streaming\RBW6673_20260511_194310.wav
  wav2: C:\Pi_loc\05_11_03\RPI2\streaming\RBW6675_20260511_194310.wav
  wav3: C:\Pi_loc\05_11_03\RPI3\streaming\SAW2624_20260511_194310.wav
------------------------------------------------------------------------------------------
after import data
C:\ProgramData\Anaconda3\envs\Console\Lib\site-packages\scipy\interpolate\_interpolate.py:497: RuntimeWarning: invalid value encountered in divide
  slope = (y_hi - y_lo) / (x_hi - x_lo)[:, None]
after tdoa
GPS1: [[174310, 53.83814458666667, 17.648810083333334]]
GPS2: [[174310, 53.83814416333333, 17.648805346666666]]
GPS3: [[174310, 53.83814416333333, 17.648805346666666]]
ref_lat:  53.83814458666667
ref_lon:  17.648810083333334
aeqd: +proj=aeqd +lat_0=53.83814458666667 +lon_0=17.648810083333334 +datum=WGS84 +units=m +no_defs +type=crs
fwd: proj=pipeline step proj=unitconvert xy_in=deg xy_out=rad step proj=aeqd lat_0=53.8381445866667 lon_0=17.6488100833333 x_0=0 y_0=0 ellps=WGS84
inv: proj=pipeline step inv proj=aeqd lat_0=53.8381445866667 lon_0=17.6488100833333 x_0=0 y_0=0 ellps=WGS84 step proj=unitconvert xy_in=rad xy_out=deg
after make_local_transformer
after H_coord
after tdoa_estimate_mode_6
after filter_est_track_by_radius
------------------------------------------------------------------------------------------
[Est_pos child] RUN OK: 20260511_194446_472098
[Est_pos child] Result length: 0
[Est_pos child] Output JSON: C:\Users\Dell\AppData\Local\Temp\zopbsp_estpos_syzdt1lq\estpos_result.json
==========================================================================================

[Est_pos parent] Run finished: 20260511_194446_472098
[Est_pos parent] Return code: 0
[Est_pos parent] JSON exists: True

[Est_pos parent] RUN OK: 20260511_194446_472098
[Est_pos parent] Result length: 0
----------------------------------------------------------------------------------------------------

----------------------------------------------------------------------------------------------------
[Est_pos parent] Starting run: 20260511_194450_278463
[Est_pos parent] Time: 2026-05-11 19:44:50.280460
[Est_pos parent] Command:
  C:\ProgramData\Anaconda3\envs\Console\python.exe -u -m Est_pos.estimate_pos_runner --out C:\Users\Dell\AppData\Local\Temp\zopbsp_estpos_kz4mjd8k\estpos_result.json --session-log logs\estpos_subprocess\estpos_session_20260511_190502.log --run-id 20260511_194450_278463 C:\Pi_loc\05_11_03\RPI1\gps\GPS_RPI1_20260511_194310_Hydro_6673.txt C:\Pi_loc\05_11_03\RPI2\gps\GPS_RPI2_20260511_194310_Hydro_6675.txt C:\Pi_loc\05_11_03\RPI3\gps\GPS_RPI3_20260511_194310_Hydro_2624.txt C:\Pi_loc\05_11_03\RPI1\streaming\RBW6673_20260511_194310.wav C:\Pi_loc\05_11_03\RPI2\streaming\RBW6675_20260511_194310.wav C:\Pi_loc\05_11_03\RPI3\streaming\SAW2624_20260511_194310.wav
[Est_pos parent] Working directory:
  C:\Code\ZOPBSP_Console
----------------------------------------------------------------------------------------------------

==========================================================================================
[Est_pos child] RUN START: 20260511_194450_278463
[Est_pos child] Time: 2026-05-11 19:44:50.607794
[Est_pos child] Input files:
  gps1: C:\Pi_loc\05_11_03\RPI1\gps\GPS_RPI1_20260511_194310_Hydro_6673.txt
  gps2: C:\Pi_loc\05_11_03\RPI2\gps\GPS_RPI2_20260511_194310_Hydro_6675.txt
  gps3: C:\Pi_loc\05_11_03\RPI3\gps\GPS_RPI3_20260511_194310_Hydro_2624.txt
  wav1: C:\Pi_loc\05_11_03\RPI1\streaming\RBW6673_20260511_194310.wav
  wav2: C:\Pi_loc\05_11_03\RPI2\streaming\RBW6675_20260511_194310.wav
  wav3: C:\Pi_loc\05_11_03\RPI3\streaming\SAW2624_20260511_194310.wav
------------------------------------------------------------------------------------------
after import data
C:\ProgramData\Anaconda3\envs\Console\Lib\site-packages\scipy\interpolate\_interpolate.py:497: RuntimeWarning: invalid value encountered in divide
  slope = (y_hi - y_lo) / (x_hi - x_lo)[:, None]
after tdoa
GPS1: [[174310, 53.83814458666667, 17.648810083333334]]
GPS2: [[174310, 53.83814416333333, 17.648805346666666]]
GPS3: [[174310, 53.83819064833333, 17.648809138333334]]
ref_lat:  53.83814458666667
ref_lon:  17.648810083333334
aeqd: +proj=aeqd +lat_0=53.83814458666667 +lon_0=17.648810083333334 +datum=WGS84 +units=m +no_defs +type=crs
fwd: proj=pipeline step proj=unitconvert xy_in=deg xy_out=rad step proj=aeqd lat_0=53.8381445866667 lon_0=17.6488100833333 x_0=0 y_0=0 ellps=WGS84
inv: proj=pipeline step inv proj=aeqd lat_0=53.8381445866667 lon_0=17.6488100833333 x_0=0 y_0=0 ellps=WGS84 step proj=unitconvert xy_in=rad xy_out=deg
after make_local_transformer
after H_coord
after tdoa_estimate_mode_6
after filter_est_track_by_radius
------------------------------------------------------------------------------------------
[Est_pos child] RUN OK: 20260511_194450_278463
[Est_pos child] Result length: 0
[Est_pos child] Output JSON: C:\Users\Dell\AppData\Local\Temp\zopbsp_estpos_kz4mjd8k\estpos_result.json
==========================================================================================

[Est_pos parent] Run finished: 20260511_194450_278463
[Est_pos parent] Return code: 0
[Est_pos parent] JSON exists: True

[Est_pos parent] RUN OK: 20260511_194450_278463
[Est_pos parent] Result length: 0
----------------------------------------------------------------------------------------------------

----------------------------------------------------------------------------------------------------
[Est_pos parent] Starting run: 20260511_194454_068231
[Est_pos parent] Time: 2026-05-11 19:44:54.070252
[Est_pos parent] Command:
  C:\ProgramData\Anaconda3\envs\Console\python.exe -u -m Est_pos.estimate_pos_runner --out C:\Users\Dell\AppData\Local\Temp\zopbsp_estpos_qe2asvfs\estpos_result.json --session-log logs\estpos_subprocess\estpos_session_20260511_190502.log --run-id 20260511_194454_068231 C:\Pi_loc\05_11_03\RPI1\gps\GPS_RPI1_20260511_194320_Hydro_6673.txt C:\Pi_loc\05_11_03\RPI2\gps\GPS_RPI2_20260511_194320_Hydro_6675.txt C:\Pi_loc\05_11_03\RPI2\gps\GPS_RPI2_20260511_194320_Hydro_6675.txt C:\Pi_loc\05_11_03\RPI1\streaming\RBW6673_20260511_194320.wav C:\Pi_loc\05_11_03\RPI2\streaming\RBW6675_20260511_194320.wav C:\Pi_loc\05_11_03\RPI3\streaming\SAW2624_20260511_194320.wav
[Est_pos parent] Working directory:
  C:\Code\ZOPBSP_Console
----------------------------------------------------------------------------------------------------

==========================================================================================
[Est_pos child] RUN START: 20260511_194454_068231
[Est_pos child] Time: 2026-05-11 19:44:54.310176
[Est_pos child] Input files:
  gps1: C:\Pi_loc\05_11_03\RPI1\gps\GPS_RPI1_20260511_194320_Hydro_6673.txt
  gps2: C:\Pi_loc\05_11_03\RPI2\gps\GPS_RPI2_20260511_194320_Hydro_6675.txt
  gps3: C:\Pi_loc\05_11_03\RPI2\gps\GPS_RPI2_20260511_194320_Hydro_6675.txt
  wav1: C:\Pi_loc\05_11_03\RPI1\streaming\RBW6673_20260511_194320.wav
  wav2: C:\Pi_loc\05_11_03\RPI2\streaming\RBW6675_20260511_194320.wav
  wav3: C:\Pi_loc\05_11_03\RPI3\streaming\SAW2624_20260511_194320.wav
------------------------------------------------------------------------------------------
after import data
C:\ProgramData\Anaconda3\envs\Console\Lib\site-packages\scipy\interpolate\_interpolate.py:497: RuntimeWarning: invalid value encountered in divide
  slope = (y_hi - y_lo) / (x_hi - x_lo)[:, None]
after tdoa
GPS1: [[174320, 53.838144746666664, 17.648810056666665]]
GPS2: [[174320, 53.838144310000004, 17.64880540833333]]
GPS3: [[174320, 53.838144310000004, 17.64880540833333]]
ref_lat:  53.838144746666664
ref_lon:  17.648810056666665
aeqd: +proj=aeqd +lat_0=53.838144746666664 +lon_0=17.648810056666665 +datum=WGS84 +units=m +no_defs +type=crs
fwd: proj=pipeline step proj=unitconvert xy_in=deg xy_out=rad step proj=aeqd lat_0=53.8381447466667 lon_0=17.6488100566667 x_0=0 y_0=0 ellps=WGS84
inv: proj=pipeline step inv proj=aeqd lat_0=53.8381447466667 lon_0=17.6488100566667 x_0=0 y_0=0 ellps=WGS84 step proj=unitconvert xy_in=rad xy_out=deg
after make_local_transformer
after H_coord
after tdoa_estimate_mode_6
after filter_est_track_by_radius
------------------------------------------------------------------------------------------
[Est_pos child] RUN OK: 20260511_194454_068231
[Est_pos child] Result length: 0
[Est_pos child] Output JSON: C:\Users\Dell\AppData\Local\Temp\zopbsp_estpos_qe2asvfs\estpos_result.json
==========================================================================================

[Est_pos parent] Run finished: 20260511_194454_068231
[Est_pos parent] Return code: 0
[Est_pos parent] JSON exists: True

[Est_pos parent] RUN OK: 20260511_194454_068231
[Est_pos parent] Result length: 0
----------------------------------------------------------------------------------------------------

----------------------------------------------------------------------------------------------------
[Est_pos parent] Starting run: 20260511_194457_797860
[Est_pos parent] Time: 2026-05-11 19:44:57.799872
[Est_pos parent] Command:
  C:\ProgramData\Anaconda3\envs\Console\python.exe -u -m Est_pos.estimate_pos_runner --out C:\Users\Dell\AppData\Local\Temp\zopbsp_estpos_1gpbr8t3\estpos_result.json --session-log logs\estpos_subprocess\estpos_session_20260511_190502.log --run-id 20260511_194457_797860 C:\Pi_loc\05_11_03\RPI1\gps\GPS_RPI1_20260511_194320_Hydro_6673.txt C:\Pi_loc\05_11_03\RPI2\gps\GPS_RPI2_20260511_194320_Hydro_6675.txt C:\Pi_loc\05_11_03\RPI3\gps\GPS_RPI3_20260511_194320_Hydro_2624.txt C:\Pi_loc\05_11_03\RPI1\streaming\RBW6673_20260511_194320.wav C:\Pi_loc\05_11_03\RPI2\streaming\RBW6675_20260511_194320.wav C:\Pi_loc\05_11_03\RPI3\streaming\SAW2624_20260511_194320.wav
[Est_pos parent] Working directory:
  C:\Code\ZOPBSP_Console
----------------------------------------------------------------------------------------------------

==========================================================================================
[Est_pos child] RUN START: 20260511_194457_797860
[Est_pos child] Time: 2026-05-11 19:44:58.105872
[Est_pos child] Input files:
  gps1: C:\Pi_loc\05_11_03\RPI1\gps\GPS_RPI1_20260511_194320_Hydro_6673.txt
  gps2: C:\Pi_loc\05_11_03\RPI2\gps\GPS_RPI2_20260511_194320_Hydro_6675.txt
  gps3: C:\Pi_loc\05_11_03\RPI3\gps\GPS_RPI3_20260511_194320_Hydro_2624.txt
  wav1: C:\Pi_loc\05_11_03\RPI1\streaming\RBW6673_20260511_194320.wav
  wav2: C:\Pi_loc\05_11_03\RPI2\streaming\RBW6675_20260511_194320.wav
  wav3: C:\Pi_loc\05_11_03\RPI3\streaming\SAW2624_20260511_194320.wav
------------------------------------------------------------------------------------------
after import data
C:\ProgramData\Anaconda3\envs\Console\Lib\site-packages\scipy\interpolate\_interpolate.py:497: RuntimeWarning: invalid value encountered in divide
  slope = (y_hi - y_lo) / (x_hi - x_lo)[:, None]
after tdoa
GPS1: [[174320, 53.838144746666664, 17.648810056666665]]
GPS2: [[174320, 53.838144310000004, 17.64880540833333]]
GPS3: [[174320, 53.83819075500001, 17.648807176666665]]
ref_lat:  53.838144746666664
ref_lon:  17.648810056666665
aeqd: +proj=aeqd +lat_0=53.838144746666664 +lon_0=17.648810056666665 +datum=WGS84 +units=m +no_defs +type=crs
fwd: proj=pipeline step proj=unitconvert xy_in=deg xy_out=rad step proj=aeqd lat_0=53.8381447466667 lon_0=17.6488100566667 x_0=0 y_0=0 ellps=WGS84
inv: proj=pipeline step inv proj=aeqd lat_0=53.8381447466667 lon_0=17.6488100566667 x_0=0 y_0=0 ellps=WGS84 step proj=unitconvert xy_in=rad xy_out=deg
after make_local_transformer
after H_coord
after tdoa_estimate_mode_6
after filter_est_track_by_radius
------------------------------------------------------------------------------------------
[Est_pos child] RUN OK: 20260511_194457_797860
[Est_pos child] Result length: 0
[Est_pos child] Output JSON: C:\Users\Dell\AppData\Local\Temp\zopbsp_estpos_1gpbr8t3\estpos_result.json
==========================================================================================

[Est_pos parent] Run finished: 20260511_194457_797860
[Est_pos parent] Return code: 0
[Est_pos parent] JSON exists: True

[Est_pos parent] RUN OK: 20260511_194457_797860
[Est_pos parent] Result length: 0
----------------------------------------------------------------------------------------------------

----------------------------------------------------------------------------------------------------
[Est_pos parent] Starting run: 20260511_194501_602534
[Est_pos parent] Time: 2026-05-11 19:45:01.604552
[Est_pos parent] Command:
  C:\ProgramData\Anaconda3\envs\Console\python.exe -u -m Est_pos.estimate_pos_runner --out C:\Users\Dell\AppData\Local\Temp\zopbsp_estpos_alen0_5a\estpos_result.json --session-log logs\estpos_subprocess\estpos_session_20260511_190502.log --run-id 20260511_194501_602534 C:\Pi_loc\LA\RPI1\gps\GPS_RPI1_20251015_125600_Hydro_6673.txt C:\Pi_loc\LA\RPI2\gps\GPS_RPI2_20251015_125600_Hydro_6676.txt C:\Pi_loc\LA\RPI2\gps\GPS_RPI2_20251015_125600_Hydro_6676.txt C:\Pi_loc\LA\RPI1\streaming\RBW6673_20251015_125600.wav C:\Pi_loc\LA\RPI2\streaming\RBW6676_20251015_125600.wav C:\Pi_loc\LA\RPI3\streaming\RBW6675_20251015_125600.wav
[Est_pos parent] Working directory:
  C:\Code\ZOPBSP_Console
----------------------------------------------------------------------------------------------------

==========================================================================================
[Est_pos child] RUN START: 20260511_194501_602534
[Est_pos child] Time: 2026-05-11 19:45:01.838482
[Est_pos child] Input files:
  gps1: C:\Pi_loc\LA\RPI1\gps\GPS_RPI1_20251015_125600_Hydro_6673.txt
  gps2: C:\Pi_loc\LA\RPI2\gps\GPS_RPI2_20251015_125600_Hydro_6676.txt
  gps3: C:\Pi_loc\LA\RPI2\gps\GPS_RPI2_20251015_125600_Hydro_6676.txt
  wav1: C:\Pi_loc\LA\RPI1\streaming\RBW6673_20251015_125600.wav
  wav2: C:\Pi_loc\LA\RPI2\streaming\RBW6676_20251015_125600.wav
  wav3: C:\Pi_loc\LA\RPI3\streaming\RBW6675_20251015_125600.wav
------------------------------------------------------------------------------------------
after import data
after tdoa
GPS1: [[105600, 53.83543673333334, 17.646616206666668], [105601, 53.83543635166667, 17.64661573333333], [105602, 53.83543586333334, 17.646615391666668], [105603, 53.83543566333333, 17.64661539], [105604, 53.83543559500001, 17.646615361666665], [105605, 53.83543517, 17.646614931666665], [105606, 53.83543470333334, 17.646614273333334], [105607, 53.83543442666667, 17.646614109999998], [105608, 53.83543425833333, 17.64661424166667], [105609, 53.83543402, 17.646613585], [105610, 53.835433654999996, 17.646612881666666], [105611, 53.83543335833333, 17.64661274166667], [105612, 53.83543328833333, 17.646612773333334], [105613, 53.83543297999999, 17.646612341666664], [105614, 53.83543266333333, 17.646611908333334], [105615, 53.83543248166667, 17.646611819999997], [105616, 53.83543224666667, 17.64661114], [105617, 53.83543241166667, 17.646611184999998], [105618, 53.83543200166667, 17.646610983333336], [105619, 53.83543181499999, 17.646610923333334]]
GPS2: [[105600, 53.83506620333333, 17.64617318], [105601, 53.835066178333335, 17.646173235], [105602, 53.835066145000006, 17.64617314666667], [105603, 53.83506608999999, 17.64617318], [105604, 53.835066185, 17.646173065000003], [105605, 53.83506618666667, 17.646173306666665], [105606, 53.83506632499999, 17.646173201666667], [105607, 53.83506640666666, 17.646173331666667], [105608, 53.83506651833333, 17.646173516666668], [105609, 53.83506664, 17.646173433333335], [105610, 53.835066835, 17.646173636666667], [105611, 53.83506701666667, 17.646173644999998], [105612, 53.83506720666666, 17.646173763333334], [105613, 53.83506739999999, 17.646173918333332], [105614, 53.83506758, 17.646174066666667], [105615, 53.83506772333333, 17.646174026666664], [105616, 53.83506760833334, 17.64617369833333], [105617, 53.83506797333333, 17.646174345000002], [105618, 53.83506826666667, 17.646174371666667], [105619, 53.83506858166667, 17.64617441833333]]
GPS3: [[105600, 53.83506620333333, 17.64617318], [105601, 53.835066178333335, 17.646173235], [105602, 53.835066145000006, 17.64617314666667], [105603, 53.83506608999999, 17.64617318], [105604, 53.835066185, 17.646173065000003], [105605, 53.83506618666667, 17.646173306666665], [105606, 53.83506632499999, 17.646173201666667], [105607, 53.83506640666666, 17.646173331666667], [105608, 53.83506651833333, 17.646173516666668], [105609, 53.83506664, 17.646173433333335], [105610, 53.835066835, 17.646173636666667], [105611, 53.83506701666667, 17.646173644999998], [105612, 53.83506720666666, 17.646173763333334], [105613, 53.83506739999999, 17.646173918333332], [105614, 53.83506758, 17.646174066666667], [105615, 53.83506772333333, 17.646174026666664], [105616, 53.83506760833334, 17.64617369833333], [105617, 53.83506797333333, 17.646174345000002], [105618, 53.83506826666667, 17.646174371666667], [105619, 53.83506858166667, 17.64617441833333]]
ref_lat:  53.83543673333334
ref_lon:  17.646616206666668
aeqd: +proj=aeqd +lat_0=53.83543673333334 +lon_0=17.646616206666668 +datum=WGS84 +units=m +no_defs +type=crs
fwd: proj=pipeline step proj=unitconvert xy_in=deg xy_out=rad step proj=aeqd lat_0=53.8354367333333 lon_0=17.6466162066667 x_0=0 y_0=0 ellps=WGS84
inv: proj=pipeline step inv proj=aeqd lat_0=53.8354367333333 lon_0=17.6466162066667 x_0=0 y_0=0 ellps=WGS84 step proj=unitconvert xy_in=rad xy_out=deg
after make_local_transformer
after H_coord
after tdoa_estimate_mode_6
after filter_est_track_by_radius
------------------------------------------------------------------------------------------
[Est_pos child] RUN OK: 20260511_194501_602534
[Est_pos child] Result length: 20
[Est_pos child] Output JSON: C:\Users\Dell\AppData\Local\Temp\zopbsp_estpos_alen0_5a\estpos_result.json
==========================================================================================

[Est_pos parent] Run finished: 20260511_194501_602534
[Est_pos parent] Return code: 0
[Est_pos parent] JSON exists: True

[Est_pos parent] RUN OK: 20260511_194501_602534
[Est_pos parent] Result length: 20
----------------------------------------------------------------------------------------------------

----------------------------------------------------------------------------------------------------
[Est_pos parent] Starting run: 20260511_194512_905986
[Est_pos parent] Time: 2026-05-11 19:45:12.907996
[Est_pos parent] Command:
  C:\ProgramData\Anaconda3\envs\Console\python.exe -u -m Est_pos.estimate_pos_runner --out C:\Users\Dell\AppData\Local\Temp\zopbsp_estpos_iw6ljkn2\estpos_result.json --session-log logs\estpos_subprocess\estpos_session_20260511_190502.log --run-id 20260511_194512_905986 C:\Pi_loc\LA\RPI1\gps\GPS_RPI1_20251015_125600_Hydro_6673.txt C:\Pi_loc\LA\RPI2\gps\GPS_RPI2_20251015_125600_Hydro_6676.txt C:\Pi_loc\LA\RPI3\gps\GPS_RPI3_20251015_125600_Hydro_6675.txt C:\Pi_loc\LA\RPI1\streaming\RBW6673_20251015_125600.wav C:\Pi_loc\LA\RPI2\streaming\RBW6676_20251015_125600.wav C:\Pi_loc\LA\RPI3\streaming\RBW6675_20251015_125600.wav
[Est_pos parent] Working directory:
  C:\Code\ZOPBSP_Console
----------------------------------------------------------------------------------------------------

==========================================================================================
[Est_pos child] RUN START: 20260511_194512_905986
[Est_pos child] Time: 2026-05-11 19:45:13.140011
[Est_pos child] Input files:
  gps1: C:\Pi_loc\LA\RPI1\gps\GPS_RPI1_20251015_125600_Hydro_6673.txt
  gps2: C:\Pi_loc\LA\RPI2\gps\GPS_RPI2_20251015_125600_Hydro_6676.txt
  gps3: C:\Pi_loc\LA\RPI3\gps\GPS_RPI3_20251015_125600_Hydro_6675.txt
  wav1: C:\Pi_loc\LA\RPI1\streaming\RBW6673_20251015_125600.wav
  wav2: C:\Pi_loc\LA\RPI2\streaming\RBW6676_20251015_125600.wav
  wav3: C:\Pi_loc\LA\RPI3\streaming\RBW6675_20251015_125600.wav
------------------------------------------------------------------------------------------
after import data
after tdoa
GPS1: [[105600, 53.83543673333334, 17.646616206666668], [105601, 53.83543635166667, 17.64661573333333], [105602, 53.83543586333334, 17.646615391666668], [105603, 53.83543566333333, 17.64661539], [105604, 53.83543559500001, 17.646615361666665], [105605, 53.83543517, 17.646614931666665], [105606, 53.83543470333334, 17.646614273333334], [105607, 53.83543442666667, 17.646614109999998], [105608, 53.83543425833333, 17.64661424166667], [105609, 53.83543402, 17.646613585], [105610, 53.835433654999996, 17.646612881666666], [105611, 53.83543335833333, 17.64661274166667], [105612, 53.83543328833333, 17.646612773333334], [105613, 53.83543297999999, 17.646612341666664], [105614, 53.83543266333333, 17.646611908333334], [105615, 53.83543248166667, 17.646611819999997], [105616, 53.83543224666667, 17.64661114], [105617, 53.83543241166667, 17.646611184999998], [105618, 53.83543200166667, 17.646610983333336], [105619, 53.83543181499999, 17.646610923333334]]
GPS2: [[105600, 53.83506620333333, 17.64617318], [105601, 53.835066178333335, 17.646173235], [105602, 53.835066145000006, 17.64617314666667], [105603, 53.83506608999999, 17.64617318], [105604, 53.835066185, 17.646173065000003], [105605, 53.83506618666667, 17.646173306666665], [105606, 53.83506632499999, 17.646173201666667], [105607, 53.83506640666666, 17.646173331666667], [105608, 53.83506651833333, 17.646173516666668], [105609, 53.83506664, 17.646173433333335], [105610, 53.835066835, 17.646173636666667], [105611, 53.83506701666667, 17.646173644999998], [105612, 53.83506720666666, 17.646173763333334], [105613, 53.83506739999999, 17.646173918333332], [105614, 53.83506758, 17.646174066666667], [105615, 53.83506772333333, 17.646174026666664], [105616, 53.83506760833334, 17.64617369833333], [105617, 53.83506797333333, 17.646174345000002], [105618, 53.83506826666667, 17.646174371666667], [105619, 53.83506858166667, 17.64617441833333]]
GPS3: [[105600, 53.834903176666664, 17.646176345], [105601, 53.834902746666664, 17.646177811666668], [105602, 53.83490247500001, 17.646179396666664], [105603, 53.834902230000004, 17.64618094333333], [105604, 53.834901995, 17.646182383333333], [105605, 53.83490174, 17.64618376166667], [105606, 53.834901455, 17.64618512666667], [105607, 53.83490109666666, 17.64618632], [105608, 53.83490070333334, 17.646187461666667], [105609, 53.83490034, 17.646188936666665], [105610, 53.83489999166667, 17.646190433333334], [105611, 53.834899846666666, 17.64619211333333], [105612, 53.834899473333344, 17.64619386], [105613, 53.834899048333334, 17.64619561], [105614, 53.834898771666666, 17.646197433333334], [105615, 53.83489833333333, 17.646199229999997], [105616, 53.834897475, 17.646202691666666], [105617, 53.83489279833334, 17.646199686666666], [105618, 53.83489769, 17.646207428333334], [105619, 53.834897014999996, 17.646208506666667]]
ref_lat:  53.83543673333334
ref_lon:  17.646616206666668
aeqd: +proj=aeqd +lat_0=53.83543673333334 +lon_0=17.646616206666668 +datum=WGS84 +units=m +no_defs +type=crs
fwd: proj=pipeline step proj=unitconvert xy_in=deg xy_out=rad step proj=aeqd lat_0=53.8354367333333 lon_0=17.6466162066667 x_0=0 y_0=0 ellps=WGS84
inv: proj=pipeline step inv proj=aeqd lat_0=53.8354367333333 lon_0=17.6466162066667 x_0=0 y_0=0 ellps=WGS84 step proj=unitconvert xy_in=rad xy_out=deg
after make_local_transformer
after H_coord
after tdoa_estimate_mode_6
after filter_est_track_by_radius
------------------------------------------------------------------------------------------
[Est_pos child] RUN OK: 20260511_194512_905986
[Est_pos child] Result length: 20
[Est_pos child] Output JSON: C:\Users\Dell\AppData\Local\Temp\zopbsp_estpos_iw6ljkn2\estpos_result.json
==========================================================================================

[Est_pos parent] Run finished: 20260511_194512_905986
[Est_pos parent] Return code: 0
[Est_pos parent] JSON exists: True

[Est_pos parent] RUN OK: 20260511_194512_905986
[Est_pos parent] Result length: 20
----------------------------------------------------------------------------------------------------
