
####################################################################################################
# EST_POS SESSION START
# Session ID : 20260519_122520
# Log file   : C:\Code\ZOPBSP_Console\logs\estpos_subprocess\estpos_session_20260519_122520.log
# Python     : C:\ProgramData\Anaconda3\envs\Console\python.exe
# Started    : 2026-05-19 12:25:27.108043
####################################################################################################

----------------------------------------------------------------------------------------------------
[Est_pos parent] Starting run: 20260519_122711_142147
[Est_pos parent] Time: 2026-05-19 12:27:11.144157
[Est_pos parent] Command:
  C:\ProgramData\Anaconda3\envs\Console\python.exe -u -m Est_pos.estimate_pos_runner --out C:\Users\Dell\AppData\Local\Temp\zopbsp_estpos_81qjodz3\estpos_result.json --session-log logs\estpos_subprocess\estpos_session_20260519_122520.log --run-id 20260519_122711_142147 C:\Pi_loc\lauv\RPI1\gps\GPS_RPI1_20260514_075900_Hydro_6673.txt C:\Pi_loc\lauv\RPI2\gps\GPS_RPI2_20260514_075900_Hydro_2624.txt C:\Pi_loc\lauv\RPI3\gps\GPS_RPI3_20260514_075900_Hydro_6675.txt C:\Pi_loc\lauv\RPI1\streaming\RBW6673_20260514_075900.wav C:\Pi_loc\lauv\RPI2\streaming\SAW2624_20260514_075900.wav C:\Pi_loc\lauv\RPI3\streaming\RBW6675_20260514_075900.wav
[Est_pos parent] Working directory:
  C:\Code\ZOPBSP_Console
----------------------------------------------------------------------------------------------------

==========================================================================================
[Est_pos child] RUN START: 20260519_122711_142147
[Est_pos child] Time: 2026-05-19 12:27:11.316388
[Est_pos child] Input files:
  gps1: C:\Pi_loc\lauv\RPI1\gps\GPS_RPI1_20260514_075900_Hydro_6673.txt
  gps2: C:\Pi_loc\lauv\RPI2\gps\GPS_RPI2_20260514_075900_Hydro_2624.txt
  gps3: C:\Pi_loc\lauv\RPI3\gps\GPS_RPI3_20260514_075900_Hydro_6675.txt
  wav1: C:\Pi_loc\lauv\RPI1\streaming\RBW6673_20260514_075900.wav
  wav2: C:\Pi_loc\lauv\RPI2\streaming\SAW2624_20260514_075900.wav
  wav3: C:\Pi_loc\lauv\RPI3\streaming\RBW6675_20260514_075900.wav
------------------------------------------------------------------------------------------
GPS1: [[55900, 53.83561339833333, 17.647056439999997], [55901, 53.835613795, 17.647055594999998], [55902, 53.835614015, 17.647054801666666], [55903, 53.835614333333325, 17.647054066666666], [55904, 53.835614565, 17.647053605], [55905, 53.83561487, 17.647052858333332], [55906, 53.835615005, 17.64705249], [55907, 53.83561558833333, 17.64705166], [55908, 53.83561567499999, 17.647051456666667], [55909, 53.83561608666667, 17.647050901666667], [55910, 53.83561636833333, 17.647050343333333], [55911, 53.83561656666667, 17.647049928333335], [55912, 53.83561691666667, 17.647049295], [55913, 53.83561711666666, 17.647048981666668], [55914, 53.835617475, 17.647048495], [55915, 53.835617795000005, 17.647048175000002], [55916, 53.835618043333334, 17.647047925], [55917, 53.835618499999995, 17.647047548333333], [55918, 53.83561887333334, 17.647047298333334], [55919, 53.83561941166666, 17.647046868333334]]
GPS2: [[55900, 53.835966725, 17.648093028333335], [55901, 53.835967931666666, 17.6480915], [55902, 53.83596911333334, 17.648089861666666], [55903, 53.83596990166667, 17.64808818], [55904, 53.835970769999996, 17.648086046666666], [55905, 53.83597151000001, 17.648083435], [55906, 53.835972250000005, 17.648081661666666], [55907, 53.83597307333333, 17.64808073833333], [55908, 53.83597357833334, 17.64807720166667], [55909, 53.835974193333335, 17.648074226666665], [55910, 53.83597497000001, 17.64807257], [55911, 53.83597599833333, 17.648074028333333], [55912, 53.83597746833334, 17.648075401666667], [55913, 53.83597818500001, 17.648074426666668], [55914, 53.835978413333336, 17.648073313333335], [55915, 53.83597955166667, 17.648068438333333], [55916, 53.83598061333334, 17.64806784], [55917, 53.835981704999995, 17.64806861], [55918, 53.83598261666666, 17.648069141666667], [55919, 53.83598360999999, 17.648069268333334]]
GPS3: [[55900, 53.83641933833333, 17.6470035], [55901, 53.836415034999995, 17.647005181666668], [55902, 53.83641136666667, 17.647006208333334], [55903, 53.836407905, 17.647008003333333], [55904, 53.83640356166667, 17.647010384999998], [55905, 53.836398653333326, 17.647012335], [55906, 53.836394053333336, 17.647014306666666], [55907, 53.83638913833333, 17.64701651333333], [55908, 53.83638432333334, 17.647018404999997], [55909, 53.836379060000006, 17.647019898333333], [55910, 53.83637403166667, 17.647021035], [55911, 53.836368705, 17.64702191], [55912, 53.836363648333325, 17.647022653333334], [55913, 53.8363585, 17.64702367], [55914, 53.83635341666666, 17.647024741666666], [55915, 53.83634838, 17.647026133333334], [55916, 53.83634338666668, 17.64702821], [55917, 53.83633867166667, 17.647030700000002], [55918, 53.836334046666664, 17.64703345166667], [55919, 53.83632959, 17.647036813333333]]
ref_lat:  53.83561339833333
ref_lon:  17.647056439999997
aeqd: +proj=aeqd +lat_0=53.83561339833333 +lon_0=17.647056439999997 +datum=WGS84 +units=m +no_defs +type=crs
fwd: proj=pipeline step proj=unitconvert xy_in=deg xy_out=rad step proj=aeqd lat_0=53.8356133983333 lon_0=17.64705644 x_0=0 y_0=0 ellps=WGS84
inv: proj=pipeline step inv proj=aeqd lat_0=53.8356133983333 lon_0=17.64705644 x_0=0 y_0=0 ellps=WGS84 step proj=unitconvert xy_in=rad xy_out=deg
pos_est: (53.83634765578269, 17.647239062797272)
est_track: [[55900, 53.83619228732599, 17.64740395080008], [55901, 53.83629916030621, 17.647497466754174], [55902, 53.83613394821001, 17.647458941715474], [55903, 53.83598091100881, 17.647521043745304], [55904, 53.835868915074606, 17.647475286678766], [55905, 53.83573102600757, 17.64752803731606], [55906, 53.8357618846333, 17.647411744783344], [55907, 53.83570787887169, 17.64747713616643], [55908, 53.835902206741345, 17.647323463757296], [55909, 53.835744767255385, 17.647554273276036], [55910, 53.83628690919727, 17.647415087710737], [55911, 53.83616997727821, 17.64774077219237], [55912, 53.83640987292025, 17.64780995543541], [55913, 53.83632299929983, 17.647630416846027], [55914, 53.83644912950274, 17.647362285745753], [55915, 53.836092114270066, 17.647297603967246], [55916, 53.836230022512105, 17.647217403236255], [55917, 53.83612260325743, 17.64716607379394], [55918, 53.836269809407774, 17.647147767956625], [55919, 53.83634765578269, 17.647239062797272]]
------------------------------------------------------------------------------------------
[Est_pos child] RUN OK: 20260519_122711_142147
[Est_pos child] Result length: 20
[Est_pos child] Output JSON: C:\Users\Dell\AppData\Local\Temp\zopbsp_estpos_81qjodz3\estpos_result.json
==========================================================================================

[Est_pos parent] Run finished: 20260519_122711_142147
[Est_pos parent] Return code: 0
[Est_pos parent] JSON exists: True

[Est_pos parent] RUN OK: 20260519_122711_142147
[Est_pos parent] Result length: 20
----------------------------------------------------------------------------------------------------

----------------------------------------------------------------------------------------------------
[Est_pos parent] Starting run: 20260519_122716_279320
[Est_pos parent] Time: 2026-05-19 12:27:16.281324
[Est_pos parent] Command:
  C:\ProgramData\Anaconda3\envs\Console\python.exe -u -m Est_pos.estimate_pos_runner --out C:\Users\Dell\AppData\Local\Temp\zopbsp_estpos_bozrgdco\estpos_result.json --session-log logs\estpos_subprocess\estpos_session_20260519_122520.log --run-id 20260519_122716_279320 C:\Pi_loc\lauv\RPI1\gps\GPS_RPI1_20260514_075930_Hydro_6673.txt C:\Pi_loc\lauv\RPI2\gps\GPS_RPI2_20260514_075930_Hydro_2624.txt C:\Pi_loc\lauv\RPI3\gps\GPS_RPI3_20260514_075930_Hydro_6675.txt C:\Pi_loc\lauv\RPI1\streaming\RBW6673_20260514_075930.wav C:\Pi_loc\lauv\RPI2\streaming\SAW2624_20260514_075930.wav C:\Pi_loc\lauv\RPI3\streaming\RBW6675_20260514_075930.wav
[Est_pos parent] Working directory:
  C:\Code\ZOPBSP_Console
----------------------------------------------------------------------------------------------------

==========================================================================================
[Est_pos child] RUN START: 20260519_122716_279320
[Est_pos child] Time: 2026-05-19 12:27:16.407685
[Est_pos child] Input files:
  gps1: C:\Pi_loc\lauv\RPI1\gps\GPS_RPI1_20260514_075930_Hydro_6673.txt
  gps2: C:\Pi_loc\lauv\RPI2\gps\GPS_RPI2_20260514_075930_Hydro_2624.txt
  gps3: C:\Pi_loc\lauv\RPI3\gps\GPS_RPI3_20260514_075930_Hydro_6675.txt
  wav1: C:\Pi_loc\lauv\RPI1\streaming\RBW6673_20260514_075930.wav
  wav2: C:\Pi_loc\lauv\RPI2\streaming\SAW2624_20260514_075930.wav
  wav3: C:\Pi_loc\lauv\RPI3\streaming\RBW6675_20260514_075930.wav
------------------------------------------------------------------------------------------
GPS1: [[55930, 53.83562627333334, 17.64704419], [55931, 53.83562714, 17.64704364], [55932, 53.83562780833333, 17.64704341666667], [55933, 53.83562859833334, 17.647042946666666], [55934, 53.83562921666667, 17.647042646666666], [55935, 53.83562996833333, 17.647042111666668], [55936, 53.83563055166666, 17.647041776666665], [55937, 53.83563129000001, 17.647041338333334], [55938, 53.83563191, 17.647041005000002], [55939, 53.83563267166666, 17.64704053], [55940, 53.835633266666676, 17.647040155], [55941, 53.83563392833333, 17.647039731666666], [55942, 53.835634481666666, 17.647039388333333], [55943, 53.835635235000005, 17.64703858333333], [55944, 53.83563589666666, 17.647038228333333], [55945, 53.835636883333336, 17.64703765333333], [55946, 53.835637748333326, 17.64703708333333], [55947, 53.83563871666667, 17.647036623333335], [55948, 53.83563972666668, 17.647036186666664], [55949, 53.835640624999996, 17.647035884999998]]
GPS2: [[55930, 53.83597697666667, 17.64803707], [55931, 53.83597782333333, 17.648037143333333], [55932, 53.83597852333334, 17.648037051666666], [55933, 53.835979951666665, 17.648037555], [55934, 53.83598119500001, 17.648038155], [55935, 53.83598329666667, 17.648041553333332], [55936, 53.83598357666666, 17.648041185], [55937, 53.835983601666676, 17.648039591666667], [55938, 53.835983854999995, 17.648038125000003], [55939, 53.835984465, 17.648037155], [55940, 53.83598518, 17.648036698333332], [55941, 53.835986248333334, 17.648037331666668], [55942, 53.83598753333334, 17.648037663333334], [55943, 53.835978776666664, 17.648037998333333], [55944, 53.835980461666665, 17.648032628333333], [55945, 53.83598979166666, 17.648035271666668], [55946, 53.83600953166667, 17.648038805], [55947, 53.83601578333334, 17.648038581666665], [55948, 53.83601547, 17.64803057], [55949, 53.836009061666665, 17.648019363333333]]
GPS3: [[55930, 53.836287784999996, 17.647089881666666], [55931, 53.83628447166667, 17.64709561], [55932, 53.83628106333334, 17.647101656666667], [55933, 53.83627997833334, 17.647107891666668], [55934, 53.83627774, 17.647114178333332], [55935, 53.83627561833334, 17.647120675], [55936, 53.83627271666666, 17.647126943333333], [55937, 53.836269865, 17.64713299], [55938, 53.83626740500001, 17.647139486666667], [55939, 53.83626467833333, 17.64714615333333], [55940, 53.83626200166667, 17.64715321], [55941, 53.83625973333333, 17.647160786666667], [55942, 53.836256783333326, 17.647167958333334], [55943, 53.83625395166667, 17.647174956666667], [55944, 53.836251063333336, 17.64718157], [55945, 53.83624826166667, 17.647188625000002], [55946, 53.836245631666664, 17.647196318333332], [55947, 53.836242455000004, 17.647203651666665], [55948, 53.836240071666666, 17.647209995], [55949, 53.836236195000005, 17.647215201666665]]
ref_lat:  53.83562627333334
ref_lon:  17.64704419
aeqd: +proj=aeqd +lat_0=53.83562627333334 +lon_0=17.64704419 +datum=WGS84 +units=m +no_defs +type=crs
fwd: proj=pipeline step proj=unitconvert xy_in=deg xy_out=rad step proj=aeqd lat_0=53.8356262733333 lon_0=17.64704419 x_0=0 y_0=0 ellps=WGS84
inv: proj=pipeline step inv proj=aeqd lat_0=53.8356262733333 lon_0=17.64704419 x_0=0 y_0=0 ellps=WGS84 step proj=unitconvert xy_in=rad xy_out=deg
pos_est: (53.83595516506152, 17.64757289103022)
C:\ProgramData\Anaconda3\envs\Console\Lib\site-packages\geopy\point.py:472: UserWarning: Latitude normalization has been prohibited in the newer versions of geopy, because the normalized value happened to be on a different pole, which is probably not what was meant. If you pass coordinates as positional args, please make sure that the order is (latitude, longitude) or (y, x) in Cartesian terms.
  return cls(*args)
est_track: [[55931, 53.837165958993694, 17.647160268939594], [55933, 53.8363387631989, 17.647352345192814], [55935, 53.83648908236783, 17.64727390800156], [55936, 53.836481483810964, 17.6472624572524], [55937, 53.83624076654533, 17.647550397916728], [55939, 53.8365172720037, 17.64728422366554], [55940, 53.836685062747364, 17.647191093435588], [55941, 53.83648226142619, 17.64728526670821], [55942, 53.83628168142228, 17.647220524785602], [55943, 53.83620191906068, 17.647243251602887], [55944, 53.836197932165184, 17.647320479336013], [55945, 53.836162688952555, 17.64739127498623], [55946, 53.83590877529939, 17.647494638054987], [55947, 53.83603387570568, 17.647519575403404], [55948, 53.83598684705774, 17.647423508396162], [55949, 53.83595516506152, 17.64757289103022]]
------------------------------------------------------------------------------------------
[Est_pos child] RUN OK: 20260519_122716_279320
[Est_pos child] Result length: 16
[Est_pos child] Output JSON: C:\Users\Dell\AppData\Local\Temp\zopbsp_estpos_bozrgdco\estpos_result.json
==========================================================================================

[Est_pos parent] Run finished: 20260519_122716_279320
[Est_pos parent] Return code: 0
[Est_pos parent] JSON exists: True

[Est_pos parent] RUN OK: 20260519_122716_279320
[Est_pos parent] Result length: 16
----------------------------------------------------------------------------------------------------

----------------------------------------------------------------------------------------------------
[Est_pos parent] Starting run: 20260519_122719_953929
[Est_pos parent] Time: 2026-05-19 12:27:19.955939
[Est_pos parent] Command:
  C:\ProgramData\Anaconda3\envs\Console\python.exe -u -m Est_pos.estimate_pos_runner --out C:\Users\Dell\AppData\Local\Temp\zopbsp_estpos_64xlf53j\estpos_result.json --session-log logs\estpos_subprocess\estpos_session_20260519_122520.log --run-id 20260519_122719_953929 C:\Pi_loc\lauv\RPI1\gps\GPS_RPI1_20260514_080000_Hydro_6673.txt C:\Pi_loc\lauv\RPI2\gps\GPS_RPI2_20260514_080000_Hydro_2624.txt C:\Pi_loc\lauv\RPI3\gps\GPS_RPI3_20260514_080000_Hydro_6675.txt C:\Pi_loc\lauv\RPI1\streaming\RBW6673_20260514_080000.wav C:\Pi_loc\lauv\RPI2\streaming\SAW2624_20260514_080000.wav C:\Pi_loc\lauv\RPI3\streaming\RBW6675_20260514_080000.wav
[Est_pos parent] Working directory:
  C:\Code\ZOPBSP_Console
----------------------------------------------------------------------------------------------------

==========================================================================================
[Est_pos child] RUN START: 20260519_122719_953929
[Est_pos child] Time: 2026-05-19 12:27:20.092692
[Est_pos child] Input files:
  gps1: C:\Pi_loc\lauv\RPI1\gps\GPS_RPI1_20260514_080000_Hydro_6673.txt
  gps2: C:\Pi_loc\lauv\RPI2\gps\GPS_RPI2_20260514_080000_Hydro_2624.txt
  gps3: C:\Pi_loc\lauv\RPI3\gps\GPS_RPI3_20260514_080000_Hydro_6675.txt
  wav1: C:\Pi_loc\lauv\RPI1\streaming\RBW6673_20260514_080000.wav
  wav2: C:\Pi_loc\lauv\RPI2\streaming\SAW2624_20260514_080000.wav
  wav3: C:\Pi_loc\lauv\RPI3\streaming\RBW6675_20260514_080000.wav
------------------------------------------------------------------------------------------
GPS1: [[60000, 53.83565074666667, 17.647033818333334], [60001, 53.835651588333334, 17.64703383], [60002, 53.835652614999994, 17.647033731666667], [60003, 53.83565348333333, 17.647033633333333], [60004, 53.835654485, 17.647033720000003], [60005, 53.835655405000004, 17.64703368], [60006, 53.835656351666664, 17.647033826666664], [60007, 53.83565724499999, 17.647033983333333], [60008, 53.835658255, 17.64703434], [60009, 53.83565932500001, 17.647034528333332], [60010, 53.83566017, 17.647034785000002], [60011, 53.83566118, 17.647035211666665], [60012, 53.83566205499999, 17.647035605], [60013, 53.835663055000005, 17.64703582], [60014, 53.83566403666667, 17.647036211666666], [60015, 53.83566494499999, 17.647036583333332], [60016, 53.83566601999999, 17.64703694], [60017, 53.83566716, 17.647037253333334], [60018, 53.83566829833333, 17.647037501666667], [60019, 53.835669451666675, 17.647037814999997]]
GPS2: [[60000, 53.83600630666667, 17.648002381666668], [60001, 53.836005585, 17.64800125], [60002, 53.836005449999995, 17.648000158333332], [60003, 53.83600560666667, 17.647998848333334], [60004, 53.836005893333336, 17.647996646666666], [60005, 53.83600654166666, 17.64799473], [60006, 53.83600787833334, 17.64799322], [60007, 53.83600960833334, 17.647992218333332], [60008, 53.83601088, 17.647993038333333], [60009, 53.83601237833333, 17.647994503333333], [60010, 53.83601360833333, 17.647995108333337], [60011, 53.836014498333334, 17.647995313333336], [60012, 53.836015601666666, 17.647995283333334], [60013, 53.836016705000006, 17.647995466666664], [60014, 53.836017420000005, 17.647995084999998], [60015, 53.836018409999994, 17.647994601666667], [60016, 53.83601933500001, 17.64799411], [60017, 53.83601980499999, 17.647993691666667], [60018, 53.83602036666666, 17.647993298333333], [60019, 53.83602138166666, 17.647993151666665]]
GPS3: [[60000, 53.83621348333333, 17.647283893333334], [60001, 53.836213210000004, 17.647283911666666], [60002, 53.836213311666675, 17.64728496], [60003, 53.836213240000006, 17.647286286666667], [60004, 53.836213316666665, 17.647287539999997], [60005, 53.836213405, 17.64728833166667], [60006, 53.836213574999995, 17.64728876166667], [60007, 53.836213793333336, 17.647289], [60008, 53.83621424333334, 17.647289333333333], [60009, 53.836214685, 17.64728997], [60010, 53.83621531833334, 17.647290815], [60011, 53.83621613833334, 17.647291958333334], [60012, 53.83621654499999, 17.647293201666667], [60013, 53.83621725, 17.647294703333333], [60014, 53.83621788833334, 17.647295918333334], [60015, 53.83621836166667, 17.647297086666665], [60016, 53.836218653333326, 17.64729825], [60017, 53.83621908833334, 17.64729933], [60018, 53.836219731666674, 17.647300408333333], [60019, 53.83622017333334, 17.647301245]]
ref_lat:  53.83565074666667
ref_lon:  17.647033818333334
aeqd: +proj=aeqd +lat_0=53.83565074666667 +lon_0=17.647033818333334 +datum=WGS84 +units=m +no_defs +type=crs
fwd: proj=pipeline step proj=unitconvert xy_in=deg xy_out=rad step proj=aeqd lat_0=53.8356507466667 lon_0=17.6470338183333 x_0=0 y_0=0 ellps=WGS84
inv: proj=pipeline step inv proj=aeqd lat_0=53.8356507466667 lon_0=17.6470338183333 x_0=0 y_0=0 ellps=WGS84 step proj=unitconvert xy_in=rad xy_out=deg
pos_est: (53.83611269013213, 17.647375303607184)
C:\ProgramData\Anaconda3\envs\Console\Lib\site-packages\geopy\point.py:472: UserWarning: Latitude normalization has been prohibited in the newer versions of geopy, because the normalized value happened to be on a different pole, which is probably not what was meant. If you pass coordinates as positional args, please make sure that the order is (latitude, longitude) or (y, x) in Cartesian terms.
  return cls(*args)
est_track: [[60003, 53.83641329551601, 17.64730519416537], [60006, 53.83615569986709, 17.647403188992204], [60007, 53.83611063475053, 17.64739243866244], [60008, 53.83594959171897, 17.647432941116985], [60009, 53.83601898636495, 17.64739074752539], [60010, 53.8361123673446, 17.647422146758373], [60011, 53.83612703685474, 17.647408738740044], [60012, 53.836086349764216, 17.6475291292398], [60013, 53.83625304535846, 17.647439509927885], [60014, 53.83619456175781, 17.647447775235985], [60015, 53.83637414588386, 17.647547082987824], [60017, 53.8361496745255, 17.64742526576869], [60018, 53.83611810278036, 17.647384160346316], [60019, 53.83611269013213, 17.647375303607184]]
------------------------------------------------------------------------------------------
[Est_pos child] RUN OK: 20260519_122719_953929
[Est_pos child] Result length: 14
[Est_pos child] Output JSON: C:\Users\Dell\AppData\Local\Temp\zopbsp_estpos_64xlf53j\estpos_result.json
==========================================================================================

[Est_pos parent] Run finished: 20260519_122719_953929
[Est_pos parent] Return code: 0
[Est_pos parent] JSON exists: True

[Est_pos parent] RUN OK: 20260519_122719_953929
[Est_pos parent] Result length: 14
----------------------------------------------------------------------------------------------------

----------------------------------------------------------------------------------------------------
[Est_pos parent] Starting run: 20260519_122724_470916
[Est_pos parent] Time: 2026-05-19 12:27:24.474943
[Est_pos parent] Command:
  C:\ProgramData\Anaconda3\envs\Console\python.exe -u -m Est_pos.estimate_pos_runner --out C:\Users\Dell\AppData\Local\Temp\zopbsp_estpos_qc4dtgtd\estpos_result.json --session-log logs\estpos_subprocess\estpos_session_20260519_122520.log --run-id 20260519_122724_470916 C:\Pi_loc\lauv\RPI1\gps\GPS_RPI1_20260514_080030_Hydro_6673.txt C:\Pi_loc\lauv\RPI2\gps\GPS_RPI2_20260514_080030_Hydro_2624.txt C:\Pi_loc\lauv\RPI3\gps\GPS_RPI3_20260514_080030_Hydro_6675.txt C:\Pi_loc\lauv\RPI1\streaming\RBW6673_20260514_080030.wav C:\Pi_loc\lauv\RPI2\streaming\SAW2624_20260514_080030.wav C:\Pi_loc\lauv\RPI3\streaming\RBW6675_20260514_080030.wav
[Est_pos parent] Working directory:
  C:\Code\ZOPBSP_Console
----------------------------------------------------------------------------------------------------

==========================================================================================
[Est_pos child] RUN START: 20260519_122724_470916
[Est_pos child] Time: 2026-05-19 12:27:24.668645
[Est_pos child] Input files:
  gps1: C:\Pi_loc\lauv\RPI1\gps\GPS_RPI1_20260514_080030_Hydro_6673.txt
  gps2: C:\Pi_loc\lauv\RPI2\gps\GPS_RPI2_20260514_080030_Hydro_2624.txt
  gps3: C:\Pi_loc\lauv\RPI3\gps\GPS_RPI3_20260514_080030_Hydro_6675.txt
  wav1: C:\Pi_loc\lauv\RPI1\streaming\RBW6673_20260514_080030.wav
  wav2: C:\Pi_loc\lauv\RPI2\streaming\SAW2624_20260514_080030.wav
  wav3: C:\Pi_loc\lauv\RPI3\streaming\RBW6675_20260514_080030.wav
------------------------------------------------------------------------------------------
GPS1: [[60030, 53.83568227000001, 17.647033436666668], [60031, 53.83568355333333, 17.647032228333334], [60032, 53.835684965000006, 17.64703076], [60033, 53.83568647666666, 17.647028831666667], [60034, 53.835687965000005, 17.647026678333336], [60035, 53.83568928333334, 17.647024443333333], [60036, 53.835690425, 17.64702220166667], [60037, 53.83569149666667, 17.647019998333334], [60038, 53.835692355000006, 17.64701773], [60039, 53.83569308333334, 17.647015653333334], [60040, 53.83569374666666, 17.647013538333333], [60041, 53.83569438999999, 17.647011466666665], [60042, 53.835694996666675, 17.647009205], [60043, 53.83569536333333, 17.64700694], [60044, 53.83569583, 17.647004825], [60045, 53.83569612333334, 17.647002766666667], [60046, 53.835696445, 17.647000773333332], [60047, 53.83569668666667, 17.646998776666667], [60048, 53.83569694999999, 17.646996966666666], [60049, 53.835697190000005, 17.646995255]]
GPS2: [[60030, 53.836029145000005, 17.647992471666665], [60031, 53.836029704999994, 17.647991763333334], [60032, 53.836029975, 17.647990981666666], [60033, 53.83603054333333, 17.647990425], [60034, 53.836031295000005, 17.647989591666665], [60035, 53.83603190833334, 17.647989433333333], [60036, 53.83603270166667, 17.64798902333333], [60037, 53.83603345666667, 17.64798843], [60038, 53.83603411000001, 17.64798785], [60039, 53.83603489166667, 17.6479872], [60040, 53.836035515000006, 17.647986321666668], [60041, 53.83603636166666, 17.64798560166667], [60042, 53.83603697, 17.64798479], [60043, 53.836038155000004, 17.647983800000002], [60044, 53.836038755, 17.64798293833333], [60045, 53.83603948166667, 17.647982568333337], [60046, 53.836040175, 17.647982263333333], [60047, 53.83604103, 17.647981703333336], [60048, 53.83604213333333, 17.647981416666667], [60049, 53.83604305833334, 17.64798127]]
GPS3: [[60030, 53.83622333666667, 17.647301948333332], [60031, 53.83622383833334, 17.647302014999998], [60032, 53.836224310000006, 17.647302256666666], [60033, 53.836225094999996, 17.647302745], [60034, 53.836225535, 17.647303025], [60035, 53.83622600666666, 17.647303335], [60036, 53.83622654333333, 17.64730366], [60037, 53.83622711666667, 17.647303846666667], [60038, 53.836227778333324, 17.647304143333333], [60039, 53.836228305, 17.647304348333332], [60040, 53.83622882666667, 17.647304456666667], [60041, 53.83622936666667, 17.647304791666667], [60042, 53.83623007166666, 17.647304891666668], [60043, 53.83623075833334, 17.64730503], [60044, 53.836231696666665, 17.647304983333335], [60045, 53.83623240166666, 17.647304855], [60046, 53.836233181666664, 17.647304650000002], [60047, 53.83623422000001, 17.647304196666667], [60048, 53.836234954999995, 17.64730381], [60049, 53.836235718333334, 17.647303580000003]]
ref_lat:  53.83568227000001
ref_lon:  17.647033436666668
aeqd: +proj=aeqd +lat_0=53.83568227000001 +lon_0=17.647033436666668 +datum=WGS84 +units=m +no_defs +type=crs
fwd: proj=pipeline step proj=unitconvert xy_in=deg xy_out=rad step proj=aeqd lat_0=53.83568227 lon_0=17.6470334366667 x_0=0 y_0=0 ellps=WGS84
inv: proj=pipeline step inv proj=aeqd lat_0=53.83568227 lon_0=17.6470334366667 x_0=0 y_0=0 ellps=WGS84 step proj=unitconvert xy_in=rad xy_out=deg
pos_est: (53.83623904458095, 17.647469519246926)
est_track: [[60030, 53.83615801084672, 17.647513727313868], [60031, 53.8362346400729, 17.647543612169624], [60032, 53.83625366611484, 17.647491505866792], [60033, 53.83608373684059, 17.647443300288955], [60034, 53.836135664474924, 17.647497310769744], [60035, 53.836123038016, 17.647402283865503], [60036, 53.83610265516734, 17.647466581510034], [60037, 53.836121823670666, 17.647457406081877], [60038, 53.8361411901852, 17.647450715315056], [60039, 53.83608521417412, 17.64728013126931], [60040, 53.836086645408976, 17.647385216882547], [60041, 53.83609765053885, 17.64737582135653], [60042, 53.836090387924784, 17.647384983625848], [60043, 53.83610422918685, 17.647379729332236], [60044, 53.8360874260721, 17.647411937585716], [60045, 53.83611894023523, 17.6474173254379], [60046, 53.836115000642096, 17.647493610648016], [60047, 53.83630435475858, 17.647469194423728], [60048, 53.83641447961369, 17.647491229764622], [60049, 53.83623904458095, 17.647469519246926]]
------------------------------------------------------------------------------------------
[Est_pos child] RUN OK: 20260519_122724_470916
[Est_pos child] Result length: 20
[Est_pos child] Output JSON: C:\Users\Dell\AppData\Local\Temp\zopbsp_estpos_qc4dtgtd\estpos_result.json
==========================================================================================

[Est_pos parent] Run finished: 20260519_122724_470916
[Est_pos parent] Return code: 0
[Est_pos parent] JSON exists: True

[Est_pos parent] RUN OK: 20260519_122724_470916
[Est_pos parent] Result length: 20
----------------------------------------------------------------------------------------------------

----------------------------------------------------------------------------------------------------
[Est_pos parent] Starting run: 20260519_122728_519466
[Est_pos parent] Time: 2026-05-19 12:27:28.521469
[Est_pos parent] Command:
  C:\ProgramData\Anaconda3\envs\Console\python.exe -u -m Est_pos.estimate_pos_runner --out C:\Users\Dell\AppData\Local\Temp\zopbsp_estpos_6wcqw0ob\estpos_result.json --session-log logs\estpos_subprocess\estpos_session_20260519_122520.log --run-id 20260519_122728_519466 C:\Pi_loc\lauv\RPI1\gps\GPS_RPI1_20260514_080100_Hydro_6673.txt C:\Pi_loc\lauv\RPI2\gps\GPS_RPI2_20260514_080100_Hydro_2624.txt C:\Pi_loc\lauv\RPI3\gps\GPS_RPI3_20260514_080100_Hydro_6675.txt C:\Pi_loc\lauv\RPI1\streaming\RBW6673_20260514_080100.wav C:\Pi_loc\lauv\RPI2\streaming\SAW2624_20260514_080100.wav C:\Pi_loc\lauv\RPI3\streaming\RBW6675_20260514_080100.wav
[Est_pos parent] Working directory:
  C:\Code\ZOPBSP_Console
----------------------------------------------------------------------------------------------------

==========================================================================================
[Est_pos child] RUN START: 20260519_122728_519466
[Est_pos child] Time: 2026-05-19 12:27:28.665437
[Est_pos child] Input files:
  gps1: C:\Pi_loc\lauv\RPI1\gps\GPS_RPI1_20260514_080100_Hydro_6673.txt
  gps2: C:\Pi_loc\lauv\RPI2\gps\GPS_RPI2_20260514_080100_Hydro_2624.txt
  gps3: C:\Pi_loc\lauv\RPI3\gps\GPS_RPI3_20260514_080100_Hydro_6675.txt
  wav1: C:\Pi_loc\lauv\RPI1\streaming\RBW6673_20260514_080100.wav
  wav2: C:\Pi_loc\lauv\RPI2\streaming\SAW2624_20260514_080100.wav
  wav3: C:\Pi_loc\lauv\RPI3\streaming\RBW6675_20260514_080100.wav
------------------------------------------------------------------------------------------
GPS1: [[60100, 53.835699805, 17.64698405333333], [60101, 53.83570052333333, 17.646983171666665], [60102, 53.83570124833333, 17.64698254], [60103, 53.83570194833332, 17.646981801666666], [60104, 53.835702641666664, 17.646981133333334], [60105, 53.83570340333334, 17.646980568333333], [60106, 53.83570401666666, 17.646979695000002], [60107, 53.83570466333334, 17.646979058333333], [60108, 53.83570525499999, 17.646978365], [60109, 53.835705704999995, 17.646977551666666], [60110, 53.83570615166666, 17.646976836666667], [60111, 53.83570653833333, 17.64697609], [60112, 53.83570690500001, 17.646975451666666], [60113, 53.835707185000004, 17.64697494333333], [60114, 53.83570753000001, 17.64697431833333], [60115, 53.83570768333334, 17.646973905], [60116, 53.835708053333335, 17.64697324666667], [60117, 53.83570836166667, 17.64697281833333], [60118, 53.835708741666664, 17.646972258333335], [60119, 53.83570918666666, 17.646971811666667]]
GPS2: [[60100, 53.836053813333336, 17.647978063333333], [60101, 53.836054829999995, 17.64797778333333], [60102, 53.836055484999996, 17.647977455], [60103, 53.836056715, 17.647977113333333], [60104, 53.83605815833333, 17.64797724166667], [60105, 53.83605955166666, 17.647976936666666], [60106, 53.83606090166666, 17.647976668333335], [60107, 53.83606208, 17.647976266666667], [60108, 53.83606316333333, 17.647975875], [60109, 53.836064035, 17.647974748333336], [60110, 53.83606560666667, 17.647974296666668], [60111, 53.836066835000004, 17.647973541666666], [60112, 53.83606820166666, 17.647973056666668], [60113, 53.83606945166666, 17.647972475], [60114, 53.83607081333333, 17.647972086666666], [60115, 53.836072191666666, 17.647971486666666], [60116, 53.83606952499999, 17.64798012], [60117, 53.83607051333333, 17.647979413333335], [60118, 53.836071403333335, 17.647980183333335], [60119, 53.83607135166667, 17.647979425000003]]
GPS3: [[60100, 53.83624403666666, 17.647295340000003], [60101, 53.836244548333326, 17.647294648333332], [60102, 53.836246151666664, 17.647294496666667], [60103, 53.836246988333336, 17.64729406], [60104, 53.836248278333336, 17.647294115], [60105, 53.83624966833333, 17.647294305], [60106, 53.83625061333334, 17.647294905000003], [60107, 53.83625179166667, 17.647295301666666], [60108, 53.836253000000006, 17.647295923333335], [60109, 53.83625453333334, 17.647296351666668], [60110, 53.836255445000006, 17.64729647333333], [60111, 53.83625650833333, 17.647296343333334], [60112, 53.83625772666666, 17.64729625833333], [60113, 53.836259185, 17.647296224999998], [60114, 53.83626012166666, 17.647296201666666], [60115, 53.83626137500001, 17.647296441666665], [60116, 53.83626243666666, 17.647296765], [60117, 53.83626381333333, 17.647297138333332], [60118, 53.836264856666666, 17.647297273333333], [60119, 53.83626609833333, 17.647297308333336]]
ref_lat:  53.835699805
ref_lon:  17.64698405333333
aeqd: +proj=aeqd +lat_0=53.835699805 +lon_0=17.64698405333333 +datum=WGS84 +units=m +no_defs +type=crs
fwd: proj=pipeline step proj=unitconvert xy_in=deg xy_out=rad step proj=aeqd lat_0=53.835699805 lon_0=17.6469840533333 x_0=0 y_0=0 ellps=WGS84
inv: proj=pipeline step inv proj=aeqd lat_0=53.835699805 lon_0=17.6469840533333 x_0=0 y_0=0 ellps=WGS84 step proj=unitconvert xy_in=rad xy_out=deg
pos_est: (53.83621983452169, 17.64748363354656)
est_track: [[60100, 53.83543858696869, 17.647590305249246], [60101, 53.83561031412941, 17.647590713607066], [60102, 53.83578142567988, 17.647460887020927], [60103, 53.83607327506955, 17.647431241665995], [60104, 53.83613767788385, 17.647435106416822], [60105, 53.83617161239894, 17.64743072414375], [60106, 53.83616397221322, 17.647430778836156], [60107, 53.83616438729161, 17.64743542894196], [60108, 53.836157764026645, 17.64745144505597], [60109, 53.83583691944089, 17.647419775838273], [60110, 53.8360388854833, 17.6474106277108], [60111, 53.83604379893175, 17.647421569872215], [60112, 53.836040578153636, 17.647408796444847], [60113, 53.83604217459583, 17.64743976999125], [60114, 53.83603752591984, 17.647405604037115], [60115, 53.83601791273982, 17.64733803288202], [60116, 53.8360404175085, 17.64738986053107], [60117, 53.8361775672142, 17.647446210202826], [60118, 53.8362517242684, 17.64744722384946], [60119, 53.83621983452169, 17.64748363354656]]
------------------------------------------------------------------------------------------
[Est_pos child] RUN OK: 20260519_122728_519466
[Est_pos child] Result length: 20
[Est_pos child] Output JSON: C:\Users\Dell\AppData\Local\Temp\zopbsp_estpos_6wcqw0ob\estpos_result.json
==========================================================================================

[Est_pos parent] Run finished: 20260519_122728_519466
[Est_pos parent] Return code: 0
[Est_pos parent] JSON exists: True

[Est_pos parent] RUN OK: 20260519_122728_519466
[Est_pos parent] Result length: 20
----------------------------------------------------------------------------------------------------

----------------------------------------------------------------------------------------------------
[Est_pos parent] Starting run: 20260519_122732_039553
[Est_pos parent] Time: 2026-05-19 12:27:32.039553
[Est_pos parent] Command:
  C:\ProgramData\Anaconda3\envs\Console\python.exe -u -m Est_pos.estimate_pos_runner --out C:\Users\Dell\AppData\Local\Temp\zopbsp_estpos_e04x3vob\estpos_result.json --session-log logs\estpos_subprocess\estpos_session_20260519_122520.log --run-id 20260519_122732_039553 C:\Pi_loc\lauv\RPI1\gps\GPS_RPI1_20260514_080130_Hydro_6673.txt C:\Pi_loc\lauv\RPI2\gps\GPS_RPI2_20260514_080130_Hydro_2624.txt C:\Pi_loc\lauv\RPI3\gps\GPS_RPI3_20260514_080130_Hydro_6675.txt C:\Pi_loc\lauv\RPI1\streaming\RBW6673_20260514_080130.wav C:\Pi_loc\lauv\RPI2\streaming\SAW2624_20260514_080130.wav C:\Pi_loc\lauv\RPI3\streaming\RBW6675_20260514_080130.wav
[Est_pos parent] Working directory:
  C:\Code\ZOPBSP_Console
----------------------------------------------------------------------------------------------------

==========================================================================================
[Est_pos child] RUN START: 20260519_122732_039553
[Est_pos child] Time: 2026-05-19 12:27:32.176946
[Est_pos child] Input files:
  gps1: C:\Pi_loc\lauv\RPI1\gps\GPS_RPI1_20260514_080130_Hydro_6673.txt
  gps2: C:\Pi_loc\lauv\RPI2\gps\GPS_RPI2_20260514_080130_Hydro_2624.txt
  gps3: C:\Pi_loc\lauv\RPI3\gps\GPS_RPI3_20260514_080130_Hydro_6675.txt
  wav1: C:\Pi_loc\lauv\RPI1\streaming\RBW6673_20260514_080130.wav
  wav2: C:\Pi_loc\lauv\RPI2\streaming\SAW2624_20260514_080130.wav
  wav3: C:\Pi_loc\lauv\RPI3\streaming\RBW6675_20260514_080130.wav
------------------------------------------------------------------------------------------
GPS1: [[60130, 53.83571794833333, 17.64696544], [60131, 53.835719135, 17.64696503], [60132, 53.83572029333333, 17.646964693333334], [60133, 53.83572155833334, 17.646964360000002], [60134, 53.83572263666667, 17.646964253333334], [60135, 53.83572385000001, 17.646964076666666], [60136, 53.83572483166666, 17.64696405], [60137, 53.83572584499999, 17.646963930000002], [60138, 53.835726935000004, 17.64696384], [60139, 53.835727823333336, 17.646963581666668], [60140, 53.835728814999996, 17.646963448333334], [60141, 53.83572967166666, 17.64696331], [60142, 53.835730590000004, 17.646963000000003], [60143, 53.83573162, 17.64696251166667], [60144, 53.835732678333336, 17.646962071666668], [60145, 53.83573351666667, 17.646961523333335], [60146, 53.83573456833333, 17.646961071666666], [60147, 53.835735605, 17.646960378333333], [60148, 53.83573650333333, 17.646959748333334], [60149, 53.83573748666666, 17.646959204999998]]
GPS2: [[60130, 53.83609658833334, 17.647967365], [60131, 53.83609682833333, 17.647967686666668], [60132, 53.83609681166666, 17.647967886666667], [60133, 53.83609706166667, 17.647968026666668], [60134, 53.83609705000001, 17.64796777666667], [60135, 53.836097900000006, 17.647968163333335], [60136, 53.836100105, 17.647968601666665], [60137, 53.83610220833332, 17.647969113333332], [60138, 53.83610413333334, 17.647969088333333], [60139, 53.83610586166666, 17.647969030000002], [60140, 53.836107293333335, 17.647968855], [60141, 53.83610831833333, 17.647967989999998], [60142, 53.836108970000005, 17.647967238333333], [60143, 53.83610952000001, 17.647966166666667], [60144, 53.83611001999999, 17.64796523], [60145, 53.836110395, 17.647964571666666], [60146, 53.836110688333335, 17.647963675000003], [60147, 53.836111171666666, 17.64796244], [60148, 53.83611179, 17.647960665000003], [60149, 53.836112863333334, 17.64795936]]
GPS3: [[60130, 53.83628244, 17.647293175], [60131, 53.83628381666667, 17.647292741666668], [60132, 53.836285124999996, 17.647292489999998], [60133, 53.83628669833333, 17.647292076666666], [60134, 53.83628796666667, 17.64729165], [60135, 53.83628965333334, 17.647291318333334], [60136, 53.836290823333336, 17.647290656666666], [60137, 53.83629209166667, 17.647290008333336], [60138, 53.836293841666674, 17.647289758333333], [60139, 53.83629518833333, 17.647289215], [60140, 53.83629670333333, 17.647289071666666], [60141, 53.83629831166666, 17.647289266666668], [60142, 53.83629946999999, 17.647289281666666], [60143, 53.83630093166666, 17.647289661666665], [60144, 53.83630246833333, 17.647289928333333], [60145, 53.83630359166667, 17.647289751666666], [60146, 53.83630491666666, 17.64728983166667], [60147, 53.83630612166667, 17.64728956], [60148, 53.836307273333325, 17.64728897666667], [60149, 53.836308236666675, 17.647288481666667]]
ref_lat:  53.83571794833333
ref_lon:  17.64696544
aeqd: +proj=aeqd +lat_0=53.83571794833333 +lon_0=17.64696544 +datum=WGS84 +units=m +no_defs +type=crs
fwd: proj=pipeline step proj=unitconvert xy_in=deg xy_out=rad step proj=aeqd lat_0=53.8357179483333 lon_0=17.64696544 x_0=0 y_0=0 ellps=WGS84
inv: proj=pipeline step inv proj=aeqd lat_0=53.8357179483333 lon_0=17.64696544 x_0=0 y_0=0 ellps=WGS84 step proj=unitconvert xy_in=rad xy_out=deg
pos_est: (53.836048276241165, 17.647645179333768)
est_track: [[60130, 53.83612051958833, 17.647390178479313], [60131, 53.83616563879961, 17.6473889907009], [60132, 53.83618425264241, 17.647390063811248], [60133, 53.83615980846808, 17.64739797041787], [60134, 53.83619156474691, 17.64743493860145], [60135, 53.83619660946109, 17.647435786570593], [60136, 53.83617808418108, 17.647393470083653], [60137, 53.83616994915293, 17.64738762748304], [60138, 53.836239587917774, 17.64736324610166], [60139, 53.83620858013085, 17.64737061015975], [60140, 53.836201626717894, 17.64737843460492], [60141, 53.83593134589848, 17.647404946628658], [60142, 53.83572865063346, 17.647431991676825], [60143, 53.835598317319715, 17.647460166921004], [60144, 53.83568350204104, 17.647409125807407], [60145, 53.835977725885165, 17.64737844321881], [60146, 53.83614382307898, 17.64738536984399], [60147, 53.83610273066607, 17.647427625041438], [60148, 53.83604084645571, 17.647456508331874], [60149, 53.836048276241165, 17.647645179333768]]
------------------------------------------------------------------------------------------
[Est_pos child] RUN OK: 20260519_122732_039553
[Est_pos child] Result length: 20
[Est_pos child] Output JSON: C:\Users\Dell\AppData\Local\Temp\zopbsp_estpos_e04x3vob\estpos_result.json
==========================================================================================

[Est_pos parent] Run finished: 20260519_122732_039553
[Est_pos parent] Return code: 0
[Est_pos parent] JSON exists: True

[Est_pos parent] RUN OK: 20260519_122732_039553
[Est_pos parent] Result length: 20
----------------------------------------------------------------------------------------------------

----------------------------------------------------------------------------------------------------
[Est_pos parent] Starting run: 20260519_122735_581487
[Est_pos parent] Time: 2026-05-19 12:27:35.581487
[Est_pos parent] Command:
  C:\ProgramData\Anaconda3\envs\Console\python.exe -u -m Est_pos.estimate_pos_runner --out C:\Users\Dell\AppData\Local\Temp\zopbsp_estpos_kl7wpzpb\estpos_result.json --session-log logs\estpos_subprocess\estpos_session_20260519_122520.log --run-id 20260519_122735_581487 C:\Pi_loc\lauv\RPI1\gps\GPS_RPI1_20260514_080200_Hydro_6673.txt C:\Pi_loc\lauv\RPI2\gps\GPS_RPI2_20260514_080200_Hydro_2624.txt C:\Pi_loc\lauv\RPI3\gps\GPS_RPI3_20260514_080200_Hydro_6675.txt C:\Pi_loc\lauv\RPI1\streaming\RBW6673_20260514_080200.wav C:\Pi_loc\lauv\RPI2\streaming\SAW2624_20260514_080200.wav C:\Pi_loc\lauv\RPI3\streaming\RBW6675_20260514_080200.wav
[Est_pos parent] Working directory:
  C:\Code\ZOPBSP_Console
----------------------------------------------------------------------------------------------------

==========================================================================================
[Est_pos child] RUN START: 20260519_122735_581487
[Est_pos child] Time: 2026-05-19 12:27:35.703048
[Est_pos child] Input files:
  gps1: C:\Pi_loc\lauv\RPI1\gps\GPS_RPI1_20260514_080200_Hydro_6673.txt
  gps2: C:\Pi_loc\lauv\RPI2\gps\GPS_RPI2_20260514_080200_Hydro_2624.txt
  gps3: C:\Pi_loc\lauv\RPI3\gps\GPS_RPI3_20260514_080200_Hydro_6675.txt
  wav1: C:\Pi_loc\lauv\RPI1\streaming\RBW6673_20260514_080200.wav
  wav2: C:\Pi_loc\lauv\RPI2\streaming\SAW2624_20260514_080200.wav
  wav3: C:\Pi_loc\lauv\RPI3\streaming\RBW6675_20260514_080200.wav
------------------------------------------------------------------------------------------
GPS1: [[60200, 53.83574559666666, 17.646945206666665], [60201, 53.835746050000004, 17.646943643333334], [60202, 53.83574628333334, 17.646942298333332], [60203, 53.83574655833333, 17.646940886666666], [60204, 53.83574672833333, 17.646939503333332], [60205, 53.835746801666666, 17.64693843166667], [60206, 53.835746978333326, 17.646937265000002], [60207, 53.83574708833333, 17.646936008333334], [60208, 53.83574715166666, 17.64693511833333], [60209, 53.835747295, 17.64693412], [60210, 53.835747473333335, 17.64693338833333], [60211, 53.83574759166666, 17.64693256], [60212, 53.835747913333336, 17.646931610000003], [60213, 53.835748200000005, 17.646930766666667], [60214, 53.83574876166667, 17.646929881666665], [60215, 53.835749338333336, 17.646929258333333], [60216, 53.835749885, 17.64692834166667], [60217, 53.83575059333332, 17.646927463333334], [60218, 53.83575124000001, 17.646926618333335], [60219, 53.83575216999999, 17.646925643333336]]
GPS2: [[60200, 53.836120138333335, 17.647949588333333], [60201, 53.83612059666666, 17.647948948333333], [60202, 53.83612132666667, 17.64794829166667], [60203, 53.836122418333325, 17.647947823333332], [60204, 53.836123301666674, 17.647948456666665], [60205, 53.83612411166667, 17.647948471666666], [60206, 53.836124783333325, 17.647948056666667], [60207, 53.836125509999995, 17.64794743], [60208, 53.83612621166667, 17.647946738333335], [60209, 53.83612686333333, 17.64794647833333], [60210, 53.836127563333335, 17.647945795], [60211, 53.83612794833333, 17.64794497666667], [60212, 53.836128451666674, 17.647944123333332], [60213, 53.83612888999999, 17.647943356666666], [60214, 53.83612954499999, 17.647942551666667], [60215, 53.83613013666666, 17.647942113333333], [60216, 53.83613109333334, 17.647941839999998], [60217, 53.836131795, 17.647941271666664], [60218, 53.836132295, 17.647940676666668], [60219, 53.83613287333333, 17.647940575]]
GPS3: [[60200, 53.83631870666667, 17.64728102666667], [60201, 53.83631955333333, 17.647280471666665], [60202, 53.83632044666667, 17.647279801666667], [60203, 53.83632177333334, 17.647279074999997], [60204, 53.83632260666666, 17.647278541666665], [60205, 53.836323515000004, 17.64727775], [60206, 53.836324690000005, 17.647277123333332], [60207, 53.83632566333334, 17.647276305], [60208, 53.8363267, 17.64727567], [60209, 53.836328011666666, 17.647275063333332], [60210, 53.836329051666674, 17.64727418833333], [60211, 53.83633038166666, 17.647273545], [60212, 53.83633136833334, 17.647272661666666], [60213, 53.836332498333334, 17.647271908333334], [60214, 53.83633369333334, 17.647270915], [60215, 53.83633488, 17.647269865], [60216, 53.836336305, 17.647269044999998], [60217, 53.83633759333334, 17.64726823], [60218, 53.83633865333333, 17.647266981666668], [60219, 53.83634015833333, 17.647266616666666]]
ref_lat:  53.83574559666666
ref_lon:  17.646945206666665
aeqd: +proj=aeqd +lat_0=53.83574559666666 +lon_0=17.646945206666665 +datum=WGS84 +units=m +no_defs +type=crs
fwd: proj=pipeline step proj=unitconvert xy_in=deg xy_out=rad step proj=aeqd lat_0=53.8357455966667 lon_0=17.6469452066667 x_0=0 y_0=0 ellps=WGS84
inv: proj=pipeline step inv proj=aeqd lat_0=53.8357455966667 lon_0=17.6469452066667 x_0=0 y_0=0 ellps=WGS84 step proj=unitconvert xy_in=rad xy_out=deg
pos_est: (53.83622274257173, 17.64779147484771)
est_track: [[60202, 53.83533398458033, 17.648032068568185], [60203, 53.83593611230984, 17.64769376912708], [60204, 53.83554033303779, 17.647698721452393], [60205, 53.836173314005336, 17.64751319534414], [60206, 53.836226440575054, 17.64749062501119], [60207, 53.836386955816714, 17.647509562149732], [60208, 53.836499182677215, 17.64754285637938], [60209, 53.8364147457295, 17.647628912161974], [60210, 53.83630935877631, 17.647617799894245], [60211, 53.836436841744245, 17.647685744802843], [60212, 53.836238991164585, 17.647610170493316], [60213, 53.83619561002983, 17.647762525329227], [60214, 53.83617386773349, 17.647752295007635], [60215, 53.83623096971441, 17.647786572413242], [60216, 53.836072664435584, 17.647781249194548], [60217, 53.83595028715122, 17.647955255065483], [60218, 53.83601285534637, 17.647799993447002], [60219, 53.83622274257173, 17.64779147484771]]
------------------------------------------------------------------------------------------
[Est_pos child] RUN OK: 20260519_122735_581487
[Est_pos child] Result length: 18
[Est_pos child] Output JSON: C:\Users\Dell\AppData\Local\Temp\zopbsp_estpos_kl7wpzpb\estpos_result.json
==========================================================================================

[Est_pos parent] Run finished: 20260519_122735_581487
[Est_pos parent] Return code: 0
[Est_pos parent] JSON exists: True

[Est_pos parent] RUN OK: 20260519_122735_581487
[Est_pos parent] Result length: 18
----------------------------------------------------------------------------------------------------

----------------------------------------------------------------------------------------------------
[Est_pos parent] Starting run: 20260519_122739_360343
[Est_pos parent] Time: 2026-05-19 12:27:39.360343
[Est_pos parent] Command:
  C:\ProgramData\Anaconda3\envs\Console\python.exe -u -m Est_pos.estimate_pos_runner --out C:\Users\Dell\AppData\Local\Temp\zopbsp_estpos_wo_414q0\estpos_result.json --session-log logs\estpos_subprocess\estpos_session_20260519_122520.log --run-id 20260519_122739_360343 C:\Pi_loc\lauv\RPI1\gps\GPS_RPI1_20260514_080230_Hydro_6673.txt C:\Pi_loc\lauv\RPI2\gps\GPS_RPI2_20260514_080230_Hydro_2624.txt C:\Pi_loc\lauv\RPI3\gps\GPS_RPI3_20260514_080230_Hydro_6675.txt C:\Pi_loc\lauv\RPI1\streaming\RBW6673_20260514_080230.wav C:\Pi_loc\lauv\RPI2\streaming\SAW2624_20260514_080230.wav C:\Pi_loc\lauv\RPI3\streaming\RBW6675_20260514_080230.wav
[Est_pos parent] Working directory:
  C:\Code\ZOPBSP_Console
----------------------------------------------------------------------------------------------------

==========================================================================================
[Est_pos child] RUN START: 20260519_122739_360343
[Est_pos child] Time: 2026-05-19 12:27:39.511555
[Est_pos child] Input files:
  gps1: C:\Pi_loc\lauv\RPI1\gps\GPS_RPI1_20260514_080230_Hydro_6673.txt
  gps2: C:\Pi_loc\lauv\RPI2\gps\GPS_RPI2_20260514_080230_Hydro_2624.txt
  gps3: C:\Pi_loc\lauv\RPI3\gps\GPS_RPI3_20260514_080230_Hydro_6675.txt
  wav1: C:\Pi_loc\lauv\RPI1\streaming\RBW6673_20260514_080230.wav
  wav2: C:\Pi_loc\lauv\RPI2\streaming\SAW2624_20260514_080230.wav
  wav3: C:\Pi_loc\lauv\RPI3\streaming\RBW6675_20260514_080230.wav
------------------------------------------------------------------------------------------
GPS1: [[60230, 53.83576176666667, 17.646918045], [60231, 53.83576263666667, 17.646917496666667], [60232, 53.83576337166666, 17.646917051666666], [60233, 53.8357643, 17.646916186666665], [60234, 53.83576503833333, 17.646915728333333], [60235, 53.835765988333335, 17.646915185], [60236, 53.83576672666666, 17.64691472166667], [60237, 53.83576749833334, 17.64691419], [60238, 53.83576830666666, 17.646913891666667], [60239, 53.835769015000004, 17.646913448333333], [60240, 53.83576987, 17.646912996666668], [60241, 53.83577056000001, 17.646912633333333], [60242, 53.83577128499999, 17.646912296666667], [60243, 53.835772008333336, 17.64691183], [60244, 53.83577266, 17.646911245000002], [60245, 53.83577346166667, 17.64691067], [60246, 53.835774081666656, 17.64691005166667], [60247, 53.83577471499999, 17.646909468333334], [60248, 53.83577541500001, 17.646908763333332], [60249, 53.835776010000004, 17.64690801833333]]
GPS2: [[60230, 53.83613164, 17.647945703333335], [60231, 53.836132255, 17.647945413333332], [60232, 53.836133186666665, 17.64794530833333], [60233, 53.836134245, 17.647945353333334], [60234, 53.836135719999994, 17.64794565], [60235, 53.83613727833334, 17.647947023333334], [60236, 53.83613870000001, 17.647947895], [60237, 53.83614020333333, 17.647948373333335], [60238, 53.83614130166667, 17.647948165], [60239, 53.83613499666667, 17.64794925833333], [60240, 53.836139945, 17.647951853333332], [60241, 53.83614528666667, 17.647961661666667], [60242, 53.836148513333335, 17.647970935], [60243, 53.836144675, 17.647982533333334], [60244, 53.83613973833334, 17.647998301666668], [60245, 53.83613235833333, 17.648014996666667], [60246, 53.836122599999996, 17.648033608333332], [60247, 53.83611118833334, 17.64805042833333], [60248, 53.83609926833333, 17.648065298333332], [60249, 53.836088331666666, 17.648077894999997]]
GPS3: [[60230, 53.83635482666667, 17.647254965], [60231, 53.83635662499999, 17.647253850000002], [60232, 53.836357865000004, 17.647252426666668], [60233, 53.83635906999999, 17.64725106], [60234, 53.83636027166667, 17.64724957], [60235, 53.836361585, 17.64724827], [60236, 53.836362905, 17.647247526666668], [60237, 53.83636430166666, 17.647246633333335], [60238, 53.836365353333335, 17.64724557], [60239, 53.83636624833333, 17.647244755], [60240, 53.83636749666666, 17.647243768333333], [60241, 53.836368416666666, 17.647242935], [60242, 53.836369481666665, 17.64724239], [60243, 53.836370609999996, 17.6472417], [60244, 53.83637165666667, 17.647240888333332], [60245, 53.83637252166667, 17.64724002166667], [60246, 53.836373679999994, 17.647239278333334], [60247, 53.83637462, 17.647237949999997], [60248, 53.836375733333334, 17.647237068333332], [60249, 53.83637678, 17.647236185]]
ref_lat:  53.83576176666667
ref_lon:  17.646918045
aeqd: +proj=aeqd +lat_0=53.83576176666667 +lon_0=17.646918045 +datum=WGS84 +units=m +no_defs +type=crs
fwd: proj=pipeline step proj=unitconvert xy_in=deg xy_out=rad step proj=aeqd lat_0=53.8357617666667 lon_0=17.646918045 x_0=0 y_0=0 ellps=WGS84
inv: proj=pipeline step inv proj=aeqd lat_0=53.8357617666667 lon_0=17.646918045 x_0=0 y_0=0 ellps=WGS84 step proj=unitconvert xy_in=rad xy_out=deg
pos_est: (53.835655413489924, 17.648261694149696)
est_track: [[60230, 53.83580099493594, 17.647502716132358], [60231, 53.835913593365376, 17.647664789558064], [60232, 53.83592240075405, 17.647627701436072], [60233, 53.83605991187898, 17.647531194812153], [60234, 53.836226886986246, 17.647427728970804], [60235, 53.83622179873952, 17.647415009576594], [60236, 53.83622899526898, 17.647385033128355], [60237, 53.836237963408884, 17.64733456673367], [60238, 53.836105912617, 17.647415492253607], [60239, 53.83606399544676, 17.64750098821607], [60240, 53.83611953001471, 17.647571223632916], [60241, 53.83620318054194, 17.64772365924947], [60242, 53.836138043428676, 17.647727640309885], [60243, 53.836038699525496, 17.647740481618936], [60244, 53.835791414638514, 17.648059645061295], [60245, 53.83585088803719, 17.647999572981348], [60246, 53.8358981686054, 17.647970775738408], [60247, 53.83568839131626, 17.648361266619283], [60248, 53.83592155991938, 17.64794190335384], [60249, 53.835655413489924, 17.648261694149696]]
------------------------------------------------------------------------------------------
[Est_pos child] RUN OK: 20260519_122739_360343
[Est_pos child] Result length: 20
[Est_pos child] Output JSON: C:\Users\Dell\AppData\Local\Temp\zopbsp_estpos_wo_414q0\estpos_result.json
==========================================================================================

[Est_pos parent] Run finished: 20260519_122739_360343
[Est_pos parent] Return code: 0
[Est_pos parent] JSON exists: True

[Est_pos parent] RUN OK: 20260519_122739_360343
[Est_pos parent] Result length: 20
----------------------------------------------------------------------------------------------------

----------------------------------------------------------------------------------------------------
[Est_pos parent] Starting run: 20260519_122743_605052
[Est_pos parent] Time: 2026-05-19 12:27:43.607066
[Est_pos parent] Command:
  C:\ProgramData\Anaconda3\envs\Console\python.exe -u -m Est_pos.estimate_pos_runner --out C:\Users\Dell\AppData\Local\Temp\zopbsp_estpos_8icr3m_n\estpos_result.json --session-log logs\estpos_subprocess\estpos_session_20260519_122520.log --run-id 20260519_122743_605052 C:\Pi_loc\lauv\RPI1\gps\GPS_RPI1_20260514_080300_Hydro_6673.txt C:\Pi_loc\lauv\RPI2\gps\GPS_RPI2_20260514_080300_Hydro_2624.txt C:\Pi_loc\lauv\RPI3\gps\GPS_RPI3_20260514_080300_Hydro_6675.txt C:\Pi_loc\lauv\RPI1\streaming\RBW6673_20260514_080300.wav C:\Pi_loc\lauv\RPI2\streaming\SAW2624_20260514_080300.wav C:\Pi_loc\lauv\RPI3\streaming\RBW6675_20260514_080300.wav
[Est_pos parent] Working directory:
  C:\Code\ZOPBSP_Console
----------------------------------------------------------------------------------------------------

==========================================================================================
[Est_pos child] RUN START: 20260519_122743_605052
[Est_pos child] Time: 2026-05-19 12:27:43.803442
[Est_pos child] Input files:
  gps1: C:\Pi_loc\lauv\RPI1\gps\GPS_RPI1_20260514_080300_Hydro_6673.txt
  gps2: C:\Pi_loc\lauv\RPI2\gps\GPS_RPI2_20260514_080300_Hydro_2624.txt
  gps3: C:\Pi_loc\lauv\RPI3\gps\GPS_RPI3_20260514_080300_Hydro_6675.txt
  wav1: C:\Pi_loc\lauv\RPI1\streaming\RBW6673_20260514_080300.wav
  wav2: C:\Pi_loc\lauv\RPI2\streaming\SAW2624_20260514_080300.wav
  wav3: C:\Pi_loc\lauv\RPI3\streaming\RBW6675_20260514_080300.wav
------------------------------------------------------------------------------------------
GPS1: [[60300, 53.83578119666666, 17.64690264333333], [60301, 53.835781685, 17.646902493333336], [60302, 53.835782388333335, 17.646902196666666], [60303, 53.83578304166667, 17.64690178833333], [60304, 53.83578379166667, 17.646901403333334], [60305, 53.835784638333344, 17.646901118333336], [60306, 53.835785415, 17.646900863333332], [60307, 53.83578627833334, 17.64690059666667], [60308, 53.83578738333334, 17.646899926666666], [60309, 53.835788333333326, 17.646899766666667], [60310, 53.83578959166666, 17.64689921333333], [60311, 53.835792790000006, 17.646902883333333], [60312, 53.835798545, 17.64691197333333], [60313, 53.83580530833333, 17.646923995], [60314, 53.83581160000001, 17.646938504999998], [60315, 53.83581718166667, 17.64695439333333], [60316, 53.835823035000004, 17.64697024333333], [60317, 53.83582787499999, 17.646983813333335], [60318, 53.83583212, 17.646996875], [60319, 53.83583518499999, 17.647011651666666]]
GPS2: [[60300, 53.83604248666667, 17.64813676], [60301, 53.836044013333336, 17.648138483333334], [60302, 53.83604625833333, 17.648140123333334], [60303, 53.83604866333334, 17.648141728333332], [60304, 53.83605117333333, 17.64814311], [60305, 53.83605307333334, 17.648143318333332], [60306, 53.83605493333333, 17.648142491666665], [60307, 53.83605624166667, 17.648141303333333], [60308, 53.83605720666666, 17.648140135000002], [60309, 53.83605894000001, 17.648140335], [60310, 53.83606065000001, 17.648140763333334], [60311, 53.83606217666667, 17.648141405], [60312, 53.83606295, 17.648141086666666], [60313, 53.836063835000004, 17.648139823333334], [60314, 53.83606473500001, 17.64813957333333], [60315, 53.836065311666665, 17.648138631666665], [60316, 53.836065755, 17.648137578333333], [60317, 53.83606607333333, 17.648136833333336], [60318, 53.836066108333334, 17.648135726666666], [60319, 53.836068035000004, 17.648138403333334]]
GPS3: [[60300, 53.836387431666665, 17.647229481666667], [60301, 53.83638826666667, 17.647228858333335], [60302, 53.836389059999995, 17.647228386666665], [60303, 53.836389776666664, 17.647227433333335], [60304, 53.836390936666675, 17.64722692666667], [60305, 53.83639194166667, 17.647226269999997], [60306, 53.83639302833333, 17.64722555166667], [60307, 53.836394166666665, 17.647224658333336], [60308, 53.836395155000005, 17.647223925], [60309, 53.83639633166668, 17.647223054999998], [60310, 53.83639737833334, 17.647222371666665], [60311, 53.83639863, 17.647221941666665], [60312, 53.83639978166666, 17.647221501666667], [60313, 53.83640090166667, 17.64722097], [60314, 53.836402136666656, 17.64722030833333], [60315, 53.83640331333333, 17.647219731666667], [60316, 53.83640445333334, 17.647219011666667], [60317, 53.836405445000004, 17.64721829], [60318, 53.836406421666666, 17.647217365], [60319, 53.836407435, 17.647216291666666]]
ref_lat:  53.83578119666666
ref_lon:  17.64690264333333
aeqd: +proj=aeqd +lat_0=53.83578119666666 +lon_0=17.64690264333333 +datum=WGS84 +units=m +no_defs +type=crs
fwd: proj=pipeline step proj=unitconvert xy_in=deg xy_out=rad step proj=aeqd lat_0=53.8357811966667 lon_0=17.6469026433333 x_0=0 y_0=0 ellps=WGS84
inv: proj=pipeline step inv proj=aeqd lat_0=53.8357811966667 lon_0=17.6469026433333 x_0=0 y_0=0 ellps=WGS84 step proj=unitconvert xy_in=rad xy_out=deg
pos_est: (99.34526880849444, -3.4120079385643787)
C:\ProgramData\Anaconda3\envs\Console\Lib\site-packages\geopy\point.py:472: UserWarning: Latitude normalization has been prohibited in the newer versions of geopy, because the normalized value happened to be on a different pole, which is probably not what was meant. If you pass coordinates as positional args, please make sure that the order is (latitude, longitude) or (y, x) in Cartesian terms.
  return cls(*args)
est_track: [[60300, 53.83621878920262, 17.647609855135105], [60301, 53.83636153081951, 17.647443461879437], [60302, 53.83632604137987, 17.64745436857076], [60303, 53.83627219866451, 17.647344191996453], [60304, 53.836197867894725, 17.64740079878316], [60305, 53.83610365510677, 17.647486303915336], [60306, 53.8359889395179, 17.647418000633056], [60307, 53.83605157445077, 17.6474316135182], [60308, 53.83596915962061, 17.64749111372525], [60309, 53.83603843120812, 17.647398384846884], [60310, 53.83586048706792, 17.647342953242244], [60311, 53.83586737699329, 17.647514424834885], [60312, 53.83591629733433, 17.647492745192725], [60313, 53.83583249978569, 17.647369619303618], [60314, 53.836259998682664, 17.647504108998795], [60315, 53.83632899427883, 17.647510359472406], [60316, 53.83646392011952, 17.64741277924781], [60317, 53.83654140481309, 17.64741929378328]]
------------------------------------------------------------------------------------------
[Est_pos child] RUN OK: 20260519_122743_605052
[Est_pos child] Result length: 18
[Est_pos child] Output JSON: C:\Users\Dell\AppData\Local\Temp\zopbsp_estpos_8icr3m_n\estpos_result.json
==========================================================================================

[Est_pos parent] Run finished: 20260519_122743_605052
[Est_pos parent] Return code: 0
[Est_pos parent] JSON exists: True

[Est_pos parent] RUN OK: 20260519_122743_605052
[Est_pos parent] Result length: 18
----------------------------------------------------------------------------------------------------

----------------------------------------------------------------------------------------------------
[Est_pos parent] Starting run: 20260519_122747_433996
[Est_pos parent] Time: 2026-05-19 12:27:47.436000
[Est_pos parent] Command:
  C:\ProgramData\Anaconda3\envs\Console\python.exe -u -m Est_pos.estimate_pos_runner --out C:\Users\Dell\AppData\Local\Temp\zopbsp_estpos_l9w3z6me\estpos_result.json --session-log logs\estpos_subprocess\estpos_session_20260519_122520.log --run-id 20260519_122747_433996 C:\Pi_loc\lauv\RPI1\gps\GPS_RPI1_20260514_080330_Hydro_6673.txt C:\Pi_loc\lauv\RPI2\gps\GPS_RPI2_20260514_080330_Hydro_2624.txt C:\Pi_loc\lauv\RPI3\gps\GPS_RPI3_20260514_080330_Hydro_6675.txt C:\Pi_loc\lauv\RPI1\streaming\RBW6673_20260514_080330.wav C:\Pi_loc\lauv\RPI2\streaming\SAW2624_20260514_080330.wav C:\Pi_loc\lauv\RPI3\streaming\RBW6675_20260514_080330.wav
[Est_pos parent] Working directory:
  C:\Code\ZOPBSP_Console
----------------------------------------------------------------------------------------------------

==========================================================================================
[Est_pos child] RUN START: 20260519_122747_433996
[Est_pos child] Time: 2026-05-19 12:27:47.556504
[Est_pos child] Input files:
  gps1: C:\Pi_loc\lauv\RPI1\gps\GPS_RPI1_20260514_080330_Hydro_6673.txt
  gps2: C:\Pi_loc\lauv\RPI2\gps\GPS_RPI2_20260514_080330_Hydro_2624.txt
  gps3: C:\Pi_loc\lauv\RPI3\gps\GPS_RPI3_20260514_080330_Hydro_6675.txt
  wav1: C:\Pi_loc\lauv\RPI1\streaming\RBW6673_20260514_080330.wav
  wav2: C:\Pi_loc\lauv\RPI2\streaming\SAW2624_20260514_080330.wav
  wav3: C:\Pi_loc\lauv\RPI3\streaming\RBW6675_20260514_080330.wav
------------------------------------------------------------------------------------------
GPS1: [[60330, 53.83575304666667, 17.647108488333334], [60331, 53.835740351666665, 17.647111385000002], [60332, 53.835727735, 17.647115401666667], [60333, 53.83571550666667, 17.647120578333332], [60334, 53.835704141666675, 17.64713028], [60335, 53.83569296, 17.647140955], [60336, 53.83568205833333, 17.647152316666666], [60337, 53.83567170333334, 17.647164233333335], [60338, 53.835662535, 17.64717618166667], [60339, 53.83565550666667, 17.647186216666668], [60340, 53.835649815000004, 17.647195810000003], [60341, 53.83564242333333, 17.647203103333332], [60342, 53.835634690000006, 17.647204093333336], [60343, 53.83562382499999, 17.647205355], [60344, 53.83561232, 17.647208738333333], [60345, 53.83560041333333, 17.647212434999997], [60346, 53.835587165, 17.647213716666666], [60347, 53.83557353333334, 17.64721729833333], [60348, 53.83556452999999, 17.647220483333335], [60349, 53.83555804833333, 17.647223075]]
GPS2: [[60330, 53.83606420166667, 17.648123918333333], [60331, 53.836066913333326, 17.648125908333334], [60332, 53.83606720166667, 17.64812577], [60333, 53.836068129999994, 17.6481258], [60334, 53.83606977166667, 17.648125396666668], [60335, 53.83607233166667, 17.648124506666665], [60336, 53.83607331500001, 17.648123443333336], [60337, 53.83607283166666, 17.64812369], [60338, 53.836073903333336, 17.648122736666668], [60339, 53.83607510833334, 17.648121819999997], [60340, 53.83607689666666, 17.648121673333332], [60341, 53.83608052666667, 17.64812019], [60342, 53.83608663500001, 17.648114851666666], [60343, 53.83608833, 17.648109816666665], [60344, 53.83608911166666, 17.648107238333335], [60345, 53.836086896666664, 17.648107356666667], [60346, 53.83608608666667, 17.648113105], [60347, 53.83608689999999, 17.648114468333333], [60348, 53.83608840833334, 17.64811610166667], [60349, 53.83608942166667, 17.64811679]]
GPS3: [[60330, 53.83642032833333, 17.647203088333335], [60331, 53.83642135, 17.647202588333336], [60332, 53.83642245166667, 17.64720207], [60333, 53.83642323166667, 17.647201368333334], [60334, 53.83642412999999, 17.647200951666665], [60335, 53.83642506333334, 17.6472005], [60336, 53.83642606, 17.647200096666666], [60337, 53.83642709000001, 17.647199715], [60338, 53.83642811333334, 17.647199716666666], [60339, 53.83642917666666, 17.64719939], [60340, 53.83643026166666, 17.647198901666666], [60341, 53.83643114833333, 17.64719861], [60342, 53.836432110000004, 17.647198115], [60343, 53.836432871666666, 17.647197754999997], [60344, 53.83643378833334, 17.647197351666666], [60345, 53.836434346666664, 17.64719676], [60346, 53.83643548166666, 17.647196538333333], [60347, 53.83643649333333, 17.64719618166667], [60348, 53.83643708333334, 17.64719579333333], [60349, 53.836438091666665, 17.647194963333334]]
ref_lat:  53.83575304666667
ref_lon:  17.647108488333334
aeqd: +proj=aeqd +lat_0=53.83575304666667 +lon_0=17.647108488333334 +datum=WGS84 +units=m +no_defs +type=crs
fwd: proj=pipeline step proj=unitconvert xy_in=deg xy_out=rad step proj=aeqd lat_0=53.8357530466667 lon_0=17.6471084883333 x_0=0 y_0=0 ellps=WGS84
inv: proj=pipeline step inv proj=aeqd lat_0=53.8357530466667 lon_0=17.6471084883333 x_0=0 y_0=0 ellps=WGS84 step proj=unitconvert xy_in=rad xy_out=deg
pos_est: (-69.54546529744856, -58.88177506888751)
est_track: [[60330, 53.83599499415617, 17.647457181300368], [60331, 53.835910066096964, 17.64745956846754], [60332, 53.83596749771841, 17.64750201962564], [60333, 53.83585623096394, 17.64730922049257], [60334, 53.83605388555071, 17.647404139781404], [60335, 53.83581764155182, 17.647477118447455], [60336, 53.83574695910408, 17.647475221323088], [60337, 53.835715207994404, 17.647514862792274], [60338, 53.835076726345854, 17.647436920230476], [60340, 53.83547294467161, 17.647418364404942], [60341, 53.83564671857346, 17.64754111331393], [60342, 53.83586167614013, 17.647348352454184], [60343, 53.83612995382396, 17.647394902579926], [60344, 53.83618115416701, 17.647417553248474], [60345, 53.836113158442934, 17.647456426060113], [60346, 53.83608314560644, 17.64732558542632], [60347, 53.835957197986296, 17.64729496555996], [60348, 53.83571924653011, 17.647422773323047]]
------------------------------------------------------------------------------------------
[Est_pos child] RUN OK: 20260519_122747_433996
[Est_pos child] Result length: 18
[Est_pos child] Output JSON: C:\Users\Dell\AppData\Local\Temp\zopbsp_estpos_l9w3z6me\estpos_result.json
==========================================================================================

[Est_pos parent] Run finished: 20260519_122747_433996
[Est_pos parent] Return code: 0
[Est_pos parent] JSON exists: True

[Est_pos parent] RUN OK: 20260519_122747_433996
[Est_pos parent] Result length: 18
----------------------------------------------------------------------------------------------------

----------------------------------------------------------------------------------------------------
[Est_pos parent] Starting run: 20260519_122750_924678
[Est_pos parent] Time: 2026-05-19 12:27:50.926681
[Est_pos parent] Command:
  C:\ProgramData\Anaconda3\envs\Console\python.exe -u -m Est_pos.estimate_pos_runner --out C:\Users\Dell\AppData\Local\Temp\zopbsp_estpos_3yc8axy3\estpos_result.json --session-log logs\estpos_subprocess\estpos_session_20260519_122520.log --run-id 20260519_122750_924678 C:\Pi_loc\lauv\RPI1\gps\GPS_RPI1_20260514_080400_Hydro_6673.txt C:\Pi_loc\lauv\RPI2\gps\GPS_RPI2_20260514_080400_Hydro_2624.txt C:\Pi_loc\lauv\RPI3\gps\GPS_RPI3_20260514_080400_Hydro_6675.txt C:\Pi_loc\lauv\RPI1\streaming\RBW6673_20260514_080400.wav C:\Pi_loc\lauv\RPI2\streaming\SAW2624_20260514_080400.wav C:\Pi_loc\lauv\RPI3\streaming\RBW6675_20260514_080400.wav
[Est_pos parent] Working directory:
  C:\Code\ZOPBSP_Console
----------------------------------------------------------------------------------------------------

==========================================================================================
[Est_pos child] RUN START: 20260519_122750_924678
[Est_pos child] Time: 2026-05-19 12:27:51.049312
[Est_pos child] Input files:
  gps1: C:\Pi_loc\lauv\RPI1\gps\GPS_RPI1_20260514_080400_Hydro_6673.txt
  gps2: C:\Pi_loc\lauv\RPI2\gps\GPS_RPI2_20260514_080400_Hydro_2624.txt
  gps3: C:\Pi_loc\lauv\RPI3\gps\GPS_RPI3_20260514_080400_Hydro_6675.txt
  wav1: C:\Pi_loc\lauv\RPI1\streaming\RBW6673_20260514_080400.wav
  wav2: C:\Pi_loc\lauv\RPI2\streaming\SAW2624_20260514_080400.wav
  wav3: C:\Pi_loc\lauv\RPI3\streaming\RBW6675_20260514_080400.wav
------------------------------------------------------------------------------------------
GPS1: [[60400, 53.835542386666674, 17.647231836666666], [60401, 53.835542605, 17.647231671666667], [60402, 53.835542816666674, 17.647231551666668], [60403, 53.83554315, 17.647231393333335], [60404, 53.835543663333326, 17.647230993333334], [60405, 53.83554433999999, 17.647230825], [60406, 53.83554501833334, 17.64723061333333], [60407, 53.83554563999999, 17.647230433333334], [60408, 53.83554651166667, 17.647230108333336], [60409, 53.835547313333336, 17.647229786666667], [60410, 53.83554799, 17.647229345000003], [60411, 53.83554878333333, 17.647229018333334], [60412, 53.835549615000005, 17.64722859], [60413, 53.83555033833333, 17.647228156666664], [60414, 53.835551126666665, 17.647227559999997], [60415, 53.83555189333333, 17.647227165], [60416, 53.835552711666665, 17.647226598333337], [60417, 53.835553485000005, 17.647225945], [60418, 53.835554245000004, 17.647225436666666], [60419, 53.835554970000004, 17.647224861666665]]
GPS2: [[60400, 53.836093895000005, 17.648106241666667], [60401, 53.83609459833333, 17.648105323333333], [60402, 53.83609584333333, 17.648102718333334], [60403, 53.836096455, 17.648101296666667], [60404, 53.83609658499999, 17.648100788333334], [60405, 53.836096761666674, 17.64810048], [60406, 53.83609779666667, 17.648100316666667], [60407, 53.83609896166666, 17.648100203333335], [60408, 53.83610016666667, 17.648099258333332], [60409, 53.836101506666665, 17.648098328333333], [60410, 53.836103259999994, 17.64809746166667], [60411, 53.83610433833334, 17.64809646166667], [60412, 53.83610499500001, 17.648096176666666], [60413, 53.83610572999999, 17.648096736666666], [60414, 53.836106705000006, 17.648096786666667], [60415, 53.8361076, 17.648097388333333], [60416, 53.83610844166666, 17.648097548333332], [60417, 53.83610981666667, 17.648098034999997], [60418, 53.83610501666667, 17.648091341666667], [60419, 53.83610937666667, 17.648096393333333]]
GPS3: [[60400, 53.836448196666666, 17.647177820000003], [60401, 53.836449413333334, 17.647176148333333], [60402, 53.83645019166667, 17.647174436666667], [60403, 53.83645128666667, 17.647173178333333], [60404, 53.83645175, 17.64717178833333], [60405, 53.836453174999995, 17.647170621666664], [60406, 53.83645377166666, 17.64716918], [60407, 53.83645501833333, 17.647167975], [60408, 53.83645605333333, 17.647166865], [60409, 53.83645739333333, 17.647165606666665], [60410, 53.836458505, 17.647164093333334], [60411, 53.83645974666667, 17.64716236], [60412, 53.836460965, 17.647160288333335], [60413, 53.836462261666675, 17.647158225], [60414, 53.836463513333335, 17.64715624666667], [60415, 53.83646486999999, 17.647154245000003], [60416, 53.836466046666665, 17.647152358333337], [60417, 53.83646711666667, 17.647150404999998], [60418, 53.83646840333334, 17.647148535], [60419, 53.83646949333333, 17.647146865]]
ref_lat:  53.835542386666674
ref_lon:  17.647231836666666
aeqd: +proj=aeqd +lat_0=53.835542386666674 +lon_0=17.647231836666666 +datum=WGS84 +units=m +no_defs +type=crs
fwd: proj=pipeline step proj=unitconvert xy_in=deg xy_out=rad step proj=aeqd lat_0=53.8355423866667 lon_0=17.6472318366667 x_0=0 y_0=0 ellps=WGS84
inv: proj=pipeline step inv proj=aeqd lat_0=53.8355423866667 lon_0=17.6472318366667 x_0=0 y_0=0 ellps=WGS84 step proj=unitconvert xy_in=rad xy_out=deg
pos_est: (53.83591535691182, 17.647402983303227)
est_track: [[60400, 53.83685594020249, 17.648250991359387], [60401, 53.83602454551033, 17.6475741709232], [60402, 53.83615637910396, 17.647717246481285], [60403, 53.83617680280854, 17.647687132717653], [60404, 53.836190109158366, 17.64784632208198], [60405, 53.836232891343144, 17.647846946486045], [60406, 53.83668725848476, 17.64838039627671], [60407, 53.83642687755611, 17.64757833665305], [60408, 53.836410297145505, 17.647528795841378], [60409, 53.8363844069033, 17.64748737560865], [60410, 53.83630845470061, 17.647472310282495], [60411, 53.83603107654042, 17.647280141068766], [60412, 53.83599237289969, 17.647135844832917], [60413, 53.83599370591314, 17.647246208672566], [60414, 53.83603665593279, 17.647316801517764], [60415, 53.83600512836465, 17.64731783011825], [60416, 53.836104087537734, 17.64743638273363], [60417, 53.83606638789854, 17.647453367362964], [60418, 53.83594937302603, 17.6473971686349], [60419, 53.83591535691182, 17.647402983303227]]
------------------------------------------------------------------------------------------
[Est_pos child] RUN OK: 20260519_122750_924678
[Est_pos child] Result length: 20
[Est_pos child] Output JSON: C:\Users\Dell\AppData\Local\Temp\zopbsp_estpos_3yc8axy3\estpos_result.json
==========================================================================================

[Est_pos parent] Run finished: 20260519_122750_924678
[Est_pos parent] Return code: 0
[Est_pos parent] JSON exists: True

[Est_pos parent] RUN OK: 20260519_122750_924678
[Est_pos parent] Result length: 20
----------------------------------------------------------------------------------------------------

----------------------------------------------------------------------------------------------------
[Est_pos parent] Starting run: 20260519_122754_486908
[Est_pos parent] Time: 2026-05-19 12:27:54.486908
[Est_pos parent] Command:
  C:\ProgramData\Anaconda3\envs\Console\python.exe -u -m Est_pos.estimate_pos_runner --out C:\Users\Dell\AppData\Local\Temp\zopbsp_estpos_e19lxi59\estpos_result.json --session-log logs\estpos_subprocess\estpos_session_20260519_122520.log --run-id 20260519_122754_486908 C:\Pi_loc\lauv\RPI1\gps\GPS_RPI1_20260514_080430_Hydro_6673.txt C:\Pi_loc\lauv\RPI2\gps\GPS_RPI2_20260514_080430_Hydro_2624.txt C:\Pi_loc\lauv\RPI3\gps\GPS_RPI3_20260514_080430_Hydro_6675.txt C:\Pi_loc\lauv\RPI1\streaming\RBW6673_20260514_080430.wav C:\Pi_loc\lauv\RPI2\streaming\SAW2624_20260514_080430.wav C:\Pi_loc\lauv\RPI3\streaming\RBW6675_20260514_080430.wav
[Est_pos parent] Working directory:
  C:\Code\ZOPBSP_Console
----------------------------------------------------------------------------------------------------

==========================================================================================
[Est_pos child] RUN START: 20260519_122754_486908
[Est_pos child] Time: 2026-05-19 12:27:54.611677
[Est_pos child] Input files:
  gps1: C:\Pi_loc\lauv\RPI1\gps\GPS_RPI1_20260514_080430_Hydro_6673.txt
  gps2: C:\Pi_loc\lauv\RPI2\gps\GPS_RPI2_20260514_080430_Hydro_2624.txt
  gps3: C:\Pi_loc\lauv\RPI3\gps\GPS_RPI3_20260514_080430_Hydro_6675.txt
  wav1: C:\Pi_loc\lauv\RPI1\streaming\RBW6673_20260514_080430.wav
  wav2: C:\Pi_loc\lauv\RPI2\streaming\SAW2624_20260514_080430.wav
  wav3: C:\Pi_loc\lauv\RPI3\streaming\RBW6675_20260514_080430.wav
------------------------------------------------------------------------------------------
GPS1: [[60430, 53.83556148666666, 17.647218133333336], [60431, 53.835562033333325, 17.64721761666667], [60432, 53.83556246, 17.647217051666665], [60433, 53.83556294333333, 17.647216566666668], [60434, 53.83556335, 17.647216065000002], [60435, 53.83556392333333, 17.647215633333335], [60436, 53.835564225000006, 17.647215103333334], [60437, 53.83556478166667, 17.64721477], [60438, 53.83556512, 17.64721442833333], [60439, 53.835565601666666, 17.647214175], [60440, 53.83556608666666, 17.64721382], [60441, 53.83556652000001, 17.647213581666666], [60442, 53.83556711166666, 17.647213304999998], [60443, 53.835567479999995, 17.647213366666666], [60444, 53.83556802500001, 17.647213258333334], [60445, 53.83556850666667, 17.64721309666667], [60446, 53.83556895499999, 17.647213108333336], [60447, 53.835569701666664, 17.647212983333336], [60448, 53.83557012666667, 17.647213068333333], [60449, 53.83557071833334, 17.647213093333335]]
GPS2: [[60430, 53.83612308, 17.64809178166667], [60431, 53.83612355333333, 17.648090009999997], [60432, 53.83612313166667, 17.648087878333335], [60433, 53.836122108333335, 17.648084564999998], [60434, 53.83612153166667, 17.648082158333334], [60435, 53.83612127166666, 17.648080473333334], [60436, 53.836121605, 17.648078196666667], [60437, 53.83612269, 17.648076931666665], [60438, 53.83612427, 17.648077288333333], [60439, 53.836126818333334, 17.648078515], [60440, 53.83612898166666, 17.648078228333336], [60441, 53.836131118333334, 17.648077898333334], [60442, 53.836133153333336, 17.64807784], [60443, 53.836134358333325, 17.64807714], [60444, 53.83613536833333, 17.648076355], [60445, 53.83613630666667, 17.648075876666667], [60446, 53.836136955, 17.64807498], [60447, 53.83613760666667, 17.648073803333332], [60448, 53.83613795333334, 17.648073056666664], [60449, 53.836138356666666, 17.648073135]]
GPS3: [[60430, 53.83648162333334, 17.647128764999998], [60431, 53.83648254333334, 17.647125998333333], [60432, 53.83648336666667, 17.647124393333335], [60433, 53.836484568333326, 17.647124355000003], [60434, 53.83648565833334, 17.647124048333335], [60435, 53.836486719999996, 17.64712324666667], [60436, 53.83648778666667, 17.647123448333332], [60437, 53.836488875, 17.647123033333333], [60438, 53.836489981666666, 17.647123286666666], [60439, 53.836490993333335, 17.64712365833333], [60440, 53.836491891666675, 17.647123280000002], [60441, 53.83649313166667, 17.647123475], [60442, 53.83649378666667, 17.64712326], [60443, 53.83649512, 17.647122229999997], [60444, 53.836495293333336, 17.64712213], [60445, 53.83649603333333, 17.64712164], [60446, 53.83649670166666, 17.647121368333334], [60447, 53.83649728333333, 17.64712088166667], [60448, 53.836500654999995, 17.647121335], [60449, 53.83650176, 17.647121831666666]]
ref_lat:  53.83556148666666
ref_lon:  17.647218133333336
aeqd: +proj=aeqd +lat_0=53.83556148666666 +lon_0=17.647218133333336 +datum=WGS84 +units=m +no_defs +type=crs
fwd: proj=pipeline step proj=unitconvert xy_in=deg xy_out=rad step proj=aeqd lat_0=53.8355614866667 lon_0=17.6472181333333 x_0=0 y_0=0 ellps=WGS84
inv: proj=pipeline step inv proj=aeqd lat_0=53.8355614866667 lon_0=17.6472181333333 x_0=0 y_0=0 ellps=WGS84 step proj=unitconvert xy_in=rad xy_out=deg
pos_est: (53.836900810454004, 17.647489669392176)
est_track: [[60432, 53.83650886313273, 17.64731751069981], [60433, 53.836428191527844, 17.64729800420549], [60434, 53.83649785189639, 17.647340410508143], [60435, 53.83651663344836, 17.647348154175123], [60436, 53.836377486679815, 17.64737345078524], [60437, 53.83618347882525, 17.647350295072258], [60438, 53.83620713922215, 17.647382193750804], [60439, 53.836178877643974, 17.647359671980226], [60440, 53.83608619056615, 17.64729827672973], [60441, 53.83611680254437, 17.647292953040292], [60442, 53.836090608202156, 17.64720079897236], [60443, 53.836094722639366, 17.647135299920098], [60444, 53.83602663716994, 17.646920314356656], [60445, 53.83608930186044, 17.646943976445975], [60446, 53.83611488524628, 17.64710472133925], [60447, 53.83641738680507, 17.64745141106456], [60448, 53.836243138199336, 17.647476720271023], [60449, 53.836900810454004, 17.647489669392176]]
------------------------------------------------------------------------------------------
[Est_pos child] RUN OK: 20260519_122754_486908
[Est_pos child] Result length: 18
[Est_pos child] Output JSON: C:\Users\Dell\AppData\Local\Temp\zopbsp_estpos_e19lxi59\estpos_result.json
==========================================================================================

[Est_pos parent] Run finished: 20260519_122754_486908
[Est_pos parent] Return code: 0
[Est_pos parent] JSON exists: True

[Est_pos parent] RUN OK: 20260519_122754_486908
[Est_pos parent] Result length: 18
----------------------------------------------------------------------------------------------------

----------------------------------------------------------------------------------------------------
[Est_pos parent] Starting run: 20260519_122757_964749
[Est_pos parent] Time: 2026-05-19 12:27:57.964749
[Est_pos parent] Command:
  C:\ProgramData\Anaconda3\envs\Console\python.exe -u -m Est_pos.estimate_pos_runner --out C:\Users\Dell\AppData\Local\Temp\zopbsp_estpos_txwt52ld\estpos_result.json --session-log logs\estpos_subprocess\estpos_session_20260519_122520.log --run-id 20260519_122757_964749 C:\Pi_loc\lauv\RPI1\gps\GPS_RPI1_20260514_080500_Hydro_6673.txt C:\Pi_loc\lauv\RPI2\gps\GPS_RPI2_20260514_080500_Hydro_2624.txt C:\Pi_loc\lauv\RPI3\gps\GPS_RPI3_20260514_080500_Hydro_6675.txt C:\Pi_loc\lauv\RPI1\streaming\RBW6673_20260514_080500.wav C:\Pi_loc\lauv\RPI2\streaming\SAW2624_20260514_080500.wav C:\Pi_loc\lauv\RPI3\streaming\RBW6675_20260514_080500.wav
[Est_pos parent] Working directory:
  C:\Code\ZOPBSP_Console
----------------------------------------------------------------------------------------------------

==========================================================================================
[Est_pos child] RUN START: 20260519_122757_964749
[Est_pos child] Time: 2026-05-19 12:27:58.084883
[Est_pos child] Input files:
  gps1: C:\Pi_loc\lauv\RPI1\gps\GPS_RPI1_20260514_080500_Hydro_6673.txt
  gps2: C:\Pi_loc\lauv\RPI2\gps\GPS_RPI2_20260514_080500_Hydro_2624.txt
  gps3: C:\Pi_loc\lauv\RPI3\gps\GPS_RPI3_20260514_080500_Hydro_6675.txt
  wav1: C:\Pi_loc\lauv\RPI1\streaming\RBW6673_20260514_080500.wav
  wav2: C:\Pi_loc\lauv\RPI2\streaming\SAW2624_20260514_080500.wav
  wav3: C:\Pi_loc\lauv\RPI3\streaming\RBW6675_20260514_080500.wav
------------------------------------------------------------------------------------------
GPS1: [[60500, 53.83557832666667, 17.647213391666664], [60501, 53.83557913166666, 17.64721343], [60502, 53.83557984000001, 17.647213588333333], [60503, 53.83558086, 17.64721345], [60504, 53.83558153666666, 17.64721387666667], [60505, 53.83558252166666, 17.647213726666667], [60506, 53.83558325666666, 17.647214010000003], [60507, 53.83558415166667, 17.647214063333333], [60508, 53.83558504833333, 17.647214061666666], [60509, 53.835585873333336, 17.647214113333334], [60510, 53.835586855, 17.647214169999998], [60511, 53.835587588333325, 17.647214396666666], [60512, 53.83558849666667, 17.6472144], [60513, 53.835589445000004, 17.647214618333333], [60514, 53.83559028, 17.647214566666666], [60515, 53.83559119666667, 17.647214505], [60516, 53.835592051666666, 17.64721458], [60517, 53.835592901666665, 17.647214588333334], [60518, 53.83559356666667, 17.64721472333333], [60519, 53.835594535000006, 17.647214613333333]]
GPS2: [[60500, 53.83614229166666, 17.648079101666667], [60501, 53.836143549999996, 17.648082568333333], [60502, 53.83614532166666, 17.64808340833333], [60503, 53.83614744500001, 17.648084031666667], [60504, 53.8361555, 17.648090101666664], [60505, 53.83615498333334, 17.648090935000003], [60506, 53.836155495, 17.648091126666667], [60507, 53.836155835, 17.648091251666663], [60508, 53.83615648, 17.648091188333336], [60509, 53.83615708333333, 17.648091065000003], [60510, 53.83615757999999, 17.64809067], [60511, 53.83615837000001, 17.648090415000002], [60512, 53.836158955, 17.648090146666668], [60513, 53.836159715, 17.64808971333333], [60514, 53.836160420000006, 17.64808921166667], [60515, 53.83616110166666, 17.648088848333334], [60516, 53.83616161, 17.648088318333336], [60517, 53.83616230999999, 17.648087873333335], [60518, 53.83616258333333, 17.648084231666665], [60519, 53.836162388333335, 17.648082273333333]]
GPS3: [[60500, 53.83650967166667, 17.647118560000003], [60501, 53.83650958166666, 17.647118745], [60502, 53.836510888333336, 17.647119096666664], [60503, 53.836511646666665, 17.647119293333333], [60504, 53.836511851666664, 17.647119598333333], [60505, 53.836512745, 17.647119816666667], [60506, 53.836514279999996, 17.647119363333335], [60507, 53.836515326666664, 17.64711919], [60508, 53.83651554333334, 17.64711882], [60509, 53.83651558, 17.647118673333335], [60510, 53.836517523333335, 17.647117626666667], [60511, 53.836518975000004, 17.64711678666667], [60512, 53.83651994833334, 17.647116533333335], [60513, 53.836521483333335, 17.647116620000002], [60514, 53.83651995666667, 17.64711918833333], [60515, 53.83652115666667, 17.647118773333332], [60516, 53.83652206333333, 17.647117498333333], [60517, 53.83652274333334, 17.647117644999998], [60518, 53.836523523333334, 17.647117246666667], [60519, 53.83652354000001, 17.647117518333335]]
ref_lat:  53.83557832666667
ref_lon:  17.647213391666664
aeqd: +proj=aeqd +lat_0=53.83557832666667 +lon_0=17.647213391666664 +datum=WGS84 +units=m +no_defs +type=crs
fwd: proj=pipeline step proj=unitconvert xy_in=deg xy_out=rad step proj=aeqd lat_0=53.8355783266667 lon_0=17.6472133916667 x_0=0 y_0=0 ellps=WGS84
inv: proj=pipeline step inv proj=aeqd lat_0=53.8355783266667 lon_0=17.6472133916667 x_0=0 y_0=0 ellps=WGS84 step proj=unitconvert xy_in=rad xy_out=deg
pos_est: (53.83607944604043, 17.647314787742285)
est_track: [[60500, 53.835992727838175, 17.647456279407976], [60501, 53.83607425445274, 17.647277424669845], [60502, 53.83607090443792, 17.6472779258443], [60503, 53.83607929325694, 17.647294828018044], [60504, 53.836070724725786, 17.647271565426742], [60505, 53.83606483253176, 17.647255099233362], [60506, 53.83605421265152, 17.647272799749164], [60507, 53.83606952374624, 17.647252077186145], [60508, 53.836044138999775, 17.647291482147676], [60509, 53.83604035213506, 17.647291516901785], [60510, 53.83602647261196, 17.647293327748493], [60511, 53.8360315276283, 17.647289553734165], [60512, 53.83601167335467, 17.64728197839633], [60513, 53.836015338150446, 17.647276108737785], [60514, 53.836024065843446, 17.64725243133001], [60515, 53.83601530630112, 17.64725485209905], [60516, 53.83608929630325, 17.647295544336757], [60517, 53.83607624940579, 17.64731581351807], [60518, 53.83611712201072, 17.647287726902544], [60519, 53.83607944604043, 17.647314787742285]]
------------------------------------------------------------------------------------------
[Est_pos child] RUN OK: 20260519_122757_964749
[Est_pos child] Result length: 20
[Est_pos child] Output JSON: C:\Users\Dell\AppData\Local\Temp\zopbsp_estpos_txwt52ld\estpos_result.json
==========================================================================================

[Est_pos parent] Run finished: 20260519_122757_964749
[Est_pos parent] Return code: 0
[Est_pos parent] JSON exists: True

[Est_pos parent] RUN OK: 20260519_122757_964749
[Est_pos parent] Result length: 20
----------------------------------------------------------------------------------------------------

----------------------------------------------------------------------------------------------------
[Est_pos parent] Starting run: 20260519_122801_430816
[Est_pos parent] Time: 2026-05-19 12:28:01.432819
[Est_pos parent] Command:
  C:\ProgramData\Anaconda3\envs\Console\python.exe -u -m Est_pos.estimate_pos_runner --out C:\Users\Dell\AppData\Local\Temp\zopbsp_estpos_4vi3aabx\estpos_result.json --session-log logs\estpos_subprocess\estpos_session_20260519_122520.log --run-id 20260519_122801_430816 C:\Pi_loc\lauv\RPI1\gps\GPS_RPI1_20260514_080530_Hydro_6673.txt C:\Pi_loc\lauv\RPI2\gps\GPS_RPI2_20260514_080530_Hydro_2624.txt C:\Pi_loc\lauv\RPI3\gps\GPS_RPI3_20260514_080530_Hydro_6675.txt C:\Pi_loc\lauv\RPI1\streaming\RBW6673_20260514_080530.wav C:\Pi_loc\lauv\RPI2\streaming\SAW2624_20260514_080530.wav C:\Pi_loc\lauv\RPI3\streaming\RBW6675_20260514_080530.wav
[Est_pos parent] Working directory:
  C:\Code\ZOPBSP_Console
----------------------------------------------------------------------------------------------------

==========================================================================================
[Est_pos child] RUN START: 20260519_122801_430816
[Est_pos child] Time: 2026-05-19 12:28:01.556742
[Est_pos child] Input files:
  gps1: C:\Pi_loc\lauv\RPI1\gps\GPS_RPI1_20260514_080530_Hydro_6673.txt
  gps2: C:\Pi_loc\lauv\RPI2\gps\GPS_RPI2_20260514_080530_Hydro_2624.txt
  gps3: C:\Pi_loc\lauv\RPI3\gps\GPS_RPI3_20260514_080530_Hydro_6675.txt
  wav1: C:\Pi_loc\lauv\RPI1\streaming\RBW6673_20260514_080530.wav
  wav2: C:\Pi_loc\lauv\RPI2\streaming\SAW2624_20260514_080530.wav
  wav3: C:\Pi_loc\lauv\RPI3\streaming\RBW6675_20260514_080530.wav
------------------------------------------------------------------------------------------
GPS1: [[60530, 53.83560256333333, 17.647214996666666], [60531, 53.83560333833334, 17.647214913333336], [60532, 53.83560415333333, 17.647214678333334], [60533, 53.835604749999995, 17.647214433333332], [60534, 53.83560558333333, 17.64721409166667], [60535, 53.83560623166667, 17.647213748333336], [60536, 53.83560695166666, 17.647213360000002], [60537, 53.8356078, 17.647213153333333], [60538, 53.835608451666666, 17.64721294], [60539, 53.83560928166666, 17.647212631666665], [60540, 53.83561004166666, 17.64721248], [60541, 53.83561077833333, 17.647212233333335], [60542, 53.83561143833334, 17.647211966666667], [60543, 53.83561231, 17.647211698333333], [60544, 53.83561299833333, 17.647211504999998], [60545, 53.83561374333333, 17.647211251666665], [60546, 53.83561451333333, 17.647211138333333], [60547, 53.835615260000004, 17.647210933333334], [60548, 53.835615975, 17.647210626666666], [60549, 53.83561665833333, 17.647210426666668]]
GPS2: [[60530, 53.836162859999995, 17.648072496666668], [60531, 53.83616302666666, 17.648071996666665], [60532, 53.836162275, 17.648070829999998], [60533, 53.83616235666667, 17.64806971333333], [60534, 53.836163715000005, 17.64806765333333], [60535, 53.836164975, 17.64806526], [60536, 53.83616679499999, 17.648062036666666], [60537, 53.83616743833333, 17.648060151666666], [60538, 53.83616751666667, 17.648059273333335], [60539, 53.83616735333333, 17.64805858], [60540, 53.83616682, 17.648058241666668], [60541, 53.836166606666666, 17.648058088333336], [60542, 53.83616680833334, 17.648057446666666], [60543, 53.836167323333335, 17.648055876666668], [60544, 53.836168335, 17.648055251666666], [60545, 53.836168693333335, 17.64805512166667], [60546, 53.836168613333335, 17.648055935], [60547, 53.83616910666667, 17.64805661666667], [60548, 53.836170036666665, 17.64805735], [60549, 53.83617168333333, 17.648057431666665]]
GPS3: [[60530, 53.836541258333334, 17.647118478333333], [60531, 53.83654232166667, 17.647118153333334], [60532, 53.836544068333325, 17.64711894166667], [60533, 53.83653926833334, 17.64712013666667], [60534, 53.836535301666665, 17.647121570000003], [60535, 53.83653613833334, 17.64712073666667], [60536, 53.83653719666666, 17.64711980666667], [60537, 53.83653835166667, 17.64711814], [60538, 53.83653955166666, 17.647116983333333], [60539, 53.83654081333334, 17.647115765000002], [60540, 53.836542371666674, 17.647114775], [60541, 53.836544225000004, 17.647113783333335], [60542, 53.8365457, 17.64711293], [60543, 53.836546853333324, 17.647111578333334], [60544, 53.83654788166667, 17.647109978333333], [60545, 53.83654893, 17.64710888333333], [60546, 53.836549848333334, 17.647107554999998], [60547, 53.836550824999996, 17.647106576666665], [60548, 53.83655167, 17.647105733333333], [60549, 53.83655272666667, 17.647104573333333]]
ref_lat:  53.83560256333333
ref_lon:  17.647214996666666
aeqd: +proj=aeqd +lat_0=53.83560256333333 +lon_0=17.647214996666666 +datum=WGS84 +units=m +no_defs +type=crs
fwd: proj=pipeline step proj=unitconvert xy_in=deg xy_out=rad step proj=aeqd lat_0=53.8356025633333 lon_0=17.6472149966667 x_0=0 y_0=0 ellps=WGS84
inv: proj=pipeline step inv proj=aeqd lat_0=53.8356025633333 lon_0=17.6472149966667 x_0=0 y_0=0 ellps=WGS84 step proj=unitconvert xy_in=rad xy_out=deg
pos_est: (53.83612424169398, 17.647579158196315)
est_track: [[60530, 53.835766155576756, 17.64736267830944], [60531, 53.835847689172766, 17.647295034835654], [60532, 53.83584902781558, 17.647382955372198], [60533, 53.83586647505935, 17.64738207415499], [60534, 53.835915405596246, 17.64745080234483], [60535, 53.836098245444475, 17.647374795588107], [60536, 53.83608186697057, 17.6474009958573], [60537, 53.83614067416175, 17.64735110960657], [60538, 53.83615674237556, 17.6473534528808], [60539, 53.83619218704727, 17.647244501497376], [60540, 53.83622878422785, 17.647265043584625], [60541, 53.836207471022426, 17.647296468832213], [60542, 53.83622303268208, 17.647480269166504], [60543, 53.836238304663205, 17.64752333012844], [60544, 53.83598909054043, 17.647576915629493], [60545, 53.83614919402544, 17.647583909176053], [60546, 53.83612224800547, 17.647590489077423], [60547, 53.83602910245518, 17.647598971575402], [60548, 53.836119029315206, 17.647585776968512], [60549, 53.83612424169398, 17.647579158196315]]
------------------------------------------------------------------------------------------
[Est_pos child] RUN OK: 20260519_122801_430816
[Est_pos child] Result length: 20
[Est_pos child] Output JSON: C:\Users\Dell\AppData\Local\Temp\zopbsp_estpos_4vi3aabx\estpos_result.json
==========================================================================================

[Est_pos parent] Run finished: 20260519_122801_430816
[Est_pos parent] Return code: 0
[Est_pos parent] JSON exists: True

[Est_pos parent] RUN OK: 20260519_122801_430816
[Est_pos parent] Result length: 20
----------------------------------------------------------------------------------------------------

----------------------------------------------------------------------------------------------------
[Est_pos parent] Starting run: 20260519_122804_948571
[Est_pos parent] Time: 2026-05-19 12:28:04.950581
[Est_pos parent] Command:
  C:\ProgramData\Anaconda3\envs\Console\python.exe -u -m Est_pos.estimate_pos_runner --out C:\Users\Dell\AppData\Local\Temp\zopbsp_estpos_jickreiu\estpos_result.json --session-log logs\estpos_subprocess\estpos_session_20260519_122520.log --run-id 20260519_122804_948571 C:\Pi_loc\lauv\RPI1\gps\GPS_RPI1_20260514_080600_Hydro_6673.txt C:\Pi_loc\lauv\RPI2\gps\GPS_RPI2_20260514_080600_Hydro_2624.txt C:\Pi_loc\lauv\RPI3\gps\GPS_RPI3_20260514_080600_Hydro_6675.txt C:\Pi_loc\lauv\RPI1\streaming\RBW6673_20260514_080600.wav C:\Pi_loc\lauv\RPI2\streaming\SAW2624_20260514_080600.wav C:\Pi_loc\lauv\RPI3\streaming\RBW6675_20260514_080600.wav
[Est_pos parent] Working directory:
  C:\Code\ZOPBSP_Console
----------------------------------------------------------------------------------------------------

==========================================================================================
[Est_pos child] RUN START: 20260519_122804_948571
[Est_pos child] Time: 2026-05-19 12:28:05.070752
[Est_pos child] Input files:
  gps1: C:\Pi_loc\lauv\RPI1\gps\GPS_RPI1_20260514_080600_Hydro_6673.txt
  gps2: C:\Pi_loc\lauv\RPI2\gps\GPS_RPI2_20260514_080600_Hydro_2624.txt
  gps3: C:\Pi_loc\lauv\RPI3\gps\GPS_RPI3_20260514_080600_Hydro_6675.txt
  wav1: C:\Pi_loc\lauv\RPI1\streaming\RBW6673_20260514_080600.wav
  wav2: C:\Pi_loc\lauv\RPI2\streaming\SAW2624_20260514_080600.wav
  wav3: C:\Pi_loc\lauv\RPI3\streaming\RBW6675_20260514_080600.wav
------------------------------------------------------------------------------------------
GPS1: [[60600, 53.835624304999996, 17.647204331666668], [60601, 53.83562468499999, 17.64720348333333], [60602, 53.83562534833333, 17.647202893333333], [60603, 53.835625836666665, 17.647202264999997], [60604, 53.83562624666667, 17.647201521666666], [60605, 53.83562680333333, 17.647201076666665], [60606, 53.835627298333335, 17.647200605000002], [60607, 53.83562770833334, 17.647200221666665], [60608, 53.83562813666667, 17.647199938333333], [60609, 53.835628728333326, 17.647199723333333], [60610, 53.835629186666665, 17.64719961666667], [60611, 53.83562978666667, 17.647199428333334], [60612, 53.835630671666664, 17.647199351666664], [60613, 53.835631598333336, 17.64719941], [60614, 53.83563257166667, 17.647199446666665], [60615, 53.83563373666666, 17.647199483333335], [60616, 53.835634845, 17.647199471666667], [60617, 53.835635945, 17.647199573333335], [60618, 53.83563720666666, 17.64719977], [60619, 53.835638393333326, 17.647199991666664]]
GPS2: [[60600, 53.83618171, 17.648054249999998], [60601, 53.83618203666666, 17.648054131666665], [60602, 53.83618253166666, 17.648054146666666], [60603, 53.83618329833333, 17.648053185], [60604, 53.83618381333334, 17.648052528333334], [60605, 53.836184689999996, 17.6480517], [60606, 53.83618524833334, 17.648050816666668], [60607, 53.836185926666666, 17.648050188333332], [60608, 53.83618701166667, 17.648049656666668], [60609, 53.83618778499999, 17.648049263333334], [60610, 53.836188668333335, 17.648048458333335], [60611, 53.83618966666666, 17.648047799999997], [60612, 53.836190495, 17.64804691], [60613, 53.83619128, 17.648045353333334], [60614, 53.836192443333324, 17.648043828333336], [60615, 53.836193269999995, 17.64804206333333], [60616, 53.836194045, 17.648040403333333], [60617, 53.83619492333334, 17.648038468333333], [60618, 53.83619528999999, 17.648036913333332], [60619, 53.83619590833334, 17.648035825]]
GPS3: [[60600, 53.83656220666667, 17.647102920000002], [60601, 53.83656301833333, 17.64710265833333], [60602, 53.83656375, 17.647102436666668], [60603, 53.83656453666667, 17.647102403333335], [60604, 53.83656587833334, 17.64710175], [60605, 53.83656705833334, 17.64710155], [60606, 53.836568255, 17.64710095166667], [60607, 53.83656887666666, 17.647100150000004], [60608, 53.836569295, 17.647099878333332], [60609, 53.83657019166667, 17.647099753333336], [60610, 53.836571219999996, 17.647099869999998], [60611, 53.83657263833334, 17.647099596666667], [60612, 53.836574629999994, 17.64709892333333], [60613, 53.83657684666667, 17.647097716666668], [60614, 53.836578451666675, 17.647096488333332], [60615, 53.83657956666666, 17.64709450666667], [60616, 53.836580070000004, 17.647092553333334], [60617, 53.83658023500001, 17.647090316666667], [60618, 53.83658003833334, 17.64708851], [60619, 53.836580053333336, 17.64708662]]
ref_lat:  53.835624304999996
ref_lon:  17.647204331666668
aeqd: +proj=aeqd +lat_0=53.835624304999996 +lon_0=17.647204331666668 +datum=WGS84 +units=m +no_defs +type=crs
fwd: proj=pipeline step proj=unitconvert xy_in=deg xy_out=rad step proj=aeqd lat_0=53.835624305 lon_0=17.6472043316667 x_0=0 y_0=0 ellps=WGS84
inv: proj=pipeline step inv proj=aeqd lat_0=53.835624305 lon_0=17.6472043316667 x_0=0 y_0=0 ellps=WGS84 step proj=unitconvert xy_in=rad xy_out=deg
pos_est: (53.836401301560194, 17.64778032048219)
est_track: [[60600, 53.83624686950392, 17.647483561483703], [60601, 53.83624546303607, 17.647515889507055], [60602, 53.836200033825406, 17.64751474134575], [60603, 53.836194183085766, 17.647626632943393], [60604, 53.83624018185336, 17.64765348151855], [60605, 53.83619725758571, 17.64771481636128], [60606, 53.836219269771625, 17.64774012215104], [60607, 53.836229943469775, 17.647794563302035], [60608, 53.83603917592308, 17.6477977772449], [60609, 53.83612254803973, 17.64779295154942], [60610, 53.83628425829354, 17.647782482119748], [60611, 53.83610914492301, 17.647877655256707], [60612, 53.83616510893736, 17.64788132574132], [60613, 53.8367612963856, 17.648127706195325], [60614, 53.83685198271847, 17.648204816538097], [60615, 53.83684627043926, 17.648127279471638], [60616, 53.83665737384953, 17.647957321382737], [60617, 53.836591897012504, 17.6479239123659], [60618, 53.836409937332384, 17.647810467836997], [60619, 53.836401301560194, 17.64778032048219]]
------------------------------------------------------------------------------------------
[Est_pos child] RUN OK: 20260519_122804_948571
[Est_pos child] Result length: 20
[Est_pos child] Output JSON: C:\Users\Dell\AppData\Local\Temp\zopbsp_estpos_jickreiu\estpos_result.json
==========================================================================================

[Est_pos parent] Run finished: 20260519_122804_948571
[Est_pos parent] Return code: 0
[Est_pos parent] JSON exists: True

[Est_pos parent] RUN OK: 20260519_122804_948571
[Est_pos parent] Result length: 20
----------------------------------------------------------------------------------------------------

----------------------------------------------------------------------------------------------------
[Est_pos parent] Starting run: 20260519_122808_449378
[Est_pos parent] Time: 2026-05-19 12:28:08.449378
[Est_pos parent] Command:
  C:\ProgramData\Anaconda3\envs\Console\python.exe -u -m Est_pos.estimate_pos_runner --out C:\Users\Dell\AppData\Local\Temp\zopbsp_estpos_uksxm6hz\estpos_result.json --session-log logs\estpos_subprocess\estpos_session_20260519_122520.log --run-id 20260519_122808_449378 C:\Pi_loc\lauv\RPI1\gps\GPS_RPI1_20260514_080630_Hydro_6673.txt C:\Pi_loc\lauv\RPI2\gps\GPS_RPI2_20260514_080630_Hydro_2624.txt C:\Pi_loc\lauv\RPI3\gps\GPS_RPI3_20260514_080630_Hydro_6675.txt C:\Pi_loc\lauv\RPI1\streaming\RBW6673_20260514_080630.wav C:\Pi_loc\lauv\RPI2\streaming\SAW2624_20260514_080630.wav C:\Pi_loc\lauv\RPI3\streaming\RBW6675_20260514_080630.wav
[Est_pos parent] Working directory:
  C:\Code\ZOPBSP_Console
----------------------------------------------------------------------------------------------------

==========================================================================================
[Est_pos child] RUN START: 20260519_122808_449378
[Est_pos child] Time: 2026-05-19 12:28:08.570988
[Est_pos child] Input files:
  gps1: C:\Pi_loc\lauv\RPI1\gps\GPS_RPI1_20260514_080630_Hydro_6673.txt
  gps2: C:\Pi_loc\lauv\RPI2\gps\GPS_RPI2_20260514_080630_Hydro_2624.txt
  gps3: C:\Pi_loc\lauv\RPI3\gps\GPS_RPI3_20260514_080630_Hydro_6675.txt
  wav1: C:\Pi_loc\lauv\RPI1\streaming\RBW6673_20260514_080630.wav
  wav2: C:\Pi_loc\lauv\RPI2\streaming\SAW2624_20260514_080630.wav
  wav3: C:\Pi_loc\lauv\RPI3\streaming\RBW6675_20260514_080630.wav
------------------------------------------------------------------------------------------
GPS1: [[60630, 53.835649735, 17.647204246666668], [60631, 53.83565059166667, 17.647204788333333], [60632, 53.83565134166667, 17.647204998333333], [60633, 53.83565231833333, 17.647205293333332], [60634, 53.835653054999995, 17.647205668333335], [60635, 53.83565392166667, 17.647205903333333], [60636, 53.835654631666664, 17.647206111666666], [60637, 53.83565555166667, 17.647206196666666], [60638, 53.83565639666667, 17.64720628166667], [60639, 53.835657193333326, 17.647206236666666], [60640, 53.83565806, 17.64720586], [60641, 53.83565912166667, 17.64720562333333], [60642, 53.83566004833333, 17.64720499166667], [60643, 53.83566106833334, 17.64720433833333], [60644, 53.835662064999994, 17.647203488333332], [60645, 53.83566311166666, 17.647202505], [60646, 53.83566405166666, 17.647201363333334], [60647, 53.83566504666666, 17.64720004333333], [60648, 53.83566604833333, 17.64719871], [60649, 53.83566692833333, 17.647197268333333]]
GPS2: [[60630, 53.836196890000004, 17.648023241666667], [60631, 53.83619177833332, 17.648018981666667], [60632, 53.83619211333333, 17.648015436666665], [60633, 53.836192585, 17.648014298333333], [60634, 53.83619131166667, 17.648014755000002], [60635, 53.836192815000004, 17.648019088333335], [60636, 53.83619589833334, 17.648024863333333], [60637, 53.83619968333334, 17.64802682666667], [60638, 53.836205066666665, 17.648026831666666], [60639, 53.83620960333333, 17.64802685833333], [60640, 53.83621367666667, 17.64802722], [60641, 53.83621693833334, 17.64802759333333], [60642, 53.836223358333335, 17.648034908333333], [60643, 53.83622773833334, 17.6480371], [60644, 53.836229396666674, 17.648037276666667], [60645, 53.836232125, 17.648035138333334], [60646, 53.83623270333332, 17.64803498], [60647, 53.83623346166667, 17.648034576666664], [60648, 53.83623387833333, 17.648034216666666], [60649, 53.83623462333333, 17.64803359833333]]
GPS3: [[60630, 53.836583705, 17.647069813333335], [60631, 53.83658433666666, 17.647068521666665], [60632, 53.83658537333334, 17.647067493333335], [60633, 53.836586004999994, 17.647066428333336], [60634, 53.83658593333333, 17.647064651666668], [60635, 53.83658684499999, 17.64706331], [60636, 53.83658765333333, 17.647061981666663], [60637, 53.83658848, 17.647060946666667], [60638, 53.83658908166667, 17.647059921666667], [60639, 53.836589905, 17.647058801666667], [60640, 53.83659059, 17.647058296666668], [60641, 53.836591498333334, 17.647057468333333], [60642, 53.836592474999996, 17.647056430000003], [60643, 53.83659334166667, 17.647055683333335], [60644, 53.83659425999999, 17.647054346666668], [60645, 53.836595169999995, 17.647053158333332], [60646, 53.83659609666667, 17.647052111666667], [60647, 53.83659711333333, 17.647050815], [60648, 53.83659818833333, 17.647049493333334], [60649, 53.836599065, 17.64704815166667]]
ref_lat:  53.835649735
ref_lon:  17.647204246666668
aeqd: +proj=aeqd +lat_0=53.835649735 +lon_0=17.647204246666668 +datum=WGS84 +units=m +no_defs +type=crs
fwd: proj=pipeline step proj=unitconvert xy_in=deg xy_out=rad step proj=aeqd lat_0=53.835649735 lon_0=17.6472042466667 x_0=0 y_0=0 ellps=WGS84
inv: proj=pipeline step inv proj=aeqd lat_0=53.835649735 lon_0=17.6472042466667 x_0=0 y_0=0 ellps=WGS84 step proj=unitconvert xy_in=rad xy_out=deg
pos_est: (53.83610002451968, 17.647539744111228)
est_track: [[60630, 53.83624192849317, 17.647704856076032], [60631, 53.83617246011941, 17.647708015257006], [60632, 53.83608760567009, 17.64769545749749], [60633, 53.83624520762957, 17.647696906579966], [60634, 53.8361011897796, 17.64771663952014], [60635, 53.83612355229903, 17.647707962540057], [60636, 53.83638676374863, 17.647633012959997], [60637, 53.83614539568755, 17.647644972553525], [60638, 53.83616671730945, 17.64760239906687], [60639, 53.83622667949116, 17.647561087745835], [60640, 53.836213436604034, 17.647545730450087], [60641, 53.83620810381116, 17.647543558668243], [60642, 53.836174057891775, 17.647532965125162], [60643, 53.836164852588524, 17.647514306505723], [60644, 53.83613094686636, 17.647523903028556], [60645, 53.83607320041057, 17.647541175708454], [60646, 53.83603848807711, 17.647561294868954], [60647, 53.83607328343208, 17.64752667047995], [60648, 53.836037310489004, 17.647567628644232], [60649, 53.83610002451968, 17.647539744111228]]
------------------------------------------------------------------------------------------
[Est_pos child] RUN OK: 20260519_122808_449378
[Est_pos child] Result length: 20
[Est_pos child] Output JSON: C:\Users\Dell\AppData\Local\Temp\zopbsp_estpos_uksxm6hz\estpos_result.json
==========================================================================================

[Est_pos parent] Run finished: 20260519_122808_449378
[Est_pos parent] Return code: 0
[Est_pos parent] JSON exists: True

[Est_pos parent] RUN OK: 20260519_122808_449378
[Est_pos parent] Result length: 20
----------------------------------------------------------------------------------------------------

----------------------------------------------------------------------------------------------------
[Est_pos parent] Starting run: 20260519_122811_929794
[Est_pos parent] Time: 2026-05-19 12:28:11.929794
[Est_pos parent] Command:
  C:\ProgramData\Anaconda3\envs\Console\python.exe -u -m Est_pos.estimate_pos_runner --out C:\Users\Dell\AppData\Local\Temp\zopbsp_estpos_6c_u0d_v\estpos_result.json --session-log logs\estpos_subprocess\estpos_session_20260519_122520.log --run-id 20260519_122811_929794 C:\Pi_loc\lauv\RPI1\gps\GPS_RPI1_20260514_080700_Hydro_6673.txt C:\Pi_loc\lauv\RPI2\gps\GPS_RPI2_20260514_080700_Hydro_2624.txt C:\Pi_loc\lauv\RPI3\gps\GPS_RPI3_20260514_080700_Hydro_6675.txt C:\Pi_loc\lauv\RPI1\streaming\RBW6673_20260514_080700.wav C:\Pi_loc\lauv\RPI2\streaming\SAW2624_20260514_080700.wav C:\Pi_loc\lauv\RPI3\streaming\RBW6675_20260514_080700.wav
[Est_pos parent] Working directory:
  C:\Code\ZOPBSP_Console
----------------------------------------------------------------------------------------------------

==========================================================================================
[Est_pos child] RUN START: 20260519_122811_929794
[Est_pos child] Time: 2026-05-19 12:28:12.050439
[Est_pos child] Input files:
  gps1: C:\Pi_loc\lauv\RPI1\gps\GPS_RPI1_20260514_080700_Hydro_6673.txt
  gps2: C:\Pi_loc\lauv\RPI2\gps\GPS_RPI2_20260514_080700_Hydro_2624.txt
  gps3: C:\Pi_loc\lauv\RPI3\gps\GPS_RPI3_20260514_080700_Hydro_6675.txt
  wav1: C:\Pi_loc\lauv\RPI1\streaming\RBW6673_20260514_080700.wav
  wav2: C:\Pi_loc\lauv\RPI2\streaming\SAW2624_20260514_080700.wav
  wav3: C:\Pi_loc\lauv\RPI3\streaming\RBW6675_20260514_080700.wav
------------------------------------------------------------------------------------------
GPS1: [[60700, 53.83567157166667, 17.647185021666665], [60701, 53.835671850000004, 17.647184433333333], [60702, 53.83567226833334, 17.647184], [60703, 53.83567259333333, 17.647183715], [60704, 53.83567300166666, 17.647183398333333], [60705, 53.83567344, 17.647183163333334], [60706, 53.83567388333333, 17.647182991666668], [60707, 53.83567452333333, 17.647182535000002], [60708, 53.83567508833333, 17.647182581666666], [60709, 53.83567585000001, 17.647182320000002], [60710, 53.83567665833333, 17.647182028333336], [60711, 53.83567746833334, 17.647181885000002], [60712, 53.83567839333333, 17.647181633333332], [60713, 53.83567941333334, 17.647181321666668], [60714, 53.83568047666666, 17.647180936666665], [60715, 53.83568158666667, 17.647180656666666], [60716, 53.835682786666666, 17.647180366666664], [60717, 53.83568402166667, 17.64718002333333], [60718, 53.83568521166667, 17.64717985], [60719, 53.83568646333333, 17.647179745000003]]
GPS2: [[60700, 53.83624388, 17.648024146666668], [60701, 53.836244619999995, 17.648023191666667], [60702, 53.83624565, 17.648022294999997], [60703, 53.83624640666667, 17.648021325], [60704, 53.83624716333334, 17.648020366666668], [60705, 53.836248035000004, 17.648019214999998], [60706, 53.836248774999994, 17.648018348333334], [60707, 53.836249685, 17.648017445], [60708, 53.83625050333333, 17.648016270000003], [60709, 53.83625119666667, 17.648015675], [60710, 53.83625204500001, 17.648014491666668], [60711, 53.83625292499999, 17.64801356], [60712, 53.83625351333333, 17.648013031666668], [60713, 53.836254493333335, 17.64801203], [60714, 53.83625532833333, 17.648011606666667], [60715, 53.836256128333325, 17.648010871666667], [60716, 53.83625685166667, 17.648010206666665], [60717, 53.83625762666667, 17.64800939166667], [60718, 53.836258278333325, 17.648008798333333], [60719, 53.836259205000005, 17.64800798]]
GPS3: [[60700, 53.83660963166667, 17.647037276666666], [60701, 53.83661045833334, 17.647036725], [60702, 53.8366137, 17.64703098], [60703, 53.83661266833333, 17.647034008333332], [60704, 53.836613695000004, 17.647032495], [60705, 53.836614193333325, 17.647031716666667], [60706, 53.83661844333333, 17.647027096666665], [60707, 53.836615275, 17.647030551666667], [60708, 53.83661525666666, 17.647030556666667], [60709, 53.83661557666666, 17.647030408333332], [60710, 53.836615904999995, 17.64703015166667], [60711, 53.83661605, 17.647030513333334], [60712, 53.83661643833334, 17.647030748333336], [60713, 53.836616565, 17.647031758333334], [60714, 53.83661666666667, 17.647032638333332], [60715, 53.83661682499999, 17.64703259166667], [60716, 53.836617499999996, 17.647032453333335], [60717, 53.83661831999999, 17.647032243333335], [60718, 53.836619175, 17.647031901666665], [60719, 53.83661964166666, 17.647031783333333]]
ref_lat:  53.83567157166667
ref_lon:  17.647185021666665
aeqd: +proj=aeqd +lat_0=53.83567157166667 +lon_0=17.647185021666665 +datum=WGS84 +units=m +no_defs +type=crs
fwd: proj=pipeline step proj=unitconvert xy_in=deg xy_out=rad step proj=aeqd lat_0=53.8356715716667 lon_0=17.6471850216667 x_0=0 y_0=0 ellps=WGS84
inv: proj=pipeline step inv proj=aeqd lat_0=53.8356715716667 lon_0=17.6471850216667 x_0=0 y_0=0 ellps=WGS84 step proj=unitconvert xy_in=rad xy_out=deg
pos_est: (53.83638680084481, 17.647481942996674)
est_track: [[60700, 53.83641431422266, 17.64736912166341], [60701, 53.83614728919454, 17.647401866061326], [60702, 53.8361376899819, 17.64741792546393], [60703, 53.83614748176301, 17.64739734427492], [60704, 53.836296486367615, 17.647354698747527], [60705, 53.836203955118776, 17.647374558966977], [60706, 53.83645799829615, 17.647354931131556], [60707, 53.8365022785266, 17.64734940021816], [60708, 53.836243325204734, 17.64723605519841], [60709, 53.83625681899397, 17.647178878618107], [60710, 53.83625842840019, 17.647055368847663], [60711, 53.83611809495381, 17.647221561235177], [60712, 53.8361269486775, 17.647338674155858], [60713, 53.83596721871246, 17.64771749731842], [60714, 53.835939883225414, 17.647773422225338], [60715, 53.83603056365093, 17.647689468637033], [60716, 53.836122217276916, 17.647602329638403], [60717, 53.83621710467005, 17.647501177606514], [60718, 53.836381283073756, 17.64742705824479], [60719, 53.83638680084481, 17.647481942996674]]
------------------------------------------------------------------------------------------
[Est_pos child] RUN OK: 20260519_122811_929794
[Est_pos child] Result length: 20
[Est_pos child] Output JSON: C:\Users\Dell\AppData\Local\Temp\zopbsp_estpos_6c_u0d_v\estpos_result.json
==========================================================================================

[Est_pos parent] Run finished: 20260519_122811_929794
[Est_pos parent] Return code: 0
[Est_pos parent] JSON exists: True

[Est_pos parent] RUN OK: 20260519_122811_929794
[Est_pos parent] Result length: 20
----------------------------------------------------------------------------------------------------

----------------------------------------------------------------------------------------------------
[Est_pos parent] Starting run: 20260519_122944_858869
[Est_pos parent] Time: 2026-05-19 12:29:44.858869
[Est_pos parent] Command:
  C:\ProgramData\Anaconda3\envs\Console\python.exe -u -m Est_pos.estimate_pos_runner --out C:\Users\Dell\AppData\Local\Temp\zopbsp_estpos_gnlp5ps2\estpos_result.json --session-log logs\estpos_subprocess\estpos_session_20260519_122520.log --run-id 20260519_122944_858869 C:\Pi_loc\otter\RPI1\gps\GPS_RPI1_20260514_074930_Hydro_6673.txt C:\Pi_loc\otter\RPI2\gps\GPS_RPI2_20260514_074930_Hydro_2624.txt C:\Pi_loc\otter\RPI3\gps\GPS_RPI3_20260514_074930_Hydro_6675.txt C:\Pi_loc\otter\RPI1\streaming\RBW6673_20260514_074930.wav C:\Pi_loc\otter\RPI2\streaming\SAW2624_20260514_074930.wav C:\Pi_loc\otter\RPI3\streaming\RBW6675_20260514_074930.wav
[Est_pos parent] Working directory:
  C:\Code\ZOPBSP_Console
----------------------------------------------------------------------------------------------------

==========================================================================================
[Est_pos child] RUN START: 20260519_122944_858869
[Est_pos child] Time: 2026-05-19 12:29:44.978373
[Est_pos child] Input files:
  gps1: C:\Pi_loc\otter\RPI1\gps\GPS_RPI1_20260514_074930_Hydro_6673.txt
  gps2: C:\Pi_loc\otter\RPI2\gps\GPS_RPI2_20260514_074930_Hydro_2624.txt
  gps3: C:\Pi_loc\otter\RPI3\gps\GPS_RPI3_20260514_074930_Hydro_6675.txt
  wav1: C:\Pi_loc\otter\RPI1\streaming\RBW6673_20260514_074930.wav
  wav2: C:\Pi_loc\otter\RPI2\streaming\SAW2624_20260514_074930.wav
  wav3: C:\Pi_loc\otter\RPI3\streaming\RBW6675_20260514_074930.wav
------------------------------------------------------------------------------------------
GPS1: [[54930, 53.835549529999994, 17.647261766666666], [54931, 53.83554995166666, 17.647260888333335], [54932, 53.83555021, 17.647259993333332], [54933, 53.83555071166667, 17.647259133333332], [54934, 53.83555099499999, 17.647258113333333], [54935, 53.83555134833333, 17.647257301666667], [54936, 53.83555164999999, 17.64725645], [54937, 53.835551851666665, 17.64725573666667], [54938, 53.83555208166668, 17.647255051666665], [54939, 53.835552388333326, 17.647254420000003], [54940, 53.83555267166666, 17.64725362], [54941, 53.83555285166667, 17.647253106666668], [54942, 53.83555303, 17.647252703333333], [54943, 53.835553213333334, 17.64725215], [54944, 53.83555335833333, 17.64725168], [54945, 53.83555351333333, 17.647251341666667], [54946, 53.83555371833333, 17.647250865], [54947, 53.83555392, 17.647250513333333], [54948, 53.83555406666666, 17.647250221666663], [54949, 53.83555436166667, 17.647249703333333]]
GPS2: [[54930, 53.835855021666674, 17.648136941666667], [54931, 53.83585630833333, 17.648136368333333], [54932, 53.83585742666667, 17.64813669], [54933, 53.835856756666665, 17.648136891666663], [54934, 53.835851209999994, 17.648145493333335], [54935, 53.835851438333336, 17.648145745], [54936, 53.83585224, 17.648144176666666], [54937, 53.83585801166667, 17.64813802666667], [54938, 53.835852753333334, 17.648145345], [54939, 53.83585357666666, 17.648144854999998], [54940, 53.83585401333333, 17.648145983333333], [54941, 53.83585556, 17.648146473333334], [54942, 53.83585905500001, 17.648146566666664], [54943, 53.835856441666664, 17.64814746833333], [54944, 53.835859944999996, 17.648144521666666], [54945, 53.83586053333333, 17.648144868333336], [54946, 53.83586190999999, 17.648145194999998], [54947, 53.83586298499999, 17.648146108333332], [54948, 53.83586360666666, 17.648145713333335], [54949, 53.83586471, 17.648145413333335]]
GPS3: [[54930, 53.83625898333333, 17.647295011666664], [54931, 53.83625925166666, 17.64729495], [54932, 53.836261306666664, 17.647294405], [54933, 53.836264526666675, 17.647292245000003], [54934, 53.836266345, 17.647292563333334], [54935, 53.83626708833334, 17.647294741666666], [54936, 53.83626746333333, 17.64729667], [54937, 53.83626786166666, 17.647297918333333], [54938, 53.83626779333334, 17.647298675000002], [54939, 53.83626798333333, 17.64729826], [54940, 53.83626846166667, 17.647297953333336], [54941, 53.836269079999994, 17.64729692666667], [54942, 53.83626971, 17.64729599], [54943, 53.836270423333325, 17.647295699999997], [54944, 53.836271611666675, 17.647295825], [54945, 53.83627313833334, 17.64729585166667], [54946, 53.83627463166666, 17.647295971666665], [54947, 53.836276074999994, 17.647295893333332], [54948, 53.836277024999994, 17.647295826666667], [54949, 53.836277635, 17.647295696666667]]
ref_lat:  53.835549529999994
ref_lon:  17.647261766666666
aeqd: +proj=aeqd +lat_0=53.835549529999994 +lon_0=17.647261766666666 +datum=WGS84 +units=m +no_defs +type=crs
fwd: proj=pipeline step proj=unitconvert xy_in=deg xy_out=rad step proj=aeqd lat_0=53.83554953 lon_0=17.6472617666667 x_0=0 y_0=0 ellps=WGS84
inv: proj=pipeline step inv proj=aeqd lat_0=53.83554953 lon_0=17.6472617666667 x_0=0 y_0=0 ellps=WGS84 step proj=unitconvert xy_in=rad xy_out=deg
pos_est: (53.83647146321637, 17.647409990680533)
C:\ProgramData\Anaconda3\envs\Console\Lib\site-packages\geopy\point.py:472: UserWarning: Latitude normalization has been prohibited in the newer versions of geopy, because the normalized value happened to be on a different pole, which is probably not what was meant. If you pass coordinates as positional args, please make sure that the order is (latitude, longitude) or (y, x) in Cartesian terms.
  return cls(*args)
est_track: [[54942, 53.836705456655096, 17.64735160609521], [54943, 53.83644681245511, 17.64743167914105], [54944, 53.83640864401687, 17.64743822346704], [54945, 53.83639248248792, 17.647451034113313], [54946, 53.83642977569304, 17.6474101777118], [54947, 53.836397240438366, 17.647425335088034], [54948, 53.83646272355133, 17.647403489389067], [54949, 53.83647146321637, 17.647409990680533]]
------------------------------------------------------------------------------------------
[Est_pos child] RUN OK: 20260519_122944_858869
[Est_pos child] Result length: 8
[Est_pos child] Output JSON: C:\Users\Dell\AppData\Local\Temp\zopbsp_estpos_gnlp5ps2\estpos_result.json
==========================================================================================

[Est_pos parent] Run finished: 20260519_122944_858869
[Est_pos parent] Return code: 0
[Est_pos parent] JSON exists: True

[Est_pos parent] RUN OK: 20260519_122944_858869
[Est_pos parent] Result length: 8
----------------------------------------------------------------------------------------------------

----------------------------------------------------------------------------------------------------
[Est_pos parent] Starting run: 20260519_122948_464186
[Est_pos parent] Time: 2026-05-19 12:29:48.464186
[Est_pos parent] Command:
  C:\ProgramData\Anaconda3\envs\Console\python.exe -u -m Est_pos.estimate_pos_runner --out C:\Users\Dell\AppData\Local\Temp\zopbsp_estpos__3hvo7mk\estpos_result.json --session-log logs\estpos_subprocess\estpos_session_20260519_122520.log --run-id 20260519_122948_464186 C:\Pi_loc\otter\RPI1\gps\GPS_RPI1_20260514_075000_Hydro_6673.txt C:\Pi_loc\otter\RPI2\gps\GPS_RPI2_20260514_075000_Hydro_2624.txt C:\Pi_loc\otter\RPI3\gps\GPS_RPI3_20260514_075000_Hydro_6675.txt C:\Pi_loc\otter\RPI1\streaming\RBW6673_20260514_075000.wav C:\Pi_loc\otter\RPI2\streaming\SAW2624_20260514_075000.wav C:\Pi_loc\otter\RPI3\streaming\RBW6675_20260514_075000.wav
[Est_pos parent] Working directory:
  C:\Code\ZOPBSP_Console
----------------------------------------------------------------------------------------------------

==========================================================================================
[Est_pos child] RUN START: 20260519_122948_464186
[Est_pos child] Time: 2026-05-19 12:29:48.586867
[Est_pos child] Input files:
  gps1: C:\Pi_loc\otter\RPI1\gps\GPS_RPI1_20260514_075000_Hydro_6673.txt
  gps2: C:\Pi_loc\otter\RPI2\gps\GPS_RPI2_20260514_075000_Hydro_2624.txt
  gps3: C:\Pi_loc\otter\RPI3\gps\GPS_RPI3_20260514_075000_Hydro_6675.txt
  wav1: C:\Pi_loc\otter\RPI1\streaming\RBW6673_20260514_075000.wav
  wav2: C:\Pi_loc\otter\RPI2\streaming\SAW2624_20260514_075000.wav
  wav3: C:\Pi_loc\otter\RPI3\streaming\RBW6675_20260514_075000.wav
------------------------------------------------------------------------------------------
GPS1: [[55000, 53.83555716666667, 17.647246601666666], [55001, 53.835557565, 17.647246250000002], [55002, 53.83555779666667, 17.64724616], [55003, 53.83555816166666, 17.647245750000003], [55004, 53.835558455, 17.647245458333334], [55005, 53.835558860000006, 17.64724515], [55006, 53.835559223333334, 17.647245026666667], [55007, 53.83555970333334, 17.647244591666666], [55008, 53.835560011666665, 17.647244373333333], [55009, 53.83556057166667, 17.647243941666666], [55010, 53.83556097, 17.647243781666667], [55011, 53.83556153999999, 17.647243488333334], [55012, 53.835562124999996, 17.647243141666667], [55013, 53.8355626, 17.64724301333333], [55014, 53.83556319166667, 17.647242781666666], [55015, 53.83556366166666, 17.647242759999997], [55016, 53.835564405, 17.64724229], [55017, 53.83556494333334, 17.647242311666666], [55018, 53.83556580333334, 17.64724186833333], [55019, 53.835566299999996, 17.64724165333333]]
GPS2: [[55000, 53.835875135, 17.648137616666666], [55001, 53.83587538, 17.648137573333333], [55002, 53.83587621, 17.648136341666667], [55003, 53.835876825, 17.648136233333332], [55004, 53.835877688333326, 17.648135850000003], [55005, 53.835878313333325, 17.648135528333334], [55006, 53.83587847666666, 17.648135851666666], [55007, 53.83586710666667, 17.648134961666663], [55008, 53.835878924999996, 17.64813664833333], [55009, 53.83586624333334, 17.648134515], [55010, 53.83587912666667, 17.648138518333333], [55011, 53.83586650666666, 17.648134275], [55012, 53.835867291666666, 17.648134125000002], [55013, 53.83587050333334, 17.648133944999998], [55014, 53.835873605, 17.648134225], [55015, 53.835875060000006, 17.648134115], [55016, 53.83587632666666, 17.648133055000002], [55017, 53.835887235, 17.648135613333334], [55018, 53.83588859166666, 17.648135295], [55019, 53.835889726666665, 17.648134256666665]]
GPS3: [[55000, 53.836282204999996, 17.647293046666668], [55001, 53.83628244, 17.647293405000003], [55002, 53.83628283166666, 17.647293941666664], [55003, 53.83628336333333, 17.64729453], [55004, 53.83628371333332, 17.647294485], [55005, 53.83628417166666, 17.647294433333332], [55006, 53.83628482666666, 17.647294260000002], [55007, 53.83628529666667, 17.647293726666664], [55008, 53.836285548333336, 17.647293343333335], [55009, 53.83628604833334, 17.64729294], [55010, 53.83628669833333, 17.64729252], [55011, 53.836287515, 17.64729186], [55012, 53.836288315000004, 17.647291194999998], [55013, 53.836289098333324, 17.647290826666666], [55014, 53.836289834999995, 17.647290506666664], [55015, 53.836290515, 17.64729046333333], [55016, 53.83629115666666, 17.647289756666666], [55017, 53.83629137, 17.647288271666664], [55018, 53.836292151666676, 17.647289708333336], [55019, 53.836293045000005, 17.647290226666666]]
ref_lat:  53.83555716666667
ref_lon:  17.647246601666666
aeqd: +proj=aeqd +lat_0=53.83555716666667 +lon_0=17.647246601666666 +datum=WGS84 +units=m +no_defs +type=crs
fwd: proj=pipeline step proj=unitconvert xy_in=deg xy_out=rad step proj=aeqd lat_0=53.8355571666667 lon_0=17.6472466016667 x_0=0 y_0=0 ellps=WGS84
inv: proj=pipeline step inv proj=aeqd lat_0=53.8355571666667 lon_0=17.6472466016667 x_0=0 y_0=0 ellps=WGS84 step proj=unitconvert xy_in=rad xy_out=deg
pos_est: (53.83643247402739, 17.647605830162185)
C:\ProgramData\Anaconda3\envs\Console\Lib\site-packages\geopy\point.py:472: UserWarning: Latitude normalization has been prohibited in the newer versions of geopy, because the normalized value happened to be on a different pole, which is probably not what was meant. If you pass coordinates as positional args, please make sure that the order is (latitude, longitude) or (y, x) in Cartesian terms.
  return cls(*args)
est_track: [[55000, 53.836132611526125, 17.64783663960662], [55001, 53.83646995861151, 17.647533095204547], [55002, 53.836443715845576, 17.64751286262463], [55003, 53.836851551469884, 17.647539787905554], [55004, 53.83697543746997, 17.64751748261063], [55005, 53.83706193430774, 17.647493500683016], [55006, 53.837145263091834, 17.6474817969633], [55007, 53.83714437902455, 17.647487933338468], [55009, 53.837077049699, 17.647526603978662], [55010, 53.836927238583485, 17.64756327999052], [55011, 53.836869691473, 17.64757456056123], [55012, 53.836840866008316, 17.647572867172087], [55013, 53.836970529294526, 17.647532841057764], [55014, 53.836419989180854, 17.64755126598566], [55015, 53.83645079475728, 17.64756122552771], [55016, 53.83645588139541, 17.647582400879028], [55017, 53.836456934021435, 17.64755879309783], [55018, 53.83646516382026, 17.647575873405675], [55019, 53.83643247402739, 17.647605830162185]]
------------------------------------------------------------------------------------------
[Est_pos child] RUN OK: 20260519_122948_464186
[Est_pos child] Result length: 19
[Est_pos child] Output JSON: C:\Users\Dell\AppData\Local\Temp\zopbsp_estpos__3hvo7mk\estpos_result.json
==========================================================================================

[Est_pos parent] Run finished: 20260519_122948_464186
[Est_pos parent] Return code: 0
[Est_pos parent] JSON exists: True

[Est_pos parent] RUN OK: 20260519_122948_464186
[Est_pos parent] Result length: 19
----------------------------------------------------------------------------------------------------

----------------------------------------------------------------------------------------------------
[Est_pos parent] Starting run: 20260519_122951_927851
[Est_pos parent] Time: 2026-05-19 12:29:51.929862
[Est_pos parent] Command:
  C:\ProgramData\Anaconda3\envs\Console\python.exe -u -m Est_pos.estimate_pos_runner --out C:\Users\Dell\AppData\Local\Temp\zopbsp_estpos_muw9rzmp\estpos_result.json --session-log logs\estpos_subprocess\estpos_session_20260519_122520.log --run-id 20260519_122951_927851 C:\Pi_loc\otter\RPI1\gps\GPS_RPI1_20260514_075030_Hydro_6673.txt C:\Pi_loc\otter\RPI2\gps\GPS_RPI2_20260514_075030_Hydro_2624.txt C:\Pi_loc\otter\RPI3\gps\GPS_RPI3_20260514_075030_Hydro_6675.txt C:\Pi_loc\otter\RPI1\streaming\RBW6673_20260514_075030.wav C:\Pi_loc\otter\RPI2\streaming\SAW2624_20260514_075030.wav C:\Pi_loc\otter\RPI3\streaming\RBW6675_20260514_075030.wav
[Est_pos parent] Working directory:
  C:\Code\ZOPBSP_Console
----------------------------------------------------------------------------------------------------

==========================================================================================
[Est_pos child] RUN START: 20260519_122951_927851
[Est_pos child] Time: 2026-05-19 12:29:52.047460
[Est_pos child] Input files:
  gps1: C:\Pi_loc\otter\RPI1\gps\GPS_RPI1_20260514_075030_Hydro_6673.txt
  gps2: C:\Pi_loc\otter\RPI2\gps\GPS_RPI2_20260514_075030_Hydro_2624.txt
  gps3: C:\Pi_loc\otter\RPI3\gps\GPS_RPI3_20260514_075030_Hydro_6675.txt
  wav1: C:\Pi_loc\otter\RPI1\streaming\RBW6673_20260514_075030.wav
  wav2: C:\Pi_loc\otter\RPI2\streaming\SAW2624_20260514_075030.wav
  wav3: C:\Pi_loc\otter\RPI3\streaming\RBW6675_20260514_075030.wav
------------------------------------------------------------------------------------------
GPS1: [[55030, 53.83557363166666, 17.64723769], [55031, 53.835574326666666, 17.64723738], [55032, 53.835574945000005, 17.647237070000003], [55033, 53.835575643333335, 17.647236905], [55034, 53.83557636833334, 17.647236688333333], [55035, 53.83557704166666, 17.647236635000002], [55036, 53.83557790333332, 17.64723658833333], [55037, 53.835578504999994, 17.647236799999998], [55038, 53.835579321666664, 17.647236983333336], [55039, 53.83558004166666, 17.647237111666666], [55040, 53.835580826666664, 17.647237415], [55041, 53.83558147666666, 17.647237756666666], [55042, 53.83558214333334, 17.647238023333333], [55043, 53.835582886666664, 17.647238263333335], [55044, 53.835583570000004, 17.647238448333333], [55045, 53.83558425666667, 17.647238768333334], [55046, 53.83558487166667, 17.647238925], [55047, 53.835585519999995, 17.647238986666665], [55048, 53.83558614666667, 17.647239086666666], [55049, 53.83558689666667, 17.64723915]]
GPS2: [[55030, 53.835914583333334, 17.648116166666668], [55031, 53.8359153, 17.64811117], [55032, 53.835915835, 17.648110995000003], [55033, 53.83591603666667, 17.648110773333332], [55034, 53.835916351666675, 17.648109895], [55035, 53.835916725, 17.648109096666666], [55036, 53.83591819833334, 17.648108854999997], [55037, 53.83592005333333, 17.648109476666665], [55038, 53.835917083333335, 17.64811962], [55039, 53.835917605, 17.648119755], [55040, 53.835923085, 17.64810930166667], [55041, 53.83592379666667, 17.64810848], [55042, 53.83592061666666, 17.648116266666666], [55043, 53.83592124666667, 17.648115686666664], [55044, 53.83592667166666, 17.648107426666666], [55045, 53.83592748833333, 17.648107593333336], [55046, 53.83592830999999, 17.648107545000002], [55047, 53.835929548333326, 17.64810768], [55048, 53.835930469999994, 17.6481079], [55049, 53.835931144999996, 17.648108288333333]]
GPS3: [[55030, 53.836299571666665, 17.647282468333334], [55031, 53.83630043333333, 17.647280845], [55032, 53.83630111166667, 17.64727924166667], [55033, 53.83630175333333, 17.647277801666668], [55034, 53.836302365, 17.647276178333335], [55035, 53.836303029999996, 17.647274799999998], [55036, 53.836303625, 17.647273571666666], [55037, 53.836304138333325, 17.647272545], [55038, 53.83630486333333, 17.647271245000002], [55039, 53.83630539333333, 17.647269873333336], [55040, 53.83630611833334, 17.647268396666668], [55041, 53.83630703833334, 17.647267055], [55042, 53.836307985, 17.647265511666667], [55043, 53.83630907666667, 17.647264066666665], [55044, 53.83631002166667, 17.647262876666666], [55045, 53.83631118, 17.64726172], [55046, 53.83631218000001, 17.647261734999997], [55047, 53.83631336333333, 17.647261613333335], [55048, 53.83631418, 17.647261606666667], [55049, 53.836315121666665, 17.647261705000002]]
ref_lat:  53.83557363166666
ref_lon:  17.64723769
aeqd: +proj=aeqd +lat_0=53.83557363166666 +lon_0=17.64723769 +datum=WGS84 +units=m +no_defs +type=crs
fwd: proj=pipeline step proj=unitconvert xy_in=deg xy_out=rad step proj=aeqd lat_0=53.8355736316667 lon_0=17.64723769 x_0=0 y_0=0 ellps=WGS84
inv: proj=pipeline step inv proj=aeqd lat_0=53.8355736316667 lon_0=17.64723769 x_0=0 y_0=0 ellps=WGS84 step proj=unitconvert xy_in=rad xy_out=deg
pos_est: (53.83607002041707, 17.647650756430654)
est_track: [[55030, 53.83612213624611, 17.64767524306202], [55031, 53.83614293657899, 17.6476651746758], [55032, 53.83616074905152, 17.647663614110833], [55033, 53.8361967344109, 17.647666443232453], [55034, 53.83622138999476, 17.647660067462358], [55035, 53.8365066784347, 17.647571106798228], [55036, 53.836757253731065, 17.647578255274368], [55037, 53.8364367598329, 17.64761970246185], [55038, 53.83626716902155, 17.647671340055513], [55039, 53.83617986602103, 17.647646384147027], [55040, 53.83609898684426, 17.647652632730704], [55041, 53.836005395091505, 17.647644553358095], [55042, 53.83608953600832, 17.647647710817953], [55043, 53.83607378141024, 17.64763727261138], [55044, 53.83608254215959, 17.64764736388336], [55045, 53.83606801888874, 17.647618259067787], [55046, 53.836073759399, 17.647657486786922], [55047, 53.836084807607406, 17.647645169110945], [55048, 53.83608026088745, 17.647639711731994], [55049, 53.83607002041707, 17.647650756430654]]
------------------------------------------------------------------------------------------
[Est_pos child] RUN OK: 20260519_122951_927851
[Est_pos child] Result length: 20
[Est_pos child] Output JSON: C:\Users\Dell\AppData\Local\Temp\zopbsp_estpos_muw9rzmp\estpos_result.json
==========================================================================================

[Est_pos parent] Run finished: 20260519_122951_927851
[Est_pos parent] Return code: 0
[Est_pos parent] JSON exists: True

[Est_pos parent] RUN OK: 20260519_122951_927851
[Est_pos parent] Result length: 20
----------------------------------------------------------------------------------------------------

----------------------------------------------------------------------------------------------------
[Est_pos parent] Starting run: 20260519_122955_371203
[Est_pos parent] Time: 2026-05-19 12:29:55.371203
[Est_pos parent] Command:
  C:\ProgramData\Anaconda3\envs\Console\python.exe -u -m Est_pos.estimate_pos_runner --out C:\Users\Dell\AppData\Local\Temp\zopbsp_estpos_1z0rdwv0\estpos_result.json --session-log logs\estpos_subprocess\estpos_session_20260519_122520.log --run-id 20260519_122955_371203 C:\Pi_loc\otter\RPI1\gps\GPS_RPI1_20260514_075100_Hydro_6673.txt C:\Pi_loc\otter\RPI2\gps\GPS_RPI2_20260514_075100_Hydro_2624.txt C:\Pi_loc\otter\RPI3\gps\GPS_RPI3_20260514_075100_Hydro_6675.txt C:\Pi_loc\otter\RPI1\streaming\RBW6673_20260514_075100.wav C:\Pi_loc\otter\RPI2\streaming\SAW2624_20260514_075100.wav C:\Pi_loc\otter\RPI3\streaming\RBW6675_20260514_075100.wav
[Est_pos parent] Working directory:
  C:\Code\ZOPBSP_Console
----------------------------------------------------------------------------------------------------

==========================================================================================
[Est_pos child] RUN START: 20260519_122955_371203
[Est_pos child] Time: 2026-05-19 12:29:55.490018
[Est_pos child] Input files:
  gps1: C:\Pi_loc\otter\RPI1\gps\GPS_RPI1_20260514_075100_Hydro_6673.txt
  gps2: C:\Pi_loc\otter\RPI2\gps\GPS_RPI2_20260514_075100_Hydro_2624.txt
  gps3: C:\Pi_loc\otter\RPI3\gps\GPS_RPI3_20260514_075100_Hydro_6675.txt
  wav1: C:\Pi_loc\otter\RPI1\streaming\RBW6673_20260514_075100.wav
  wav2: C:\Pi_loc\otter\RPI2\streaming\SAW2624_20260514_075100.wav
  wav3: C:\Pi_loc\otter\RPI3\streaming\RBW6675_20260514_075100.wav
------------------------------------------------------------------------------------------
GPS1: [[55100, 53.835594324999995, 17.647234416666667], [55101, 53.83559494333334, 17.647233536666665], [55102, 53.83559565666666, 17.647232625], [55103, 53.83559632833333, 17.647231780000002], [55104, 53.835596935, 17.647230813333334], [55105, 53.83559754333334, 17.64722983833333], [55106, 53.83559787666666, 17.647228716666667], [55107, 53.835598365, 17.647227631666667], [55108, 53.83559872000001, 17.647226694999997], [55109, 53.835599120000005, 17.64722563666667], [55110, 53.83559934666667, 17.647224643333335], [55111, 53.83559964833333, 17.647223633333333], [55112, 53.83559987, 17.647222703333334], [55113, 53.83560017833334, 17.647221723333335], [55114, 53.83560047166667, 17.647220785000002], [55115, 53.83560071, 17.647219833333335], [55116, 53.835600855, 17.64721881166667], [55117, 53.83560101166666, 17.647218003333332], [55118, 53.83560109166667, 17.647217138333335], [55119, 53.835601136666675, 17.647216431666667]]
GPS2: [[55100, 53.83594214, 17.648104865], [55101, 53.83594261166666, 17.64810409833333], [55102, 53.83594347333333, 17.64810366833333], [55103, 53.835944014999995, 17.648103291666665], [55104, 53.83594501833333, 17.648103245], [55105, 53.835946041666666, 17.648103146666664], [55106, 53.83594705833334, 17.648102905], [55107, 53.835947655000005, 17.648102495], [55108, 53.83594892833333, 17.648102063333333], [55109, 53.83594990833333, 17.648101496666666], [55110, 53.83595096833333, 17.648101203333333], [55111, 53.835951676666674, 17.648100763333332], [55112, 53.83595260333333, 17.648100316666667], [55113, 53.83595335500001, 17.648100096666667], [55114, 53.83595446833333, 17.648099878333333], [55115, 53.83595557833334, 17.648099661666667], [55116, 53.83595664333334, 17.648099433333336], [55117, 53.835957573333324, 17.64809938166667], [55118, 53.835958571666666, 17.648099353333336], [55119, 53.835959685000006, 17.64809946]]
GPS3: [[55100, 53.836323678333336, 17.647255956666665], [55101, 53.83632436333334, 17.647254598333333], [55102, 53.836325085, 17.647253616666667], [55103, 53.83632574166666, 17.647252686666665], [55104, 53.83632660833334, 17.64725109], [55105, 53.83632753333333, 17.647249961666667], [55106, 53.836328380000005, 17.647248766666667], [55107, 53.83632933666666, 17.647247896666666], [55108, 53.83633021666666, 17.647247343333333], [55109, 53.836331145, 17.647246798333335], [55110, 53.83633200333334, 17.64724624666667], [55111, 53.836332845, 17.647245681666668], [55112, 53.83633386666667, 17.647245446666666], [55113, 53.836334753333325, 17.647245245], [55114, 53.83633555333333, 17.647244673333333], [55115, 53.836336419999995, 17.647244216666664], [55116, 53.83633709666666, 17.647243845], [55117, 53.83633807666667, 17.647242873333333], [55118, 53.83633901333333, 17.647242005], [55119, 53.836339851666665, 17.647241156666666]]
ref_lat:  53.835594324999995
ref_lon:  17.647234416666667
aeqd: +proj=aeqd +lat_0=53.835594324999995 +lon_0=17.647234416666667 +datum=WGS84 +units=m +no_defs +type=crs
fwd: proj=pipeline step proj=unitconvert xy_in=deg xy_out=rad step proj=aeqd lat_0=53.835594325 lon_0=17.6472344166667 x_0=0 y_0=0 ellps=WGS84
inv: proj=pipeline step inv proj=aeqd lat_0=53.835594325 lon_0=17.6472344166667 x_0=0 y_0=0 ellps=WGS84 step proj=unitconvert xy_in=rad xy_out=deg
pos_est: (53.83579276863487, 17.64784343468382)
est_track: [[55100, 53.83600291355295, 17.647691568270226], [55101, 53.835974728323365, 17.647665255677264], [55102, 53.83597104062419, 17.64765462398527], [55103, 53.83599431937546, 17.647688399331805], [55104, 53.83599199682517, 17.647683856518437], [55105, 53.83599086617497, 17.64768612841462], [55106, 53.835996610935894, 17.64769280190554], [55107, 53.83600895585429, 17.64770908258098], [55108, 53.83601149404721, 17.647732788469824], [55109, 53.83598275504114, 17.647717243141315], [55110, 53.83594839827471, 17.647718243539458], [55111, 53.83588189313021, 17.647754654543988], [55112, 53.83586636470964, 17.64775100985225], [55113, 53.835858615298285, 17.647763042852596], [55114, 53.83585044203938, 17.647765688633722], [55115, 53.835830667555655, 17.6478015513645], [55116, 53.83580213143664, 17.647826502132293], [55117, 53.83581224777519, 17.64783192966676], [55118, 53.83580424673581, 17.647834969176643], [55119, 53.83579276863487, 17.64784343468382]]
------------------------------------------------------------------------------------------
[Est_pos child] RUN OK: 20260519_122955_371203
[Est_pos child] Result length: 20
[Est_pos child] Output JSON: C:\Users\Dell\AppData\Local\Temp\zopbsp_estpos_1z0rdwv0\estpos_result.json
==========================================================================================

[Est_pos parent] Run finished: 20260519_122955_371203
[Est_pos parent] Return code: 0
[Est_pos parent] JSON exists: True

[Est_pos parent] RUN OK: 20260519_122955_371203
[Est_pos parent] Result length: 20
----------------------------------------------------------------------------------------------------

----------------------------------------------------------------------------------------------------
[Est_pos parent] Starting run: 20260519_122958_846127
[Est_pos parent] Time: 2026-05-19 12:29:58.846127
[Est_pos parent] Command:
  C:\ProgramData\Anaconda3\envs\Console\python.exe -u -m Est_pos.estimate_pos_runner --out C:\Users\Dell\AppData\Local\Temp\zopbsp_estpos_77qmhf7u\estpos_result.json --session-log logs\estpos_subprocess\estpos_session_20260519_122520.log --run-id 20260519_122958_846127 C:\Pi_loc\otter\RPI1\gps\GPS_RPI1_20260514_075130_Hydro_6673.txt C:\Pi_loc\otter\RPI2\gps\GPS_RPI2_20260514_075130_Hydro_2624.txt C:\Pi_loc\otter\RPI3\gps\GPS_RPI3_20260514_075130_Hydro_6675.txt C:\Pi_loc\otter\RPI1\streaming\RBW6673_20260514_075130.wav C:\Pi_loc\otter\RPI2\streaming\SAW2624_20260514_075130.wav C:\Pi_loc\otter\RPI3\streaming\RBW6675_20260514_075130.wav
[Est_pos parent] Working directory:
  C:\Code\ZOPBSP_Console
----------------------------------------------------------------------------------------------------

==========================================================================================
[Est_pos child] RUN START: 20260519_122958_846127
[Est_pos child] Time: 2026-05-19 12:29:58.963979
[Est_pos child] Input files:
  gps1: C:\Pi_loc\otter\RPI1\gps\GPS_RPI1_20260514_075130_Hydro_6673.txt
  gps2: C:\Pi_loc\otter\RPI2\gps\GPS_RPI2_20260514_075130_Hydro_2624.txt
  gps3: C:\Pi_loc\otter\RPI3\gps\GPS_RPI3_20260514_075130_Hydro_6675.txt
  wav1: C:\Pi_loc\otter\RPI1\streaming\RBW6673_20260514_075130.wav
  wav2: C:\Pi_loc\otter\RPI2\streaming\SAW2624_20260514_075130.wav
  wav3: C:\Pi_loc\otter\RPI3\streaming\RBW6675_20260514_075130.wav
------------------------------------------------------------------------------------------
GPS1: [[55130, 53.83560204833334, 17.64721047], [55131, 53.835602165, 17.647210434999998], [55132, 53.835602566666665, 17.647209766666666], [55133, 53.83560287333333, 17.647209633333333], [55134, 53.835603334999995, 17.64720905833333], [55135, 53.83560368333333, 17.64720882], [55136, 53.83560407833333, 17.647208313333334], [55137, 53.835604511666666, 17.647208056666667], [55138, 53.835605006666675, 17.64720732], [55139, 53.835605585, 17.647206805], [55140, 53.835606330000005, 17.64720604333333], [55141, 53.83560699333334, 17.647205638333332], [55142, 53.83560790166666, 17.647204615], [55143, 53.83560868333334, 17.647204265000003], [55144, 53.83560963, 17.64720360333333], [55145, 53.83561036333334, 17.647202698333334], [55146, 53.835610835000004, 17.647201698333333], [55147, 53.835611398333334, 17.647200918333333], [55148, 53.83561198166667, 17.647200136666665], [55149, 53.83561253, 17.647199338333333]]
GPS2: [[55130, 53.83596911833333, 17.64809306833333], [55131, 53.83597017833334, 17.648093088333333], [55132, 53.83597125333334, 17.648093021666668], [55133, 53.83597223, 17.648093298333333], [55134, 53.835973268333326, 17.648093345], [55135, 53.835974179999994, 17.64809316166667], [55136, 53.83597504166667, 17.648093210000003], [55137, 53.835975938333334, 17.648093216666666], [55138, 53.83597679166666, 17.648093165], [55139, 53.835977645, 17.648092903333335], [55140, 53.835978415, 17.648092706666667], [55141, 53.83597931333334, 17.648092625], [55142, 53.835979926666674, 17.648092395], [55143, 53.835980686666666, 17.64809221166667], [55144, 53.835981666666676, 17.64809239], [55145, 53.835982353333335, 17.648092085], [55146, 53.83598318333334, 17.648092025], [55147, 53.83598385333333, 17.648092095], [55148, 53.835984466666666, 17.64809208], [55149, 53.835985226666665, 17.648092025]]
GPS3: [[55130, 53.83634742666666, 17.647229526666667], [55131, 53.836347875, 17.647228608333332], [55132, 53.83634844333333, 17.64722721], [55133, 53.83634906833333, 17.64722609833333], [55134, 53.83634947166667, 17.647225263333333], [55135, 53.836349950000006, 17.64722405166667], [55136, 53.836350555, 17.647223171666667], [55137, 53.836351345000004, 17.64722224666667], [55138, 53.83635169666666, 17.647221430000002], [55139, 53.83635234666667, 17.647220681666667], [55140, 53.836352794999996, 17.647219691666667], [55141, 53.836353300000006, 17.64721868666667], [55142, 53.83635393333334, 17.647218018333334], [55143, 53.836354615, 17.64721709333333], [55144, 53.836355450000006, 17.647216609999997], [55145, 53.836356348333325, 17.647216118333333], [55146, 53.836357031666665, 17.647216101666668], [55147, 53.83635795333333, 17.647215655], [55148, 53.83635882, 17.64721536], [55149, 53.83635941666667, 17.647215218333333]]
ref_lat:  53.83560204833334
ref_lon:  17.64721047
aeqd: +proj=aeqd +lat_0=53.83560204833334 +lon_0=17.64721047 +datum=WGS84 +units=m +no_defs +type=crs
fwd: proj=pipeline step proj=unitconvert xy_in=deg xy_out=rad step proj=aeqd lat_0=53.8356020483333 lon_0=17.64721047 x_0=0 y_0=0 ellps=WGS84
inv: proj=pipeline step inv proj=aeqd lat_0=53.8356020483333 lon_0=17.64721047 x_0=0 y_0=0 ellps=WGS84 step proj=unitconvert xy_in=rad xy_out=deg
pos_est: (53.8363093718152, 17.647466135141222)
est_track: [[55130, 53.83580250720125, 17.647852656975676], [55131, 53.83573942040348, 17.647850529052384], [55132, 53.83582206710022, 17.64782531787291], [55133, 53.835793631140376, 17.647766483551404], [55134, 53.83599999169553, 17.64743790131967], [55135, 53.83624013981014, 17.647402714429163], [55136, 53.83615039240644, 17.647536708020223], [55137, 53.83636942552414, 17.647326758137073], [55138, 53.83643349437211, 17.647370765355838], [55139, 53.836467157352104, 17.64736576896619], [55140, 53.83648223888558, 17.647370249063012], [55141, 53.8365097507864, 17.64736613624843], [55142, 53.83654003840384, 17.647365302014496], [55143, 53.83646650723723, 17.647372599247532], [55144, 53.836451335658865, 17.647339175667963], [55145, 53.83631849686737, 17.647366581550717], [55146, 53.83628329514255, 17.647385090299505], [55147, 53.83654349880917, 17.64736139133913], [55148, 53.83627752110473, 17.647401954733823], [55149, 53.8363093718152, 17.647466135141222]]
------------------------------------------------------------------------------------------
[Est_pos child] RUN OK: 20260519_122958_846127
[Est_pos child] Result length: 20
[Est_pos child] Output JSON: C:\Users\Dell\AppData\Local\Temp\zopbsp_estpos_77qmhf7u\estpos_result.json
==========================================================================================

[Est_pos parent] Run finished: 20260519_122958_846127
[Est_pos parent] Return code: 0
[Est_pos parent] JSON exists: True

[Est_pos parent] RUN OK: 20260519_122958_846127
[Est_pos parent] Result length: 20
----------------------------------------------------------------------------------------------------

----------------------------------------------------------------------------------------------------
[Est_pos parent] Starting run: 20260519_123002_692652
[Est_pos parent] Time: 2026-05-19 12:30:02.694656
[Est_pos parent] Command:
  C:\ProgramData\Anaconda3\envs\Console\python.exe -u -m Est_pos.estimate_pos_runner --out C:\Users\Dell\AppData\Local\Temp\zopbsp_estpos_dl4q41py\estpos_result.json --session-log logs\estpos_subprocess\estpos_session_20260519_122520.log --run-id 20260519_123002_692652 C:\Pi_loc\otter\RPI1\gps\GPS_RPI1_20260514_075200_Hydro_6673.txt C:\Pi_loc\otter\RPI2\gps\GPS_RPI2_20260514_075200_Hydro_2624.txt C:\Pi_loc\otter\RPI3\gps\GPS_RPI3_20260514_075200_Hydro_6675.txt C:\Pi_loc\otter\RPI1\streaming\RBW6673_20260514_075200.wav C:\Pi_loc\otter\RPI2\streaming\SAW2624_20260514_075200.wav C:\Pi_loc\otter\RPI3\streaming\RBW6675_20260514_075200.wav
[Est_pos parent] Working directory:
  C:\Code\ZOPBSP_Console
----------------------------------------------------------------------------------------------------

==========================================================================================
[Est_pos child] RUN START: 20260519_123002_692652
[Est_pos child] Time: 2026-05-19 12:30:02.876677
[Est_pos child] Input files:
  gps1: C:\Pi_loc\otter\RPI1\gps\GPS_RPI1_20260514_075200_Hydro_6673.txt
  gps2: C:\Pi_loc\otter\RPI2\gps\GPS_RPI2_20260514_075200_Hydro_2624.txt
  gps3: C:\Pi_loc\otter\RPI3\gps\GPS_RPI3_20260514_075200_Hydro_6675.txt
  wav1: C:\Pi_loc\otter\RPI1\streaming\RBW6673_20260514_075200.wav
  wav2: C:\Pi_loc\otter\RPI2\streaming\SAW2624_20260514_075200.wav
  wav3: C:\Pi_loc\otter\RPI3\streaming\RBW6675_20260514_075200.wav
------------------------------------------------------------------------------------------
GPS1: [[55200, 53.83561361833334, 17.647187168333335], [55201, 53.835613769999995, 17.647187158333335], [55202, 53.83561407666666, 17.647186546666667], [55203, 53.83561438, 17.647186198333333], [55204, 53.83561484, 17.647185723333333], [55205, 53.83561547666667, 17.647185285], [55206, 53.835616075000004, 17.64718521], [55207, 53.83561668166667, 17.647184675000002], [55208, 53.83561736833334, 17.647184356666667], [55209, 53.83561818166666, 17.64718398333333], [55210, 53.83561908, 17.64718364166667], [55211, 53.835619898333334, 17.647183506666668], [55212, 53.83562078, 17.64718317], [55213, 53.83562161666667, 17.647183105], [55214, 53.83562259833334, 17.647182778333335], [55215, 53.835623581666674, 17.647182708333332], [55216, 53.83562443166667, 17.647182758333333], [55217, 53.835625396666664, 17.64718269333333], [55218, 53.83562637833334, 17.647182728333334], [55219, 53.83562747333334, 17.647182745000002]]
GPS2: [[55200, 53.83599262999999, 17.6480922], [55201, 53.83599339833333, 17.648092351666666], [55202, 53.835994168333336, 17.648092333333334], [55203, 53.83599428166667, 17.648092243333334], [55204, 53.83599541333333, 17.64809206], [55205, 53.835996089999995, 17.648092130000002], [55206, 53.83598657666666, 17.64811256], [55207, 53.83598725833334, 17.648110886666664], [55208, 53.83599869333334, 17.6480977], [55209, 53.835999185000006, 17.648099006666666], [55210, 53.83600158833333, 17.648097925000002], [55211, 53.836003795, 17.648096848333335], [55212, 53.83600502666666, 17.64809689166667], [55213, 53.83600581, 17.6480961], [55214, 53.836006141666665, 17.64809496666667], [55215, 53.83600592999999, 17.648094685], [55216, 53.836005740000004, 17.64809486], [55217, 53.83600517666667, 17.64809486333333], [55218, 53.83600521666667, 17.648094703333335], [55219, 53.83600526833334, 17.648094436666668]]
GPS3: [[55200, 53.836371760000006, 17.647218825], [55201, 53.836373120000005, 17.647218778333336], [55202, 53.83637413833333, 17.647219205], [55203, 53.836375668333325, 17.647219261666667], [55204, 53.836376935, 17.64721976166667], [55205, 53.83637833166667, 17.647219805000002], [55206, 53.83637974500001, 17.647220116666666], [55207, 53.83638086333334, 17.647220633333333], [55208, 53.83638190500001, 17.647221198333334], [55209, 53.83638292166667, 17.647222058333334], [55210, 53.836383925, 17.647222696666667], [55211, 53.83638517833333, 17.64722309], [55212, 53.83638653333334, 17.647223171666667], [55213, 53.83638783833333, 17.647222751666668], [55214, 53.836389274999995, 17.647222573333334], [55215, 53.83639055833334, 17.647222316666667], [55216, 53.83639181499999, 17.647222145], [55217, 53.83639315166667, 17.647221845], [55218, 53.83639453833333, 17.647221283333334], [55219, 53.83639574000001, 17.647220701666665]]
ref_lat:  53.83561361833334
ref_lon:  17.647187168333335
aeqd: +proj=aeqd +lat_0=53.83561361833334 +lon_0=17.647187168333335 +datum=WGS84 +units=m +no_defs +type=crs
fwd: proj=pipeline step proj=unitconvert xy_in=deg xy_out=rad step proj=aeqd lat_0=53.8356136183333 lon_0=17.6471871683333 x_0=0 y_0=0 ellps=WGS84
inv: proj=pipeline step inv proj=aeqd lat_0=53.8356136183333 lon_0=17.6471871683333 x_0=0 y_0=0 ellps=WGS84 step proj=unitconvert xy_in=rad xy_out=deg
pos_est: (53.836002773724125, 17.647416226783786)
C:\ProgramData\Anaconda3\envs\Console\Lib\site-packages\geopy\point.py:472: UserWarning: Latitude normalization has been prohibited in the newer versions of geopy, because the normalized value happened to be on a different pole, which is probably not what was meant. If you pass coordinates as positional args, please make sure that the order is (latitude, longitude) or (y, x) in Cartesian terms.
  return cls(*args)
est_track: [[55200, 53.836315274667605, 17.647387014812363], [55201, 53.83625205197885, 17.64738343688121], [55202, 53.83651846231956, 17.647363787902787], [55203, 53.83648094406931, 17.64735782931518], [55204, 53.83661259332866, 17.647366717090893], [55207, 53.83648763769065, 17.647344208463842], [55208, 53.83647445459651, 17.647353052671946], [55209, 53.836642309240844, 17.64735112041187], [55211, 53.836811909796275, 17.64732044805279], [55213, 53.8365215337825, 17.647402225940738], [55214, 53.83625651120858, 17.647443202050933], [55215, 53.83607254560856, 17.647383597757816], [55216, 53.836169753239176, 17.647363598513035], [55217, 53.83598908089645, 17.647358261220432], [55218, 53.8359887818224, 17.647374038930273], [55219, 53.836002773724125, 17.647416226783786]]
------------------------------------------------------------------------------------------
[Est_pos child] RUN OK: 20260519_123002_692652
[Est_pos child] Result length: 16
[Est_pos child] Output JSON: C:\Users\Dell\AppData\Local\Temp\zopbsp_estpos_dl4q41py\estpos_result.json
==========================================================================================

[Est_pos parent] Run finished: 20260519_123002_692652
[Est_pos parent] Return code: 0
[Est_pos parent] JSON exists: True

[Est_pos parent] RUN OK: 20260519_123002_692652
[Est_pos parent] Result length: 16
----------------------------------------------------------------------------------------------------

----------------------------------------------------------------------------------------------------
[Est_pos parent] Starting run: 20260519_123007_181506
[Est_pos parent] Time: 2026-05-19 12:30:07.183511
[Est_pos parent] Command:
  C:\ProgramData\Anaconda3\envs\Console\python.exe -u -m Est_pos.estimate_pos_runner --out C:\Users\Dell\AppData\Local\Temp\zopbsp_estpos_153vs632\estpos_result.json --session-log logs\estpos_subprocess\estpos_session_20260519_122520.log --run-id 20260519_123007_181506 C:\Pi_loc\otter\RPI1\gps\GPS_RPI1_20260514_075230_Hydro_6673.txt C:\Pi_loc\otter\RPI2\gps\GPS_RPI2_20260514_075230_Hydro_2624.txt C:\Pi_loc\otter\RPI3\gps\GPS_RPI3_20260514_075230_Hydro_6675.txt C:\Pi_loc\otter\RPI1\streaming\RBW6673_20260514_075230.wav C:\Pi_loc\otter\RPI2\streaming\SAW2624_20260514_075230.wav C:\Pi_loc\otter\RPI3\streaming\RBW6675_20260514_075230.wav
[Est_pos parent] Working directory:
  C:\Code\ZOPBSP_Console
----------------------------------------------------------------------------------------------------

==========================================================================================
[Est_pos child] RUN START: 20260519_123007_181506
[Est_pos child] Time: 2026-05-19 12:30:07.335697
[Est_pos child] Input files:
  gps1: C:\Pi_loc\otter\RPI1\gps\GPS_RPI1_20260514_075230_Hydro_6673.txt
  gps2: C:\Pi_loc\otter\RPI2\gps\GPS_RPI2_20260514_075230_Hydro_2624.txt
  gps3: C:\Pi_loc\otter\RPI3\gps\GPS_RPI3_20260514_075230_Hydro_6675.txt
  wav1: C:\Pi_loc\otter\RPI1\streaming\RBW6673_20260514_075230.wav
  wav2: C:\Pi_loc\otter\RPI2\streaming\SAW2624_20260514_075230.wav
  wav3: C:\Pi_loc\otter\RPI3\streaming\RBW6675_20260514_075230.wav
------------------------------------------------------------------------------------------
GPS1: [[55230, 53.835638645, 17.647186925000003], [55231, 53.835639371666666, 17.64718729166667], [55232, 53.83564015166667, 17.647187865], [55233, 53.83564089833333, 17.647188265], [55234, 53.83564143666668, 17.647188726666666], [55235, 53.835642158333336, 17.647189091666668], [55236, 53.83564276833334, 17.647189655], [55237, 53.83564340333334, 17.64718983], [55238, 53.83564393666667, 17.647190136666666], [55239, 53.83564458833333, 17.647190401666666], [55240, 53.83564505, 17.647190866666666], [55241, 53.83564569, 17.647190898333335], [55242, 53.835646351666675, 17.64719105], [55243, 53.83564680999999, 17.647191075000002], [55244, 53.83564743, 17.647191115], [55245, 53.83564810666667, 17.647191096666667], [55246, 53.83564845666667, 17.647191086666666], [55247, 53.83564920833334, 17.647190971666664], [55248, 53.835649675, 17.647190821666666], [55249, 53.835650325, 17.647190665]]
GPS2: [[55230, 53.836017105, 17.64809199], [55231, 53.83601800666667, 17.64809188], [55232, 53.836018779999996, 17.648091963333332], [55233, 53.83602002833333, 17.648091538333333], [55234, 53.8360163, 17.648101438333335], [55235, 53.83601737000001, 17.648102141666666], [55236, 53.83601828333334, 17.64810246833333], [55237, 53.83601892, 17.648101866666664], [55238, 53.83601985833334, 17.648101855], [55239, 53.836020991666665, 17.648101611666668], [55240, 53.83602092166667, 17.648100925], [55241, 53.83602163333333, 17.64809956], [55242, 53.83601383, 17.648089823333333], [55243, 53.836012176666664, 17.648089961666667], [55244, 53.836012524999994, 17.648089778333333], [55245, 53.83601382666667, 17.648089340000002], [55246, 53.836014946666666, 17.648088888333334], [55247, 53.836015475, 17.64808818], [55248, 53.83601605666666, 17.648087513333333], [55249, 53.83601635333333, 17.648086985000003]]
GPS3: [[55230, 53.836405705, 17.647217566666665], [55231, 53.83640658833333, 17.647217208333334], [55232, 53.83640742666667, 17.647216580000002], [55233, 53.836408498333334, 17.64721601333333], [55234, 53.83640948166667, 17.647215526666667], [55235, 53.836410825, 17.647215106666668], [55236, 53.83641188166666, 17.647214465], [55237, 53.836413119999996, 17.647214023333333], [55238, 53.83641402, 17.647213826666665], [55239, 53.83641512166667, 17.647213275000002], [55240, 53.836416076666666, 17.647213161666667], [55241, 53.83641698666667, 17.647213046666664], [55242, 53.83641818666667, 17.64721256], [55243, 53.83641920499999, 17.647212416666665], [55244, 53.83642033833333, 17.64721236666667], [55245, 53.83642110000001, 17.647212229999997], [55246, 53.83642197000001, 17.647211618333333], [55247, 53.83642278166667, 17.64721119833333], [55248, 53.83642367000001, 17.647210843333333], [55249, 53.836424486666665, 17.647210213333334]]
ref_lat:  53.835638645
ref_lon:  17.647186925000003
aeqd: +proj=aeqd +lat_0=53.835638645 +lon_0=17.647186925000003 +datum=WGS84 +units=m +no_defs +type=crs
fwd: proj=pipeline step proj=unitconvert xy_in=deg xy_out=rad step proj=aeqd lat_0=53.835638645 lon_0=17.647186925 x_0=0 y_0=0 ellps=WGS84
inv: proj=pipeline step inv proj=aeqd lat_0=53.835638645 lon_0=17.647186925 x_0=0 y_0=0 ellps=WGS84 step proj=unitconvert xy_in=rad xy_out=deg
pos_est: (53.836178155833146, 17.64744596735684)
C:\ProgramData\Anaconda3\envs\Console\Lib\site-packages\geopy\point.py:472: UserWarning: Latitude normalization has been prohibited in the newer versions of geopy, because the normalized value happened to be on a different pole, which is probably not what was meant. If you pass coordinates as positional args, please make sure that the order is (latitude, longitude) or (y, x) in Cartesian terms.
  return cls(*args)
est_track: [[55230, 53.836763421520956, 17.647385826850012], [55231, 53.83700966365857, 17.647349807476598], [55232, 53.83633719677326, 17.647366837368473], [55234, 53.83630882003832, 17.647354321636946], [55235, 53.83636401181764, 17.6475987105332], [55236, 53.8365688819643, 17.647750271986432], [55237, 53.83664072800039, 17.64776330942436], [55238, 53.83646723532905, 17.647822540709445], [55239, 53.8364300861649, 17.647867801410072], [55240, 53.83638703432141, 17.647866087023136], [55241, 53.83633326992405, 17.647801215689988], [55242, 53.83617412521728, 17.647593198559147], [55243, 53.83620815381455, 17.647381357209255], [55244, 53.83620154049571, 17.647370733349096], [55245, 53.836167394715744, 17.647294867064275], [55246, 53.83627679564367, 17.647384535237194], [55247, 53.836314892490876, 17.64743166382127], [55248, 53.83625120061484, 17.647470414129454], [55249, 53.836178155833146, 17.64744596735684]]
------------------------------------------------------------------------------------------
[Est_pos child] RUN OK: 20260519_123007_181506
[Est_pos child] Result length: 19
[Est_pos child] Output JSON: C:\Users\Dell\AppData\Local\Temp\zopbsp_estpos_153vs632\estpos_result.json
==========================================================================================

[Est_pos parent] Run finished: 20260519_123007_181506
[Est_pos parent] Return code: 0
[Est_pos parent] JSON exists: True

[Est_pos parent] RUN OK: 20260519_123007_181506
[Est_pos parent] Result length: 19
----------------------------------------------------------------------------------------------------

----------------------------------------------------------------------------------------------------
[Est_pos parent] Starting run: 20260519_123010_845303
[Est_pos parent] Time: 2026-05-19 12:30:10.847050
[Est_pos parent] Command:
  C:\ProgramData\Anaconda3\envs\Console\python.exe -u -m Est_pos.estimate_pos_runner --out C:\Users\Dell\AppData\Local\Temp\zopbsp_estpos_z4emtx_v\estpos_result.json --session-log logs\estpos_subprocess\estpos_session_20260519_122520.log --run-id 20260519_123010_845303 C:\Pi_loc\otter\RPI1\gps\GPS_RPI1_20260514_075300_Hydro_6673.txt C:\Pi_loc\otter\RPI2\gps\GPS_RPI2_20260514_075300_Hydro_2624.txt C:\Pi_loc\otter\RPI3\gps\GPS_RPI3_20260514_075300_Hydro_6675.txt C:\Pi_loc\otter\RPI1\streaming\RBW6673_20260514_075300.wav C:\Pi_loc\otter\RPI2\streaming\SAW2624_20260514_075300.wav C:\Pi_loc\otter\RPI3\streaming\RBW6675_20260514_075300.wav
[Est_pos parent] Working directory:
  C:\Code\ZOPBSP_Console
----------------------------------------------------------------------------------------------------

==========================================================================================
[Est_pos child] RUN START: 20260519_123010_845303
[Est_pos child] Time: 2026-05-19 12:30:10.968545
[Est_pos child] Input files:
  gps1: C:\Pi_loc\otter\RPI1\gps\GPS_RPI1_20260514_075300_Hydro_6673.txt
  gps2: C:\Pi_loc\otter\RPI2\gps\GPS_RPI2_20260514_075300_Hydro_2624.txt
  gps3: C:\Pi_loc\otter\RPI3\gps\GPS_RPI3_20260514_075300_Hydro_6675.txt
  wav1: C:\Pi_loc\otter\RPI1\streaming\RBW6673_20260514_075300.wav
  wav2: C:\Pi_loc\otter\RPI2\streaming\SAW2624_20260514_075300.wav
  wav3: C:\Pi_loc\otter\RPI3\streaming\RBW6675_20260514_075300.wav
------------------------------------------------------------------------------------------
GPS1: [[55300, 53.83565694833332, 17.647187893333335], [55301, 53.83565765833334, 17.64718720333333], [55302, 53.835658151666664, 17.647186668333333], [55303, 53.835658720000005, 17.647185975], [55304, 53.83565935333333, 17.647185328333332], [55305, 53.83565979, 17.647184773333333], [55306, 53.835660311666665, 17.647184035000002], [55307, 53.83566073, 17.647183445], [55308, 53.83566120333333, 17.647183018333333], [55309, 53.83566166166667, 17.647182395], [55310, 53.83566214833333, 17.647181863333333], [55311, 53.835662729999996, 17.647181468333333], [55312, 53.835663264999994, 17.64718107], [55313, 53.83566383166667, 17.647180646666666], [55314, 53.835664388333335, 17.647180301666666], [55315, 53.83566507333333, 17.647179936666664], [55316, 53.835665696666666, 17.647179535000003], [55317, 53.83566643333334, 17.647179245], [55318, 53.83566711833334, 17.647178975], [55319, 53.83566774833333, 17.647178858333334]]
GPS2: [[55300, 53.836028033333335, 17.648082306666666], [55301, 53.83602900833333, 17.64808178], [55302, 53.83603018666666, 17.648081366666666], [55303, 53.83603088333333, 17.648081148333333], [55304, 53.836031455, 17.648080893333333], [55305, 53.83603182333333, 17.64808059], [55306, 53.83603212166666, 17.64808035], [55307, 53.83603265, 17.648080135], [55308, 53.836033373333336, 17.648079535], [55309, 53.83603430666667, 17.648079076666665], [55310, 53.836035143333326, 17.648078836666667], [55311, 53.83603621, 17.64807805166667], [55312, 53.83603734333333, 17.64807741666667], [55313, 53.83604799166666, 17.64808498], [55314, 53.83604099666666, 17.648076553333333], [55315, 53.83604227166667, 17.648076686666666], [55316, 53.836044505000004, 17.64807642], [55317, 53.83604728, 17.648076025], [55318, 53.836049948333326, 17.648075413333334], [55319, 53.83605257833333, 17.64807465]]
GPS3: [[55300, 53.836433086666666, 17.64720292666667], [55301, 53.83643373500001, 17.647202238333332], [55302, 53.836434561666664, 17.647201386666666], [55303, 53.83643534833333, 17.647200661666666], [55304, 53.83643618166668, 17.64719996166667], [55305, 53.83643688166667, 17.647199278333336], [55306, 53.83643773000001, 17.647198468333332], [55307, 53.83643867333333, 17.64719766], [55308, 53.83643931333333, 17.647196955000002], [55309, 53.83643967666667, 17.647195945], [55310, 53.83644037833333, 17.647194656666667], [55311, 53.83644082000001, 17.64719351666667], [55312, 53.836441425000004, 17.647192153333332], [55313, 53.836442305000006, 17.647190681666665], [55314, 53.836443214999996, 17.64718912], [55315, 53.83644425000001, 17.647187985000002], [55316, 53.83644537166666, 17.647187148333334], [55317, 53.83644643666666, 17.64718645], [55318, 53.836447535, 17.647185888333336], [55319, 53.83644850166667, 17.6471851]]
ref_lat:  53.83565694833332
ref_lon:  17.647187893333335
aeqd: +proj=aeqd +lat_0=53.83565694833332 +lon_0=17.647187893333335 +datum=WGS84 +units=m +no_defs +type=crs
fwd: proj=pipeline step proj=unitconvert xy_in=deg xy_out=rad step proj=aeqd lat_0=53.8356569483333 lon_0=17.6471878933333 x_0=0 y_0=0 ellps=WGS84
inv: proj=pipeline step inv proj=aeqd lat_0=53.8356569483333 lon_0=17.6471878933333 x_0=0 y_0=0 ellps=WGS84 step proj=unitconvert xy_in=rad xy_out=deg
pos_est: (53.83583770979534, 17.64768644654005)
est_track: [[55300, 53.83649428785917, 17.647318194479816], [55301, 53.83646815269259, 17.64732742905848], [55302, 53.83649330849632, 17.647337078514035], [55303, 53.83694647509822, 17.647252300193543], [55304, 53.836359839382936, 17.64725530311762], [55305, 53.836351377242366, 17.647173652794372], [55306, 53.83631857383569, 17.6472451649293], [55307, 53.83639962599872, 17.64728758707727], [55308, 53.83639197557833, 17.64732420269086], [55309, 53.83650853000237, 17.64733716050661], [55310, 53.83646291887978, 17.647323384421117], [55311, 53.83649239823648, 17.647401284611405], [55312, 53.836449639477976, 17.647549704320948], [55313, 53.83654454710969, 17.647375535975275], [55314, 53.836523647967766, 17.6473487937713], [55315, 53.83653650693342, 17.647353664539022], [55316, 53.83644838998928, 17.647329939632623], [55317, 53.836209388277695, 17.647470293275695], [55318, 53.83594660061616, 17.647626558348467], [55319, 53.83583770979534, 17.64768644654005]]
------------------------------------------------------------------------------------------
[Est_pos child] RUN OK: 20260519_123010_845303
[Est_pos child] Result length: 20
[Est_pos child] Output JSON: C:\Users\Dell\AppData\Local\Temp\zopbsp_estpos_z4emtx_v\estpos_result.json
==========================================================================================

[Est_pos parent] Run finished: 20260519_123010_845303
[Est_pos parent] Return code: 0
[Est_pos parent] JSON exists: True

[Est_pos parent] RUN OK: 20260519_123010_845303
[Est_pos parent] Result length: 20
----------------------------------------------------------------------------------------------------

----------------------------------------------------------------------------------------------------
[Est_pos parent] Starting run: 20260519_123014_306203
[Est_pos parent] Time: 2026-05-19 12:30:14.308208
[Est_pos parent] Command:
  C:\ProgramData\Anaconda3\envs\Console\python.exe -u -m Est_pos.estimate_pos_runner --out C:\Users\Dell\AppData\Local\Temp\zopbsp_estpos_p8c406wn\estpos_result.json --session-log logs\estpos_subprocess\estpos_session_20260519_122520.log --run-id 20260519_123014_306203 C:\Pi_loc\otter\RPI1\gps\GPS_RPI1_20260514_075330_Hydro_6673.txt C:\Pi_loc\otter\RPI2\gps\GPS_RPI2_20260514_075330_Hydro_2624.txt C:\Pi_loc\otter\RPI3\gps\GPS_RPI3_20260514_075330_Hydro_6675.txt C:\Pi_loc\otter\RPI1\streaming\RBW6673_20260514_075330.wav C:\Pi_loc\otter\RPI2\streaming\SAW2624_20260514_075330.wav C:\Pi_loc\otter\RPI3\streaming\RBW6675_20260514_075330.wav
[Est_pos parent] Working directory:
  C:\Code\ZOPBSP_Console
----------------------------------------------------------------------------------------------------

==========================================================================================
[Est_pos child] RUN START: 20260519_123014_306203
[Est_pos child] Time: 2026-05-19 12:30:14.430888
[Est_pos child] Input files:
  gps1: C:\Pi_loc\otter\RPI1\gps\GPS_RPI1_20260514_075330_Hydro_6673.txt
  gps2: C:\Pi_loc\otter\RPI2\gps\GPS_RPI2_20260514_075330_Hydro_2624.txt
  gps3: C:\Pi_loc\otter\RPI3\gps\GPS_RPI3_20260514_075330_Hydro_6675.txt
  wav1: C:\Pi_loc\otter\RPI1\streaming\RBW6673_20260514_075330.wav
  wav2: C:\Pi_loc\otter\RPI2\streaming\SAW2624_20260514_075330.wav
  wav3: C:\Pi_loc\otter\RPI3\streaming\RBW6675_20260514_075330.wav
------------------------------------------------------------------------------------------
GPS1: [[55330, 53.835674233333336, 17.647176759999997], [55331, 53.83567481499999, 17.647176758333334], [55332, 53.83567558833333, 17.647176521666665], [55333, 53.83567613, 17.647176475], [55334, 53.835676981666666, 17.647176296666665], [55335, 53.83567747166667, 17.647176281666667], [55336, 53.835678228333336, 17.647175976666666], [55337, 53.835678905, 17.647175801666666], [55338, 53.835679561666666, 17.647175515], [55339, 53.835680114999995, 17.64717509], [55340, 53.83568074333333, 17.647174765], [55341, 53.835681353333335, 17.647174388333333], [55342, 53.835681883333336, 17.647173884999997], [55343, 53.83568263833334, 17.64717327], [55344, 53.835683153333335, 17.64717274], [55345, 53.835683725, 17.6471721], [55346, 53.83568422500001, 17.64717132166667], [55347, 53.835684730000004, 17.647170643333332], [55348, 53.83568530833333, 17.647169876666666], [55349, 53.83568565666666, 17.647169296666668]]
GPS2: [[55330, 53.836052718333335, 17.648073455], [55331, 53.83605411333333, 17.648072456666668], [55332, 53.836055345000005, 17.64807151666667], [55333, 53.83605688166667, 17.648070163333333], [55334, 53.836058088333324, 17.6480689], [55335, 53.83605909, 17.648067765], [55336, 53.83605988666667, 17.648066835], [55337, 53.83606058666666, 17.648066078333333], [55338, 53.836061208333334, 17.6480652], [55339, 53.83606164, 17.648064388333335], [55340, 53.836078193333336, 17.648072365], [55341, 53.83606165833333, 17.648063875], [55342, 53.836063473333326, 17.64806283833333], [55343, 53.83606633666667, 17.648061995], [55344, 53.836070033333336, 17.64806458], [55345, 53.836070238333335, 17.64806418], [55346, 53.83607047, 17.648063596666667], [55347, 53.836070854999996, 17.648063118333333], [55348, 53.83607145333334, 17.648062781666667], [55349, 53.836072091666665, 17.648062445]]
GPS3: [[55330, 53.83646153333334, 17.647179334999997], [55331, 53.83646286666667, 17.647178365], [55332, 53.83646451833333, 17.647177533333334], [55333, 53.836466073333334, 17.647176826666666], [55334, 53.836467406666664, 17.647176283333334], [55335, 53.8364689, 17.647175598333334], [55336, 53.836470383333335, 17.647175271666665], [55337, 53.83647190166666, 17.647174713333335], [55338, 53.836473344999995, 17.647174568333334], [55339, 53.83647451333333, 17.647174345], [55340, 53.836475666666665, 17.647174078333332], [55341, 53.83647690166667, 17.64717378], [55342, 53.83647835, 17.647173756666668], [55343, 53.836479690000004, 17.647173448333334], [55344, 53.83648130333333, 17.647173361666667], [55345, 53.83648283000001, 17.647173095000003], [55346, 53.83648436833334, 17.64717299], [55347, 53.836485810000006, 17.64717316666667], [55348, 53.836487229999996, 17.64717315], [55349, 53.83648834166667, 17.647173316666667]]
ref_lat:  53.835674233333336
ref_lon:  17.647176759999997
aeqd: +proj=aeqd +lat_0=53.835674233333336 +lon_0=17.647176759999997 +datum=WGS84 +units=m +no_defs +type=crs
fwd: proj=pipeline step proj=unitconvert xy_in=deg xy_out=rad step proj=aeqd lat_0=53.8356742333333 lon_0=17.64717676 x_0=0 y_0=0 ellps=WGS84
inv: proj=pipeline step inv proj=aeqd lat_0=53.8356742333333 lon_0=17.64717676 x_0=0 y_0=0 ellps=WGS84 step proj=unitconvert xy_in=rad xy_out=deg
pos_est: (53.83595849806313, 17.64754856929014)
est_track: [[55330, 53.836208334191255, 17.6477037008134], [55331, 53.835914344013524, 17.647720059763174], [55332, 53.83592918431312, 17.64771382312782], [55333, 53.83588937856761, 17.64769528466383], [55334, 53.83581014294766, 17.647688099785803], [55335, 53.835827795340556, 17.64767564147798], [55336, 53.835822749846166, 17.647655052503126], [55337, 53.83585296186375, 17.647603228005607], [55338, 53.83581847676838, 17.64763514896548], [55339, 53.835845191117144, 17.64762283942117], [55340, 53.83586267897831, 17.647642326935106], [55341, 53.83583574376881, 17.647653178439477], [55342, 53.83585439099064, 17.64764674047492], [55343, 53.835852450497974, 17.64765340011759], [55344, 53.83585259306846, 17.6476337082745], [55345, 53.83588764591225, 17.6475931384869], [55346, 53.83591482486307, 17.647561028475774], [55347, 53.83586116197193, 17.64760176914523], [55348, 53.83588789149576, 17.64757294722263], [55349, 53.83595849806313, 17.64754856929014]]
------------------------------------------------------------------------------------------
[Est_pos child] RUN OK: 20260519_123014_306203
[Est_pos child] Result length: 20
[Est_pos child] Output JSON: C:\Users\Dell\AppData\Local\Temp\zopbsp_estpos_p8c406wn\estpos_result.json
==========================================================================================

[Est_pos parent] Run finished: 20260519_123014_306203
[Est_pos parent] Return code: 0
[Est_pos parent] JSON exists: True

[Est_pos parent] RUN OK: 20260519_123014_306203
[Est_pos parent] Result length: 20
----------------------------------------------------------------------------------------------------

----------------------------------------------------------------------------------------------------
[Est_pos parent] Starting run: 20260519_123017_764274
[Est_pos parent] Time: 2026-05-19 12:30:17.766277
[Est_pos parent] Command:
  C:\ProgramData\Anaconda3\envs\Console\python.exe -u -m Est_pos.estimate_pos_runner --out C:\Users\Dell\AppData\Local\Temp\zopbsp_estpos_yvv_1ya3\estpos_result.json --session-log logs\estpos_subprocess\estpos_session_20260519_122520.log --run-id 20260519_123017_764274 C:\Pi_loc\otter\RPI1\gps\GPS_RPI1_20260514_075400_Hydro_6673.txt C:\Pi_loc\otter\RPI2\gps\GPS_RPI2_20260514_075400_Hydro_2624.txt C:\Pi_loc\otter\RPI3\gps\GPS_RPI3_20260514_075400_Hydro_6675.txt C:\Pi_loc\otter\RPI1\streaming\RBW6673_20260514_075400.wav C:\Pi_loc\otter\RPI2\streaming\SAW2624_20260514_075400.wav C:\Pi_loc\otter\RPI3\streaming\RBW6675_20260514_075400.wav
[Est_pos parent] Working directory:
  C:\Code\ZOPBSP_Console
----------------------------------------------------------------------------------------------------

==========================================================================================
[Est_pos child] RUN START: 20260519_123017_764274
[Est_pos child] Time: 2026-05-19 12:30:17.886091
[Est_pos child] Input files:
  gps1: C:\Pi_loc\otter\RPI1\gps\GPS_RPI1_20260514_075400_Hydro_6673.txt
  gps2: C:\Pi_loc\otter\RPI2\gps\GPS_RPI2_20260514_075400_Hydro_2624.txt
  gps3: C:\Pi_loc\otter\RPI3\gps\GPS_RPI3_20260514_075400_Hydro_6675.txt
  wav1: C:\Pi_loc\otter\RPI1\streaming\RBW6673_20260514_075400.wav
  wav2: C:\Pi_loc\otter\RPI2\streaming\SAW2624_20260514_075400.wav
  wav3: C:\Pi_loc\otter\RPI3\streaming\RBW6675_20260514_075400.wav
------------------------------------------------------------------------------------------
GPS1: [[55400, 53.83569207166667, 17.647164456666665], [55401, 53.83569313666667, 17.647164206666666], [55402, 53.835694204999996, 17.647164078333333], [55403, 53.835695404999996, 17.64716373166667], [55404, 53.835696641666665, 17.647163698333333], [55405, 53.835697845000006, 17.64716362333333], [55406, 53.83569916166666, 17.647163535], [55407, 53.83570044666667, 17.647163583333334], [55408, 53.83570178833334, 17.647163550000002], [55409, 53.83570288999999, 17.647163765000002], [55410, 53.835704226666664, 17.647163693333333], [55411, 53.83570515166666, 17.647163995000003], [55412, 53.83570638166666, 17.647163955], [55413, 53.835707289999995, 17.647163929999998], [55414, 53.83570831, 17.647163798333334], [55415, 53.83570941166666, 17.64716349], [55416, 53.83571036833334, 17.647163040000002], [55417, 53.835711345, 17.647162281666667], [55418, 53.83571227166667, 17.64716105333333], [55419, 53.83571321833333, 17.647159751666667]]
GPS2: [[55400, 53.83608077, 17.648057426666664], [55401, 53.83608172166667, 17.648057523333332], [55402, 53.836083095000006, 17.648057958333332], [55403, 53.83608379166667, 17.648058083333336], [55404, 53.83608479833333, 17.648057428333335], [55405, 53.83608562333334, 17.648057065], [55406, 53.836086915, 17.648056765], [55407, 53.83608780833333, 17.648056358333335], [55408, 53.83608878333333, 17.648056163333333], [55409, 53.836089835, 17.648055795], [55410, 53.83609083166666, 17.648055466666666], [55411, 53.836092045, 17.648055403333334], [55412, 53.836093184999996, 17.648055266666667], [55413, 53.836094513333336, 17.64805494], [55414, 53.836095605000004, 17.64805494333333], [55415, 53.83609626333334, 17.648054845], [55416, 53.83609732, 17.648053993333335], [55417, 53.836097378333335, 17.648053763333333], [55418, 53.83609815166666, 17.648053456666666], [55419, 53.836098916666664, 17.648052824999997]]
GPS3: [[55400, 53.83650252666666, 17.64717132666667], [55401, 53.83650368833334, 17.64717074], [55402, 53.83650485, 17.647169963333333], [55403, 53.83650606, 17.647168846666666], [55404, 53.836507114999996, 17.647167638333332], [55405, 53.83650793499999, 17.647166223333333], [55406, 53.83650896333334, 17.647164668333335], [55407, 53.83650945666667, 17.647163015], [55408, 53.83651, 17.647161331666666], [55409, 53.836510438333335, 17.647159854999998], [55410, 53.83651072333334, 17.647158163333334], [55411, 53.836511046666665, 17.64715654], [55412, 53.83651134833334, 17.64715484], [55413, 53.83651193000001, 17.647153211666666], [55414, 53.83651221, 17.647151546666667], [55415, 53.836512641666666, 17.647150243333332], [55416, 53.836513323333335, 17.647148896666668], [55417, 53.836514001666664, 17.647147811666667], [55418, 53.83651482333333, 17.647147043333334], [55419, 53.83651567666667, 17.647146356666667]]
ref_lat:  53.83569207166667
ref_lon:  17.647164456666665
aeqd: +proj=aeqd +lat_0=53.83569207166667 +lon_0=17.647164456666665 +datum=WGS84 +units=m +no_defs +type=crs
fwd: proj=pipeline step proj=unitconvert xy_in=deg xy_out=rad step proj=aeqd lat_0=53.8356920716667 lon_0=17.6471644566667 x_0=0 y_0=0 ellps=WGS84
inv: proj=pipeline step inv proj=aeqd lat_0=53.8356920716667 lon_0=17.6471644566667 x_0=0 y_0=0 ellps=WGS84 step proj=unitconvert xy_in=rad xy_out=deg
pos_est: (53.835896549535136, 17.647562295278604)
est_track: [[55400, 53.8358063901997, 17.647497798877332], [55401, 53.8358288448081, 17.6474783223638], [55402, 53.8358580318311, 17.64741946123081], [55403, 53.835802683331856, 17.647492513154106], [55404, 53.83587773213269, 17.647441808452427], [55405, 53.83589520879966, 17.647428119523653], [55406, 53.83586553562949, 17.647464987287666], [55407, 53.835888891651415, 17.647476363840685], [55408, 53.83588242589082, 17.647504907023034], [55409, 53.83588583329796, 17.647498792263516], [55410, 53.83588194134916, 17.647512565840508], [55411, 53.83591828647714, 17.64749279935956], [55412, 53.83593085026657, 17.647469707792443], [55413, 53.835933460651525, 17.647492718325843], [55414, 53.835926847798916, 17.647525146974626], [55415, 53.8359076499845, 17.647554624185915], [55416, 53.83589461288792, 17.647571735090285], [55417, 53.83590266245303, 17.647582605649387], [55418, 53.83589693437939, 17.647578583978007], [55419, 53.835896549535136, 17.647562295278604]]
------------------------------------------------------------------------------------------
[Est_pos child] RUN OK: 20260519_123017_764274
[Est_pos child] Result length: 20
[Est_pos child] Output JSON: C:\Users\Dell\AppData\Local\Temp\zopbsp_estpos_yvv_1ya3\estpos_result.json
==========================================================================================

[Est_pos parent] Run finished: 20260519_123017_764274
[Est_pos parent] Return code: 0
[Est_pos parent] JSON exists: True

[Est_pos parent] RUN OK: 20260519_123017_764274
[Est_pos parent] Result length: 20
----------------------------------------------------------------------------------------------------

----------------------------------------------------------------------------------------------------
[Est_pos parent] Starting run: 20260519_123021_261147
[Est_pos parent] Time: 2026-05-19 12:30:21.263156
[Est_pos parent] Command:
  C:\ProgramData\Anaconda3\envs\Console\python.exe -u -m Est_pos.estimate_pos_runner --out C:\Users\Dell\AppData\Local\Temp\zopbsp_estpos_8net24t4\estpos_result.json --session-log logs\estpos_subprocess\estpos_session_20260519_122520.log --run-id 20260519_123021_261147 C:\Pi_loc\otter\RPI1\gps\GPS_RPI1_20260514_075430_Hydro_6673.txt C:\Pi_loc\otter\RPI2\gps\GPS_RPI2_20260514_075430_Hydro_2624.txt C:\Pi_loc\otter\RPI3\gps\GPS_RPI3_20260514_075430_Hydro_6675.txt C:\Pi_loc\otter\RPI1\streaming\RBW6673_20260514_075430.wav C:\Pi_loc\otter\RPI2\streaming\SAW2624_20260514_075430.wav C:\Pi_loc\otter\RPI3\streaming\RBW6675_20260514_075430.wav
[Est_pos parent] Working directory:
  C:\Code\ZOPBSP_Console
----------------------------------------------------------------------------------------------------

==========================================================================================
[Est_pos child] RUN START: 20260519_123021_261147
[Est_pos child] Time: 2026-05-19 12:30:21.388937
[Est_pos child] Input files:
  gps1: C:\Pi_loc\otter\RPI1\gps\GPS_RPI1_20260514_075430_Hydro_6673.txt
  gps2: C:\Pi_loc\otter\RPI2\gps\GPS_RPI2_20260514_075430_Hydro_2624.txt
  gps3: C:\Pi_loc\otter\RPI3\gps\GPS_RPI3_20260514_075430_Hydro_6675.txt
  wav1: C:\Pi_loc\otter\RPI1\streaming\RBW6673_20260514_075430.wav
  wav2: C:\Pi_loc\otter\RPI2\streaming\SAW2624_20260514_075430.wav
  wav3: C:\Pi_loc\otter\RPI3\streaming\RBW6675_20260514_075430.wav
------------------------------------------------------------------------------------------
GPS1: [[55430, 53.83571705833333, 17.647140410000002], [55431, 53.835716864999995, 17.647139088333333], [55432, 53.83571681, 17.647137663333336], [55433, 53.83571685166667, 17.647136233333335], [55434, 53.835716731666665, 17.647135595], [55435, 53.835716905, 17.647134445], [55436, 53.83571685333333, 17.647133661666665], [55437, 53.83571701000001, 17.647132721666665], [55438, 53.83571707833333, 17.647131891666668], [55439, 53.835717151666664, 17.647131195], [55440, 53.83571741166667, 17.647130405], [55441, 53.83571761666667, 17.647129788333334], [55442, 53.835717988333336, 17.64712893333333], [55443, 53.835718441666664, 17.64712813], [55444, 53.83571906666666, 17.647127193333333], [55445, 53.835719695, 17.64712644333333], [55446, 53.83572045833333, 17.647125256666666], [55447, 53.83572126666666, 17.647124393333335], [55448, 53.835722374999996, 17.647123285000003], [55449, 53.83572350333334, 17.64712252]]
GPS2: [[55430, 53.836107865, 17.648050753333333], [55431, 53.83610881833333, 17.648050556666664], [55432, 53.83610996166667, 17.648050488333336], [55433, 53.836110899999994, 17.64805031666667], [55434, 53.83611180333334, 17.648050163333334], [55435, 53.83611289666666, 17.648050051666665], [55436, 53.83611364333333, 17.648049796666665], [55437, 53.83611443666667, 17.648049428333334], [55438, 53.836115189999994, 17.648049181666668], [55439, 53.83611599000001, 17.6480488], [55440, 53.836116851666674, 17.648048446666667], [55441, 53.83611758666666, 17.648048125], [55442, 53.836118353333326, 17.64804776], [55443, 53.836119106666665, 17.648047433333332], [55444, 53.83611982666666, 17.648047061666666], [55445, 53.83612067833333, 17.648046641666667], [55446, 53.83612141833334, 17.6480464], [55447, 53.83612231833334, 17.648046175], [55448, 53.836123301666674, 17.648046071666666], [55449, 53.836123966666676, 17.648045611666664]]
GPS3: [[55430, 53.83652460166666, 17.647139558333333], [55431, 53.83652500333333, 17.647137336666667], [55432, 53.836525554999994, 17.647135103333333], [55433, 53.83652617166668, 17.647133023333332], [55434, 53.8365267, 17.64713168666667], [55435, 53.83652751166666, 17.647131331666667], [55436, 53.836528273333336, 17.64713087], [55437, 53.83652899666666, 17.647130273333335], [55438, 53.83652986166667, 17.64712947], [55439, 53.83653057666667, 17.647128631666664], [55440, 53.83653149666667, 17.647128148333334], [55441, 53.83653231833333, 17.64712649], [55442, 53.836532573333336, 17.64712547], [55443, 53.83653362, 17.64712375], [55444, 53.83653437333334, 17.647121831666666], [55445, 53.83653525, 17.647120358333332], [55446, 53.836535945, 17.647119668333335], [55447, 53.83653687833333, 17.647118318333334], [55448, 53.83653774, 17.647117663333333], [55449, 53.83653863666667, 17.647116638333333]]
ref_lat:  53.83571705833333
ref_lon:  17.647140410000002
aeqd: +proj=aeqd +lat_0=53.83571705833333 +lon_0=17.647140410000002 +datum=WGS84 +units=m +no_defs +type=crs
fwd: proj=pipeline step proj=unitconvert xy_in=deg xy_out=rad step proj=aeqd lat_0=53.8357170583333 lon_0=17.64714041 x_0=0 y_0=0 ellps=WGS84
inv: proj=pipeline step inv proj=aeqd lat_0=53.8357170583333 lon_0=17.64714041 x_0=0 y_0=0 ellps=WGS84 step proj=unitconvert xy_in=rad xy_out=deg
pos_est: (53.83571756301086, 17.647806256734487)
est_track: [[55430, 53.83585789427337, 17.647739694930003], [55431, 53.835858411840086, 17.647743963415465], [55432, 53.83585639425853, 17.647741866091256], [55433, 53.83585726270177, 17.647723974332713], [55434, 53.835829954238406, 17.64771613476741], [55435, 53.83582544358028, 17.647714946939505], [55436, 53.835824679028285, 17.647710440540347], [55437, 53.83584343953846, 17.647687775680403], [55438, 53.83583993139584, 17.647673702702246], [55439, 53.83584448942864, 17.647706661115063], [55440, 53.83580307880754, 17.64772078809975], [55441, 53.83581608195168, 17.64773328229176], [55442, 53.83582936449896, 17.647737421787795], [55443, 53.83578805645039, 17.64773528949859], [55444, 53.835793100231456, 17.6477433771377], [55445, 53.83577572274673, 17.64778782240913], [55446, 53.835739417442284, 17.647790975134686], [55447, 53.83573134654735, 17.647804213635826], [55448, 53.83578172190052, 17.647793399586686], [55449, 53.83571756301086, 17.647806256734487]]
------------------------------------------------------------------------------------------
[Est_pos child] RUN OK: 20260519_123021_261147
[Est_pos child] Result length: 20
[Est_pos child] Output JSON: C:\Users\Dell\AppData\Local\Temp\zopbsp_estpos_8net24t4\estpos_result.json
==========================================================================================

[Est_pos parent] Run finished: 20260519_123021_261147
[Est_pos parent] Return code: 0
[Est_pos parent] JSON exists: True

[Est_pos parent] RUN OK: 20260519_123021_261147
[Est_pos parent] Result length: 20
----------------------------------------------------------------------------------------------------

----------------------------------------------------------------------------------------------------
[Est_pos parent] Starting run: 20260519_123024_729365
[Est_pos parent] Time: 2026-05-19 12:30:24.729365
[Est_pos parent] Command:
  C:\ProgramData\Anaconda3\envs\Console\python.exe -u -m Est_pos.estimate_pos_runner --out C:\Users\Dell\AppData\Local\Temp\zopbsp_estpos_s6eitliv\estpos_result.json --session-log logs\estpos_subprocess\estpos_session_20260519_122520.log --run-id 20260519_123024_729365 C:\Pi_loc\otter\RPI1\gps\GPS_RPI1_20260514_075500_Hydro_6673.txt C:\Pi_loc\otter\RPI2\gps\GPS_RPI2_20260514_075500_Hydro_2624.txt C:\Pi_loc\otter\RPI3\gps\GPS_RPI3_20260514_075500_Hydro_6675.txt C:\Pi_loc\otter\RPI1\streaming\RBW6673_20260514_075500.wav C:\Pi_loc\otter\RPI2\streaming\SAW2624_20260514_075500.wav C:\Pi_loc\otter\RPI3\streaming\RBW6675_20260514_075500.wav
[Est_pos parent] Working directory:
  C:\Code\ZOPBSP_Console
----------------------------------------------------------------------------------------------------

==========================================================================================
[Est_pos child] RUN START: 20260519_123024_729365
[Est_pos child] Time: 2026-05-19 12:30:24.853719
[Est_pos child] Input files:
  gps1: C:\Pi_loc\otter\RPI1\gps\GPS_RPI1_20260514_075500_Hydro_6673.txt
  gps2: C:\Pi_loc\otter\RPI2\gps\GPS_RPI2_20260514_075500_Hydro_2624.txt
  gps3: C:\Pi_loc\otter\RPI3\gps\GPS_RPI3_20260514_075500_Hydro_6675.txt
  wav1: C:\Pi_loc\otter\RPI1\streaming\RBW6673_20260514_075500.wav
  wav2: C:\Pi_loc\otter\RPI2\streaming\SAW2624_20260514_075500.wav
  wav3: C:\Pi_loc\otter\RPI3\streaming\RBW6675_20260514_075500.wav
------------------------------------------------------------------------------------------
GPS1: [[55500, 53.835734211666676, 17.647119735], [55501, 53.83573516166666, 17.64711885666667], [55502, 53.83573576333333, 17.647118208333332], [55503, 53.835736680000004, 17.647116905], [55504, 53.83573727833333, 17.647115528333334], [55505, 53.83573834333333, 17.647114015], [55506, 53.83573911333333, 17.647112445], [55507, 53.83574005666666, 17.647110778333335], [55508, 53.835740935, 17.647109236666665], [55509, 53.835741515, 17.647107656666666], [55510, 53.83574224666666, 17.64710597], [55511, 53.835742755, 17.647104628333334], [55512, 53.83574324333334, 17.647103511666668], [55513, 53.835743753333325, 17.647102524999998], [55514, 53.83574438666666, 17.647101635000002], [55515, 53.83574516, 17.647100939999998], [55516, 53.83574604333333, 17.647100243333334], [55517, 53.83574707, 17.647100026666667], [55518, 53.835748323333334, 17.64709957166667], [55519, 53.835749566666664, 17.64709939]]
GPS2: [[55500, 53.83613374333333, 17.64804330666667], [55501, 53.83613422333333, 17.648042943333333], [55502, 53.83613469, 17.648042888333336], [55503, 53.836135475000006, 17.648042453333336], [55504, 53.83613602666666, 17.648042423333333], [55505, 53.83613651166667, 17.64804227666667], [55506, 53.83613792999999, 17.648042219999997], [55507, 53.836137925, 17.648042245], [55508, 53.836138670000004, 17.648042296666667], [55509, 53.83613951666666, 17.64804218], [55510, 53.83614021333333, 17.648042131666667], [55511, 53.83614097166666, 17.648041695], [55512, 53.836141795, 17.648041683333336], [55513, 53.83614268333334, 17.64804140333333], [55514, 53.83614331333333, 17.648041069999998], [55515, 53.836144235, 17.648040695000002], [55516, 53.83614468333334, 17.64804032333333], [55517, 53.83614557166667, 17.648039871666665], [55518, 53.836146310000004, 17.648039498333333], [55519, 53.836146955000004, 17.64803946]]
GPS3: [[55500, 53.836549438333336, 17.647109044999997], [55501, 53.83655070666667, 17.64710748], [55502, 53.83655136166667, 17.647105936666666], [55503, 53.836552389999994, 17.647104728333332], [55504, 53.83655334499999, 17.64710303], [55505, 53.83655432833334, 17.647101485], [55506, 53.83655535166666, 17.647100438333332], [55507, 53.83655619666667, 17.647098991666667], [55508, 53.836557248333335, 17.647097923333334], [55509, 53.83655822000001, 17.647096835], [55510, 53.836559088333324, 17.64709506666667], [55511, 53.83656055833333, 17.647094175], [55512, 53.836561936666676, 17.647092896666667], [55513, 53.83656300999999, 17.647091736666667], [55514, 53.836564033333325, 17.647090638333335], [55515, 53.836565, 17.64708899], [55516, 53.83656608, 17.647087725], [55517, 53.83656697, 17.64708584], [55518, 53.836568400000004, 17.647083741666666], [55519, 53.83656914, 17.647083088333332]]
ref_lat:  53.835734211666676
ref_lon:  17.647119735
aeqd: +proj=aeqd +lat_0=53.835734211666676 +lon_0=17.647119735 +datum=WGS84 +units=m +no_defs +type=crs
fwd: proj=pipeline step proj=unitconvert xy_in=deg xy_out=rad step proj=aeqd lat_0=53.8357342116667 lon_0=17.647119735 x_0=0 y_0=0 ellps=WGS84
inv: proj=pipeline step inv proj=aeqd lat_0=53.8357342116667 lon_0=17.647119735 x_0=0 y_0=0 ellps=WGS84 step proj=unitconvert xy_in=rad xy_out=deg
pos_est: (53.83586205479987, 17.647749261852557)
est_track: [[55500, 53.835596111751094, 17.647874216227525], [55501, 53.83561452433503, 17.64786279325204], [55502, 53.8356621705228, 17.647832560122826], [55503, 53.83566054652626, 17.647812225667924], [55504, 53.83568095505372, 17.647791354473036], [55505, 53.83571220491064, 17.647778214602358], [55506, 53.83569087638966, 17.64779659800056], [55507, 53.8356660798498, 17.647799841117276], [55508, 53.835689453985836, 17.647786696484765], [55509, 53.835693690805215, 17.647814116958152], [55510, 53.8357268756183, 17.6478416292369], [55511, 53.83569758177463, 17.647849097005242], [55512, 53.83562691020485, 17.64788476751465], [55513, 53.83568284523218, 17.64786954245237], [55514, 53.83559213271864, 17.647856967876724], [55515, 53.835707261077246, 17.647847994542456], [55516, 53.83571689839086, 17.647810973085548], [55517, 53.835719687827925, 17.647786476671406], [55518, 53.835767111583344, 17.64779978177653], [55519, 53.83586205479987, 17.647749261852557]]
------------------------------------------------------------------------------------------
[Est_pos child] RUN OK: 20260519_123024_729365
[Est_pos child] Result length: 20
[Est_pos child] Output JSON: C:\Users\Dell\AppData\Local\Temp\zopbsp_estpos_s6eitliv\estpos_result.json
==========================================================================================

[Est_pos parent] Run finished: 20260519_123024_729365
[Est_pos parent] Return code: 0
[Est_pos parent] JSON exists: True

[Est_pos parent] RUN OK: 20260519_123024_729365
[Est_pos parent] Result length: 20
----------------------------------------------------------------------------------------------------

----------------------------------------------------------------------------------------------------
[Est_pos parent] Starting run: 20260519_123143_583170
[Est_pos parent] Time: 2026-05-19 12:31:43.585181
[Est_pos parent] Command:
  C:\ProgramData\Anaconda3\envs\Console\python.exe -u -m Est_pos.estimate_pos_runner --out C:\Users\Dell\AppData\Local\Temp\zopbsp_estpos_hdeggsd8\estpos_result.json --session-log logs\estpos_subprocess\estpos_session_20260519_122520.log --run-id 20260519_123143_583170 C:\Pi_loc\pon\RPI1\gps\GPS_RPI1_20260514_074300_Hydro_6673.txt C:\Pi_loc\pon\RPI2\gps\GPS_RPI2_20260514_074300_Hydro_2624.txt C:\Pi_loc\pon\RPI3\gps\GPS_RPI3_20260514_074300_Hydro_6675.txt C:\Pi_loc\pon\RPI1\streaming\RBW6673_20260514_074300.wav C:\Pi_loc\pon\RPI2\streaming\SAW2624_20260514_074300.wav C:\Pi_loc\pon\RPI3\streaming\RBW6675_20260514_074300.wav
[Est_pos parent] Working directory:
  C:\Code\ZOPBSP_Console
----------------------------------------------------------------------------------------------------

==========================================================================================
[Est_pos child] RUN START: 20260519_123143_583170
[Est_pos child] Time: 2026-05-19 12:31:43.719220
[Est_pos child] Input files:
  gps1: C:\Pi_loc\pon\RPI1\gps\GPS_RPI1_20260514_074300_Hydro_6673.txt
  gps2: C:\Pi_loc\pon\RPI2\gps\GPS_RPI2_20260514_074300_Hydro_2624.txt
  gps3: C:\Pi_loc\pon\RPI3\gps\GPS_RPI3_20260514_074300_Hydro_6675.txt
  wav1: C:\Pi_loc\pon\RPI1\streaming\RBW6673_20260514_074300.wav
  wav2: C:\Pi_loc\pon\RPI2\streaming\SAW2624_20260514_074300.wav
  wav3: C:\Pi_loc\pon\RPI3\streaming\RBW6675_20260514_074300.wav
------------------------------------------------------------------------------------------
GPS1: [[54300, 53.83619694666666, 17.64745116], [54301, 53.836185439999994, 17.647447503333336], [54302, 53.83617410833334, 17.64744283], [54303, 53.83616361666667, 17.64743564666667], [54304, 53.83615304833334, 17.647429506666665], [54305, 53.83614227500001, 17.647423256666666], [54306, 53.83613060833333, 17.647417978333333], [54307, 53.83611924499999, 17.647413705], [54308, 53.83610796666667, 17.647410216666668], [54309, 53.836096829999995, 17.647407583333333], [54310, 53.836086443333336, 17.647405956666667], [54311, 53.83607630333333, 17.647405236666668], [54312, 53.83606652833334, 17.647405496666668], [54313, 53.83605694166666, 17.647406721666666], [54314, 53.83604746166667, 17.647409035], [54315, 53.83603800666666, 17.647412321666664], [54316, 53.83602828833333, 17.647416876666668], [54317, 53.836017250000005, 17.647418771666665], [54318, 53.83600633333334, 17.647417023333333], [54319, 53.835996056666666, 17.647412560000003]]
GPS2: [[54300, 53.83631983333333, 17.648063045], [54301, 53.83629254166667, 17.648060358333332], [54302, 53.83625465, 17.648051165000002], [54303, 53.83623237333333, 17.64804946], [54304, 53.83621803333334, 17.648048733333333], [54305, 53.836203274999995, 17.64804584], [54306, 53.83619261833334, 17.64804237], [54307, 53.83619031833334, 17.64804291], [54308, 53.83618320166667, 17.648038043333333], [54309, 53.83621207166666, 17.648068708333334], [54310, 53.83620473833333, 17.648070221666668], [54311, 53.83623545499999, 17.64808458166667], [54312, 53.83621318833334, 17.64807996333333], [54313, 53.83617921333333, 17.648065271666667], [54314, 53.83615994499999, 17.648061735], [54315, 53.836128896666665, 17.648053761666667], [54316, 53.83611198166667, 17.648053211666667], [54317, 53.83609812166666, 17.64805555666667], [54318, 53.83606522333333, 17.648042871666668], [54319, 53.83604510166666, 17.648042874999998]]
GPS3: [[54300, 53.836476303333335, 17.647498931666668], [54301, 53.836466036666664, 17.64749951166667], [54302, 53.83645285666667, 17.647500755], [54303, 53.83644068, 17.64751086], [54304, 53.83642902166666, 17.647522691666666], [54305, 53.83641795666667, 17.647529374999998], [54306, 53.83640635333333, 17.647533061666664], [54307, 53.836395236666675, 17.64753754666667], [54308, 53.83638242666666, 17.647539178333332], [54309, 53.83636875333333, 17.647539731666665], [54310, 53.83635536666667, 17.647538761666667], [54311, 53.83634430666666, 17.647536641666665], [54312, 53.836334585, 17.647534489999998], [54313, 53.836326721666666, 17.647532698333336], [54314, 53.836319780000004, 17.647531308333335], [54315, 53.83631508166666, 17.647530198333335], [54316, 53.83631114166666, 17.647530175], [54317, 53.83630766666667, 17.647530863333333], [54318, 53.836302370000006, 17.647529865000003], [54319, 53.83630778333333, 17.64752952166667]]
ref_lat:  53.83619694666666
ref_lon:  17.64745116
aeqd: +proj=aeqd +lat_0=53.83619694666666 +lon_0=17.64745116 +datum=WGS84 +units=m +no_defs +type=crs
fwd: proj=pipeline step proj=unitconvert xy_in=deg xy_out=rad step proj=aeqd lat_0=53.8361969466667 lon_0=17.64745116 x_0=0 y_0=0 ellps=WGS84
inv: proj=pipeline step inv proj=aeqd lat_0=53.8361969466667 lon_0=17.64745116 x_0=0 y_0=0 ellps=WGS84 step proj=unitconvert xy_in=rad xy_out=deg
pos_est: (53.83555215452702, 17.64800785160155)
C:\ProgramData\Anaconda3\envs\Console\Lib\site-packages\geopy\point.py:472: UserWarning: Latitude normalization has been prohibited in the newer versions of geopy, because the normalized value happened to be on a different pole, which is probably not what was meant. If you pass coordinates as positional args, please make sure that the order is (latitude, longitude) or (y, x) in Cartesian terms.
  return cls(*args)
est_track: [[54304, 53.8366801220318, 17.647832852737356], [54305, 53.836455485737794, 17.647821809476913], [54306, 53.8349775023711, 17.648881475365847], [54307, 53.836184664137114, 17.647857727210866], [54308, 53.83603643841263, 17.64780439835948], [54313, 53.836096073855565, 17.647819460763966], [54314, 53.83595402261918, 17.647847300324464], [54316, 53.83594334835632, 17.647978087459208], [54317, 53.83629056603947, 17.647778785395044], [54319, 53.83555215452702, 17.64800785160155]]
------------------------------------------------------------------------------------------
[Est_pos child] RUN OK: 20260519_123143_583170
[Est_pos child] Result length: 10
[Est_pos child] Output JSON: C:\Users\Dell\AppData\Local\Temp\zopbsp_estpos_hdeggsd8\estpos_result.json
==========================================================================================

[Est_pos parent] Run finished: 20260519_123143_583170
[Est_pos parent] Return code: 0
[Est_pos parent] JSON exists: True

[Est_pos parent] RUN OK: 20260519_123143_583170
[Est_pos parent] Result length: 10
----------------------------------------------------------------------------------------------------

----------------------------------------------------------------------------------------------------
[Est_pos parent] Starting run: 20260519_123147_143173
[Est_pos parent] Time: 2026-05-19 12:31:47.143173
[Est_pos parent] Command:
  C:\ProgramData\Anaconda3\envs\Console\python.exe -u -m Est_pos.estimate_pos_runner --out C:\Users\Dell\AppData\Local\Temp\zopbsp_estpos_63ziq1jy\estpos_result.json --session-log logs\estpos_subprocess\estpos_session_20260519_122520.log --run-id 20260519_123147_143173 C:\Pi_loc\pon\RPI1\gps\GPS_RPI1_20260514_074330_Hydro_6673.txt C:\Pi_loc\pon\RPI2\gps\GPS_RPI2_20260514_074330_Hydro_2624.txt C:\Pi_loc\pon\RPI3\gps\GPS_RPI3_20260514_074330_Hydro_6675.txt C:\Pi_loc\pon\RPI1\streaming\RBW6673_20260514_074330.wav C:\Pi_loc\pon\RPI2\streaming\SAW2624_20260514_074330.wav C:\Pi_loc\pon\RPI3\streaming\RBW6675_20260514_074330.wav
[Est_pos parent] Working directory:
  C:\Code\ZOPBSP_Console
----------------------------------------------------------------------------------------------------

==========================================================================================
[Est_pos child] RUN START: 20260519_123147_143173
[Est_pos child] Time: 2026-05-19 12:31:47.264175
[Est_pos child] Input files:
  gps1: C:\Pi_loc\pon\RPI1\gps\GPS_RPI1_20260514_074330_Hydro_6673.txt
  gps2: C:\Pi_loc\pon\RPI2\gps\GPS_RPI2_20260514_074330_Hydro_2624.txt
  gps3: C:\Pi_loc\pon\RPI3\gps\GPS_RPI3_20260514_074330_Hydro_6675.txt
  wav1: C:\Pi_loc\pon\RPI1\streaming\RBW6673_20260514_074330.wav
  wav2: C:\Pi_loc\pon\RPI2\streaming\SAW2624_20260514_074330.wav
  wav3: C:\Pi_loc\pon\RPI3\streaming\RBW6675_20260514_074330.wav
------------------------------------------------------------------------------------------
GPS1: [[54330, 53.835876215000006, 17.647366429999998], [54331, 53.83586502333333, 17.6473611], [54332, 53.83585347166666, 17.6473568], [54333, 53.83584109666667, 17.647353255], [54334, 53.83582858500001, 17.647350895], [54335, 53.83581580833334, 17.64734973166667], [54336, 53.83580339499999, 17.647349913333336], [54337, 53.83579122333334, 17.64734781], [54338, 53.835779269999996, 17.647342736666666], [54339, 53.83576766833333, 17.647335291666664], [54340, 53.83575644833333, 17.647325446666667], [54341, 53.835745270000004, 17.647315611666667], [54342, 53.83573373166667, 17.647307421666667], [54343, 53.835721674999995, 17.647299985], [54344, 53.83570897166666, 17.647293348333335], [54345, 53.83569554, 17.64728768166667], [54346, 53.83568201666667, 17.64728384], [54347, 53.835669571666664, 17.647279805], [54348, 53.83565626333334, 17.647275420000003], [54349, 53.83564321666666, 17.647271478333334]]
GPS2: [[54330, 53.83600425833333, 17.648280296666666], [54331, 53.83600851999999, 17.64829264333333], [54332, 53.83599916333333, 17.648295113333333], [54333, 53.835984105, 17.648292615], [54334, 53.83597470833333, 17.64828426], [54335, 53.83597040666667, 17.648277073333336], [54336, 53.835962565, 17.648269768333332], [54337, 53.83596286833334, 17.648275783333336], [54338, 53.83595332833333, 17.648269048333336], [54339, 53.83594749833334, 17.64826457166667], [54340, 53.835940646666664, 17.648260683333334], [54341, 53.83593011, 17.648258021666667], [54342, 53.835917388333336, 17.648256343333333], [54343, 53.835900031666675, 17.64825213833333], [54344, 53.8358818, 17.648249336666666], [54345, 53.83586765333333, 17.64825089], [54346, 53.835854788333336, 17.648254436666665], [54347, 53.835843598333334, 17.64825943], [54348, 53.83583096166667, 17.648262866666666], [54349, 53.83581986833333, 17.648266151666668]]
GPS3: [[54330, 53.83628597333333, 17.647470875], [54331, 53.836287035000005, 17.647468135], [54332, 53.83628711333334, 17.647464208333336], [54333, 53.83628646833334, 17.647460888333335], [54334, 53.836286015, 17.647459576666666], [54335, 53.836286394999995, 17.64745856], [54336, 53.836287066666664, 17.647457078333332], [54337, 53.836287365, 17.647456298333335], [54338, 53.83628771666666, 17.647455513333334], [54339, 53.83628874666667, 17.647453924999997], [54340, 53.83628972666667, 17.64745226], [54341, 53.836290915, 17.647450608333333], [54342, 53.836292003333334, 17.647449235], [54343, 53.83629338166667, 17.647448026666666], [54344, 53.836295146666664, 17.647446636666665], [54345, 53.83629707333333, 17.647445025000003], [54346, 53.83629920166666, 17.647443756666668], [54347, 53.836300851666664, 17.647442475], [54348, 53.83630192833333, 17.64744167], [54349, 53.836303584999996, 17.647440525]]
ref_lat:  53.835876215000006
ref_lon:  17.647366429999998
aeqd: +proj=aeqd +lat_0=53.835876215000006 +lon_0=17.647366429999998 +datum=WGS84 +units=m +no_defs +type=crs
fwd: proj=pipeline step proj=unitconvert xy_in=deg xy_out=rad step proj=aeqd lat_0=53.835876215 lon_0=17.64736643 x_0=0 y_0=0 ellps=WGS84
inv: proj=pipeline step inv proj=aeqd lat_0=53.835876215 lon_0=17.64736643 x_0=0 y_0=0 ellps=WGS84 step proj=unitconvert xy_in=rad xy_out=deg
pos_est: (53.83483574894231, 17.647914517262016)
C:\ProgramData\Anaconda3\envs\Console\Lib\site-packages\geopy\point.py:472: UserWarning: Latitude normalization has been prohibited in the newer versions of geopy, because the normalized value happened to be on a different pole, which is probably not what was meant. If you pass coordinates as positional args, please make sure that the order is (latitude, longitude) or (y, x) in Cartesian terms.
  return cls(*args)
est_track: [[54330, 53.83571433261657, 17.648030245573167], [54334, 53.83601657977729, 17.64810462826002], [54335, 53.83602080841953, 17.64794993418696], [54336, 53.83604297256337, 17.647934296199935], [54337, 53.83625354661852, 17.647958887443824], [54338, 53.836102286636844, 17.648010134063377], [54339, 53.83612790016023, 17.648002138141372], [54341, 53.83598824012943, 17.648036838068233], [54342, 53.83588230702502, 17.648120283688684], [54343, 53.835502915672365, 17.6484519173228], [54344, 53.8353134089132, 17.648377932114503], [54345, 53.83444348332081, 17.649259875320357], [54346, 53.83568153706313, 17.64837798891214], [54347, 53.835402986605835, 17.648121737518544], [54348, 53.835666388847415, 17.64788008609357], [54349, 53.83483574894231, 17.647914517262016]]
------------------------------------------------------------------------------------------
[Est_pos child] RUN OK: 20260519_123147_143173
[Est_pos child] Result length: 16
[Est_pos child] Output JSON: C:\Users\Dell\AppData\Local\Temp\zopbsp_estpos_63ziq1jy\estpos_result.json
==========================================================================================

[Est_pos parent] Run finished: 20260519_123147_143173
[Est_pos parent] Return code: 0
[Est_pos parent] JSON exists: True

[Est_pos parent] RUN OK: 20260519_123147_143173
[Est_pos parent] Result length: 16
----------------------------------------------------------------------------------------------------

----------------------------------------------------------------------------------------------------
[Est_pos parent] Starting run: 20260519_123150_579201
[Est_pos parent] Time: 2026-05-19 12:31:50.581206
[Est_pos parent] Command:
  C:\ProgramData\Anaconda3\envs\Console\python.exe -u -m Est_pos.estimate_pos_runner --out C:\Users\Dell\AppData\Local\Temp\zopbsp_estpos_hhoumu39\estpos_result.json --session-log logs\estpos_subprocess\estpos_session_20260519_122520.log --run-id 20260519_123150_579201 C:\Pi_loc\pon\RPI1\gps\GPS_RPI1_20260514_074400_Hydro_6673.txt C:\Pi_loc\pon\RPI2\gps\GPS_RPI2_20260514_074400_Hydro_2624.txt C:\Pi_loc\pon\RPI3\gps\GPS_RPI3_20260514_074400_Hydro_6675.txt C:\Pi_loc\pon\RPI1\streaming\RBW6673_20260514_074400.wav C:\Pi_loc\pon\RPI2\streaming\SAW2624_20260514_074400.wav C:\Pi_loc\pon\RPI3\streaming\RBW6675_20260514_074400.wav
[Est_pos parent] Working directory:
  C:\Code\ZOPBSP_Console
----------------------------------------------------------------------------------------------------

==========================================================================================
[Est_pos child] RUN START: 20260519_123150_579201
[Est_pos child] Time: 2026-05-19 12:31:50.699277
[Est_pos child] Input files:
  gps1: C:\Pi_loc\pon\RPI1\gps\GPS_RPI1_20260514_074400_Hydro_6673.txt
  gps2: C:\Pi_loc\pon\RPI2\gps\GPS_RPI2_20260514_074400_Hydro_2624.txt
  gps3: C:\Pi_loc\pon\RPI3\gps\GPS_RPI3_20260514_074400_Hydro_6675.txt
  wav1: C:\Pi_loc\pon\RPI1\streaming\RBW6673_20260514_074400.wav
  wav2: C:\Pi_loc\pon\RPI2\streaming\SAW2624_20260514_074400.wav
  wav3: C:\Pi_loc\pon\RPI3\streaming\RBW6675_20260514_074400.wav
------------------------------------------------------------------------------------------
GPS1: [[54400, 53.835532631666666, 17.647261948333334], [54401, 53.83552958833334, 17.647263098333333], [54402, 53.83552791166667, 17.64726415], [54403, 53.83552502999999, 17.647266390000002], [54404, 53.83552173166666, 17.647265623333332], [54405, 53.835519780000006, 17.647262828333332], [54406, 53.83551873, 17.647259143333333], [54407, 53.835518269999994, 17.647256076666668], [54408, 53.835518016666676, 17.647253996666667], [54409, 53.83551808833334, 17.647251691666668], [54410, 53.83551798166666, 17.647249478333332], [54411, 53.83551798333333, 17.647247503333332], [54412, 53.83551829666667, 17.647245835], [54413, 53.835518504999996, 17.647244684999997], [54414, 53.83551898833333, 17.647243221666667], [54415, 53.835519285, 17.64724216833333], [54416, 53.835519794999996, 17.64724108], [54417, 53.835520511666665, 17.647240053333334], [54418, 53.83552131500001, 17.647239475], [54419, 53.83552243833333, 17.647238581666667]]
GPS2: [[54400, 53.83577525833333, 17.648261986666668], [54401, 53.83577364833333, 17.648258651666666], [54402, 53.83577461333333, 17.648256431666667], [54403, 53.835778336666664, 17.64825781333333], [54404, 53.83578054666667, 17.648260035], [54405, 53.835782968333326, 17.64826603], [54406, 53.835782105, 17.648269268333333], [54407, 53.835781596666656, 17.648270548333336], [54408, 53.835783830000004, 17.648271663333333], [54409, 53.83578747833334, 17.648273255], [54410, 53.835792569999995, 17.648275038333335], [54411, 53.83579664333333, 17.648276141666667], [54412, 53.83579776666667, 17.648275996666666], [54413, 53.83579650833334, 17.648274513333334], [54414, 53.835794553333336, 17.648273555], [54415, 53.835792760000004, 17.648271473333335], [54416, 53.835793043333325, 17.64827166], [54417, 53.835793624999994, 17.648272115], [54418, 53.83579416833333, 17.648273529999997], [54419, 53.83579693499999, 17.64827449]]
GPS3: [[54400, 53.83631774333333, 17.647429468333332], [54401, 53.836318715, 17.647429051666666], [54402, 53.83631972, 17.647428625], [54403, 53.83632051833333, 17.647428078333334], [54404, 53.83632177333334, 17.647427760000003], [54405, 53.836323099999994, 17.647427335], [54406, 53.83632445833334, 17.647426798333335], [54407, 53.83632582166667, 17.647426488333334], [54408, 53.83632708166667, 17.64742588], [54409, 53.836328251666664, 17.64742516333333], [54410, 53.836329688333336, 17.64742444], [54411, 53.836330905000004, 17.647423651666667], [54412, 53.83633201999999, 17.64742288833333], [54413, 53.83633305833334, 17.647422185], [54414, 53.836334394999994, 17.647421638333334], [54415, 53.83633562, 17.647420805000003], [54416, 53.836336453333324, 17.647419538333335], [54417, 53.83633722, 17.647418186666666], [54418, 53.83633789833334, 17.647416931666665], [54419, 53.83633914833334, 17.64741563]]
ref_lat:  53.835532631666666
ref_lon:  17.647261948333334
aeqd: +proj=aeqd +lat_0=53.835532631666666 +lon_0=17.647261948333334 +datum=WGS84 +units=m +no_defs +type=crs
fwd: proj=pipeline step proj=unitconvert xy_in=deg xy_out=rad step proj=aeqd lat_0=53.8355326316667 lon_0=17.6472619483333 x_0=0 y_0=0 ellps=WGS84
inv: proj=pipeline step inv proj=aeqd lat_0=53.8355326316667 lon_0=17.6472619483333 x_0=0 y_0=0 ellps=WGS84 step proj=unitconvert xy_in=rad xy_out=deg
pos_est: (53.836378356604655, 17.64774694362186)
C:\ProgramData\Anaconda3\envs\Console\Lib\site-packages\geopy\point.py:472: UserWarning: Latitude normalization has been prohibited in the newer versions of geopy, because the normalized value happened to be on a different pole, which is probably not what was meant. If you pass coordinates as positional args, please make sure that the order is (latitude, longitude) or (y, x) in Cartesian terms.
  return cls(*args)
est_track: [[54404, 53.83537456692018, 17.64735788152019], [54405, 53.835907688250636, 17.64741093140537], [54406, 53.8360599900972, 17.647551577882602], [54407, 53.83643726145685, 17.647603253498097], [54408, 53.836358190058654, 17.647611976178723], [54409, 53.83642064924774, 17.647644816896907], [54410, 53.83638743434875, 17.64765452776436], [54411, 53.83638683021582, 17.64764546280566], [54412, 53.836372674517946, 17.647661478824833], [54413, 53.83639630776498, 17.64765608596481], [54414, 53.83646440249558, 17.64769494894708], [54415, 53.83646787986572, 17.647706232506394], [54416, 53.836440852057365, 17.64772204619172], [54417, 53.83640001160211, 17.647727264021878], [54418, 53.83638730721327, 17.647740214429128], [54419, 53.836378356604655, 17.64774694362186]]
------------------------------------------------------------------------------------------
[Est_pos child] RUN OK: 20260519_123150_579201
[Est_pos child] Result length: 16
[Est_pos child] Output JSON: C:\Users\Dell\AppData\Local\Temp\zopbsp_estpos_hhoumu39\estpos_result.json
==========================================================================================

[Est_pos parent] Run finished: 20260519_123150_579201
[Est_pos parent] Return code: 0
[Est_pos parent] JSON exists: True

[Est_pos parent] RUN OK: 20260519_123150_579201
[Est_pos parent] Result length: 16
----------------------------------------------------------------------------------------------------

----------------------------------------------------------------------------------------------------
[Est_pos parent] Starting run: 20260519_123154_089824
[Est_pos parent] Time: 2026-05-19 12:31:54.091835
[Est_pos parent] Command:
  C:\ProgramData\Anaconda3\envs\Console\python.exe -u -m Est_pos.estimate_pos_runner --out C:\Users\Dell\AppData\Local\Temp\zopbsp_estpos_ga2gkiqd\estpos_result.json --session-log logs\estpos_subprocess\estpos_session_20260519_122520.log --run-id 20260519_123154_089824 C:\Pi_loc\pon\RPI1\gps\GPS_RPI1_20260514_074430_Hydro_6673.txt C:\Pi_loc\pon\RPI2\gps\GPS_RPI2_20260514_074430_Hydro_2624.txt C:\Pi_loc\pon\RPI3\gps\GPS_RPI3_20260514_074430_Hydro_6675.txt C:\Pi_loc\pon\RPI1\streaming\RBW6673_20260514_074430.wav C:\Pi_loc\pon\RPI2\streaming\SAW2624_20260514_074430.wav C:\Pi_loc\pon\RPI3\streaming\RBW6675_20260514_074430.wav
[Est_pos parent] Working directory:
  C:\Code\ZOPBSP_Console
----------------------------------------------------------------------------------------------------

==========================================================================================
[Est_pos child] RUN START: 20260519_123154_089824
[Est_pos child] Time: 2026-05-19 12:31:54.218160
[Est_pos child] Input files:
  gps1: C:\Pi_loc\pon\RPI1\gps\GPS_RPI1_20260514_074430_Hydro_6673.txt
  gps2: C:\Pi_loc\pon\RPI2\gps\GPS_RPI2_20260514_074430_Hydro_2624.txt
  gps3: C:\Pi_loc\pon\RPI3\gps\GPS_RPI3_20260514_074430_Hydro_6675.txt
  wav1: C:\Pi_loc\pon\RPI1\streaming\RBW6673_20260514_074430.wav
  wav2: C:\Pi_loc\pon\RPI2\streaming\SAW2624_20260514_074430.wav
  wav3: C:\Pi_loc\pon\RPI3\streaming\RBW6675_20260514_074430.wav
------------------------------------------------------------------------------------------
GPS1: [[54430, 53.835533381666664, 17.647238395], [54431, 53.83553399666666, 17.647238901666665], [54432, 53.835534751666664, 17.647239201666665], [54433, 53.835535395, 17.647239625], [54434, 53.83553599166667, 17.647239881666668], [54435, 53.835536741666665, 17.647239961666667], [54436, 53.83553738833333, 17.647240178333334], [54437, 53.83553803666667, 17.647240085], [54438, 53.83553868666666, 17.647240094999997], [54439, 53.83553930333334, 17.647239981666665], [54440, 53.835540055, 17.647239733333333], [54441, 53.83554073666666, 17.647239298333332], [54442, 53.83554156333333, 17.64723876], [54443, 53.835542061666665, 17.647238226666666], [54444, 53.835542945, 17.647237361666665], [54445, 53.83554338833333, 17.647236706666668], [54446, 53.83554418000001, 17.647235705], [54447, 53.83554468833333, 17.64723489], [54448, 53.83554532, 17.647233986666667], [54449, 53.83554595833333, 17.647233086666667]]
GPS2: [[54430, 53.83580853, 17.648272806666668], [54431, 53.835809295000004, 17.648272611666666], [54432, 53.83581017666667, 17.648271893333334], [54433, 53.83581107666667, 17.648270996666668], [54434, 53.83581191, 17.64827110166667], [54435, 53.835812508333326, 17.648270436666667], [54436, 53.835813136666665, 17.648269001666666], [54437, 53.83581403666667, 17.648267436666668], [54438, 53.83581512000001, 17.648265916666666], [54439, 53.83581586833334, 17.64826497], [54440, 53.83581658166666, 17.648263548333333], [54441, 53.835817084999995, 17.648261958333332], [54442, 53.83581757666668, 17.64826065], [54443, 53.83581784666667, 17.648259785], [54444, 53.83581836666667, 17.64825911666667], [54445, 53.835819003333334, 17.648257933333333], [54446, 53.835819891666674, 17.64825654666667], [54447, 53.83582054833334, 17.648255573333334], [54448, 53.835821349999996, 17.648254416666667], [54449, 53.835821513333336, 17.648253058333335]]
GPS3: [[54430, 53.83634960999999, 17.647404205], [54431, 53.83635026499999, 17.647403123333333], [54432, 53.83635078333334, 17.647401985], [54433, 53.83635141, 17.647400875000002], [54434, 53.83635219166668, 17.647399726666666], [54435, 53.83635276166667, 17.647398446666667], [54436, 53.836353471666676, 17.64739700333333], [54437, 53.83635455333333, 17.647395513333333], [54438, 53.83635560999999, 17.647394010000003], [54439, 53.836356634999994, 17.647392654999997], [54440, 53.83635779166666, 17.647391513333332], [54441, 53.83635885333333, 17.647390278333333], [54442, 53.83635990333334, 17.647388805], [54443, 53.83636127166666, 17.64738701166667], [54444, 53.83636254166666, 17.647385248333332], [54445, 53.83636378333334, 17.64738370166667], [54446, 53.83636493666666, 17.64738255], [54447, 53.83636614499999, 17.647381738333333], [54448, 53.836367579999994, 17.64738113166667], [54449, 53.83636880666666, 17.64738071]]
ref_lat:  53.835533381666664
ref_lon:  17.647238395
aeqd: +proj=aeqd +lat_0=53.835533381666664 +lon_0=17.647238395 +datum=WGS84 +units=m +no_defs +type=crs
fwd: proj=pipeline step proj=unitconvert xy_in=deg xy_out=rad step proj=aeqd lat_0=53.8355333816667 lon_0=17.647238395 x_0=0 y_0=0 ellps=WGS84
inv: proj=pipeline step inv proj=aeqd lat_0=53.8355333816667 lon_0=17.647238395 x_0=0 y_0=0 ellps=WGS84 step proj=unitconvert xy_in=rad xy_out=deg
pos_est: (53.836012683586965, 17.647543707578794)
est_track: [[54430, 53.83619498293052, 17.64770536547319], [54431, 53.83618657189268, 17.647699194829137], [54432, 53.83618221047084, 17.64769392698927], [54433, 53.83615979750555, 17.647664012971777], [54434, 53.83614440212607, 17.647646161456795], [54435, 53.836134083219285, 17.64764048949913], [54436, 53.836126625739915, 17.647629181765513], [54437, 53.83612135675251, 17.64762597449586], [54438, 53.836122203143354, 17.647614279945326], [54439, 53.83612102384694, 17.647615733843587], [54440, 53.836114342686884, 17.64761990709302], [54441, 53.836115972140526, 17.647605357145], [54442, 53.83609749820274, 17.64759534923719], [54443, 53.836083114523646, 17.647587637662962], [54444, 53.836076370755926, 17.64758713074275], [54445, 53.83605080174834, 17.64754176601132], [54446, 53.83603414341884, 17.64752287429268], [54447, 53.83603199625656, 17.6475151963589], [54448, 53.836022347478725, 17.647503379006782], [54449, 53.836012683586965, 17.647543707578794]]
------------------------------------------------------------------------------------------
[Est_pos child] RUN OK: 20260519_123154_089824
[Est_pos child] Result length: 20
[Est_pos child] Output JSON: C:\Users\Dell\AppData\Local\Temp\zopbsp_estpos_ga2gkiqd\estpos_result.json
==========================================================================================

[Est_pos parent] Run finished: 20260519_123154_089824
[Est_pos parent] Return code: 0
[Est_pos parent] JSON exists: True

[Est_pos parent] RUN OK: 20260519_123154_089824
[Est_pos parent] Result length: 20
----------------------------------------------------------------------------------------------------

----------------------------------------------------------------------------------------------------
[Est_pos parent] Starting run: 20260519_123158_015319
[Est_pos parent] Time: 2026-05-19 12:31:58.017063
[Est_pos parent] Command:
  C:\ProgramData\Anaconda3\envs\Console\python.exe -u -m Est_pos.estimate_pos_runner --out C:\Users\Dell\AppData\Local\Temp\zopbsp_estpos_ubp31ogo\estpos_result.json --session-log logs\estpos_subprocess\estpos_session_20260519_122520.log --run-id 20260519_123158_015319 C:\Pi_loc\pon\RPI1\gps\GPS_RPI1_20260514_074500_Hydro_6673.txt C:\Pi_loc\pon\RPI2\gps\GPS_RPI2_20260514_074500_Hydro_2624.txt C:\Pi_loc\pon\RPI3\gps\GPS_RPI3_20260514_074500_Hydro_6675.txt C:\Pi_loc\pon\RPI1\streaming\RBW6673_20260514_074500.wav C:\Pi_loc\pon\RPI2\streaming\SAW2624_20260514_074500.wav C:\Pi_loc\pon\RPI3\streaming\RBW6675_20260514_074500.wav
[Est_pos parent] Working directory:
  C:\Code\ZOPBSP_Console
----------------------------------------------------------------------------------------------------

==========================================================================================
[Est_pos child] RUN START: 20260519_123158_015319
[Est_pos child] Time: 2026-05-19 12:31:58.142101
[Est_pos child] Input files:
  gps1: C:\Pi_loc\pon\RPI1\gps\GPS_RPI1_20260514_074500_Hydro_6673.txt
  gps2: C:\Pi_loc\pon\RPI2\gps\GPS_RPI2_20260514_074500_Hydro_2624.txt
  gps3: C:\Pi_loc\pon\RPI3\gps\GPS_RPI3_20260514_074500_Hydro_6675.txt
  wav1: C:\Pi_loc\pon\RPI1\streaming\RBW6673_20260514_074500.wav
  wav2: C:\Pi_loc\pon\RPI2\streaming\SAW2624_20260514_074500.wav
  wav3: C:\Pi_loc\pon\RPI3\streaming\RBW6675_20260514_074500.wav
------------------------------------------------------------------------------------------
GPS1: [[54500, 53.83555291999999, 17.647221723333335], [54501, 53.83555353, 17.647220803333333], [54502, 53.83555432166666, 17.647219528333334], [54503, 53.83555512833333, 17.647218679999998], [54504, 53.835555925, 17.647217585], [54505, 53.83555696, 17.647216643333334], [54506, 53.83555791833334, 17.647216075], [54507, 53.835559033333325, 17.647215193333334], [54508, 53.835560215, 17.647214836666667], [54509, 53.83556139666666, 17.647214161666668], [54510, 53.83556251333333, 17.647213668333332], [54511, 53.83556367999999, 17.647213416666666], [54512, 53.83556471833334, 17.647212855000003], [54513, 53.83556585666667, 17.647212455], [54514, 53.83556702999999, 17.647212234999998], [54515, 53.83556800666667, 17.647211906666666], [54516, 53.835569021666664, 17.647211618333333], [54517, 53.83556999833333, 17.64721147], [54518, 53.83557100833333, 17.647211385], [54519, 53.83557196333333, 17.647211261666666]]
GPS2: [[54500, 53.83582743, 17.648253836666665], [54501, 53.835826958333335, 17.6482529], [54502, 53.83582722333334, 17.648252063333334], [54503, 53.83582799166667, 17.648251226666666], [54504, 53.83582914333333, 17.64825029], [54505, 53.83582960833334, 17.64824852166667], [54506, 53.83583083166666, 17.648247375], [54507, 53.83583258333333, 17.648246410000002], [54508, 53.835834505, 17.64824578], [54509, 53.83582845166667, 17.64824178], [54510, 53.83582946833334, 17.64824060333333], [54511, 53.835830206666664, 17.648239163333336], [54512, 53.83583116, 17.648238098333334], [54513, 53.835831706666674, 17.648237003333335], [54514, 53.83583246833334, 17.64823576166667], [54515, 53.83583323999999, 17.648234461666668], [54516, 53.835833846666674, 17.64823351833333], [54517, 53.835834163333324, 17.648232706666665], [54518, 53.835834935, 17.648231273333334], [54519, 53.835835701666674, 17.648230331666664]]
GPS3: [[54500, 53.836383313333336, 17.64737306833333], [54501, 53.836384735, 17.647373106666667], [54502, 53.836386075, 17.647373108333333], [54503, 53.83638708499999, 17.647372949999998], [54504, 53.83638821666667, 17.647372545], [54505, 53.836389288333336, 17.647371628333335], [54506, 53.836390496666674, 17.647370525], [54507, 53.836391758333335, 17.647369315], [54508, 53.83639291833333, 17.6473679], [54509, 53.83639402166667, 17.647366385], [54510, 53.836395059999994, 17.647364896666666], [54511, 53.83639592666667, 17.64736335166667], [54512, 53.836397035, 17.647361756666665], [54513, 53.836398136666666, 17.647360175], [54514, 53.8363992, 17.647358451666666], [54515, 53.83640011166667, 17.647356775], [54516, 53.83640116666667, 17.647354906666667], [54517, 53.836402311666674, 17.647353045], [54518, 53.83640352166667, 17.64735110666667], [54519, 53.83640462, 17.647349118333334]]
ref_lat:  53.83555291999999
ref_lon:  17.647221723333335
aeqd: +proj=aeqd +lat_0=53.83555291999999 +lon_0=17.647221723333335 +datum=WGS84 +units=m +no_defs +type=crs
fwd: proj=pipeline step proj=unitconvert xy_in=deg xy_out=rad step proj=aeqd lat_0=53.83555292 lon_0=17.6472217233333 x_0=0 y_0=0 ellps=WGS84
inv: proj=pipeline step inv proj=aeqd lat_0=53.83555292 lon_0=17.6472217233333 x_0=0 y_0=0 ellps=WGS84 step proj=unitconvert xy_in=rad xy_out=deg
pos_est: (53.835422573255144, 17.64758976834757)
est_track: [[54500, 53.83581314806367, 17.647554698390998], [54501, 53.83579785667432, 17.64754352777736], [54502, 53.83580681916128, 17.647543774561335], [54503, 53.83578188631925, 17.64754428641165], [54504, 53.835747221602766, 17.647526486496105], [54505, 53.835704659050315, 17.647542664697617], [54506, 53.83570212828978, 17.64753553541777], [54507, 53.83568315230747, 17.647533772848814], [54508, 53.83564771546969, 17.647551310971103], [54509, 53.83564729992279, 17.647542906914914], [54510, 53.8356188018632, 17.6475496436476], [54511, 53.83559126801709, 17.647556755429573], [54512, 53.835587537351, 17.647557443762942], [54513, 53.83558527376728, 17.64755006452227], [54514, 53.83555899866078, 17.647536815036208], [54515, 53.83548488181616, 17.647565962695207], [54516, 53.83546451450402, 17.647572263608257], [54517, 53.83543123441811, 17.64757975826513], [54518, 53.83541655441297, 17.647589614881912], [54519, 53.835422573255144, 17.64758976834757]]
------------------------------------------------------------------------------------------
[Est_pos child] RUN OK: 20260519_123158_015319
[Est_pos child] Result length: 20
[Est_pos child] Output JSON: C:\Users\Dell\AppData\Local\Temp\zopbsp_estpos_ubp31ogo\estpos_result.json
==========================================================================================

[Est_pos parent] Run finished: 20260519_123158_015319
[Est_pos parent] Return code: 0
[Est_pos parent] JSON exists: True

[Est_pos parent] RUN OK: 20260519_123158_015319
[Est_pos parent] Result length: 20
----------------------------------------------------------------------------------------------------

----------------------------------------------------------------------------------------------------
[Est_pos parent] Starting run: 20260519_123201_542782
[Est_pos parent] Time: 2026-05-19 12:32:01.544804
[Est_pos parent] Command:
  C:\ProgramData\Anaconda3\envs\Console\python.exe -u -m Est_pos.estimate_pos_runner --out C:\Users\Dell\AppData\Local\Temp\zopbsp_estpos_ot5eoukw\estpos_result.json --session-log logs\estpos_subprocess\estpos_session_20260519_122520.log --run-id 20260519_123201_542782 C:\Pi_loc\pon\RPI1\gps\GPS_RPI1_20260514_074530_Hydro_6673.txt C:\Pi_loc\pon\RPI2\gps\GPS_RPI2_20260514_074530_Hydro_2624.txt C:\Pi_loc\pon\RPI3\gps\GPS_RPI3_20260514_074530_Hydro_6675.txt C:\Pi_loc\pon\RPI1\streaming\RBW6673_20260514_074530.wav C:\Pi_loc\pon\RPI2\streaming\SAW2624_20260514_074530.wav C:\Pi_loc\pon\RPI3\streaming\RBW6675_20260514_074530.wav
[Est_pos parent] Working directory:
  C:\Code\ZOPBSP_Console
----------------------------------------------------------------------------------------------------

==========================================================================================
[Est_pos child] RUN START: 20260519_123201_542782
[Est_pos child] Time: 2026-05-19 12:32:01.687075
[Est_pos child] Input files:
  gps1: C:\Pi_loc\pon\RPI1\gps\GPS_RPI1_20260514_074530_Hydro_6673.txt
  gps2: C:\Pi_loc\pon\RPI2\gps\GPS_RPI2_20260514_074530_Hydro_2624.txt
  gps3: C:\Pi_loc\pon\RPI3\gps\GPS_RPI3_20260514_074530_Hydro_6675.txt
  wav1: C:\Pi_loc\pon\RPI1\streaming\RBW6673_20260514_074530.wav
  wav2: C:\Pi_loc\pon\RPI2\streaming\SAW2624_20260514_074530.wav
  wav3: C:\Pi_loc\pon\RPI3\streaming\RBW6675_20260514_074530.wav
------------------------------------------------------------------------------------------
GPS1: [[54530, 53.83558308833334, 17.647213413333336], [54531, 53.835584258333334, 17.647214175], [54532, 53.835585290000004, 17.647215141666667], [54533, 53.83558604333333, 17.64721626], [54534, 53.835587010000005, 17.647217086666668], [54535, 53.83558785833334, 17.647218045], [54536, 53.83558821666667, 17.64721890166667], [54537, 53.83558898, 17.647219375000002], [54538, 53.83558976833333, 17.647220003333334], [54539, 53.83559065333334, 17.647220456666666], [54540, 53.835591449999995, 17.647220928333336], [54541, 53.835592283333334, 17.64722127], [54542, 53.835593100000004, 17.647221758333334], [54543, 53.83559384333333, 17.647222183333334], [54544, 53.83559469499999, 17.647222665], [54545, 53.83559553833334, 17.647223036666666], [54546, 53.835596305, 17.647223508333333], [54547, 53.83559694666666, 17.647223951666668], [54548, 53.835597678333336, 17.647224456666667], [54549, 53.83559842, 17.647224875]]
GPS2: [[54530, 53.83584231333332, 17.648219813333334], [54531, 53.83584274666667, 17.648218866666664], [54532, 53.83584336666666, 17.648218036666666], [54533, 53.835844124999994, 17.648216918333333], [54534, 53.83584458, 17.648216026666667], [54535, 53.835845166666665, 17.64821491], [54536, 53.83584582499999, 17.648214085], [54537, 53.83584644333334, 17.648212876666665], [54538, 53.835847214999994, 17.648211991666667], [54539, 53.835847726666664, 17.648210973333335], [54540, 53.83584854000001, 17.648209998333336], [54541, 53.83584924499999, 17.648208995], [54542, 53.83584984666666, 17.648208174999997], [54543, 53.835850645, 17.648207080000002], [54544, 53.83585139333333, 17.648206756666664], [54545, 53.83585209333334, 17.648206168333335], [54546, 53.835852718333335, 17.648205381666667], [54547, 53.83585365333333, 17.648204981666666], [54548, 53.835854195, 17.648204266666667], [54549, 53.835854995, 17.648203813333335]]
GPS3: [[54530, 53.836418298333335, 17.64733183], [54531, 53.836419363333334, 17.647330278333335], [54532, 53.836420238333325, 17.647328804999997], [54533, 53.83642113833333, 17.64732744666667], [54534, 53.836422068333334, 17.647326088333333], [54535, 53.83642304500001, 17.647324788333332], [54536, 53.83642389500001, 17.647323393333334], [54537, 53.836424881666666, 17.64732201], [54538, 53.83642587999999, 17.64732047], [54539, 53.83642688, 17.647319006666667], [54540, 53.83642783333333, 17.647317626666666], [54541, 53.83642878166667, 17.64731622], [54542, 53.83642975333334, 17.6473148], [54543, 53.83643072333333, 17.647313458333333], [54544, 53.836431623333326, 17.647312001666666], [54545, 53.83643266000001, 17.647310751666666], [54546, 53.836433633333336, 17.647309613333334], [54547, 53.836434346666664, 17.647308671666668], [54548, 53.83643526666666, 17.647307803333334], [54549, 53.83643611666666, 17.647306935]]
ref_lat:  53.83558308833334
ref_lon:  17.647213413333336
aeqd: +proj=aeqd +lat_0=53.83558308833334 +lon_0=17.647213413333336 +datum=WGS84 +units=m +no_defs +type=crs
fwd: proj=pipeline step proj=unitconvert xy_in=deg xy_out=rad step proj=aeqd lat_0=53.8355830883333 lon_0=17.6472134133333 x_0=0 y_0=0 ellps=WGS84
inv: proj=pipeline step inv proj=aeqd lat_0=53.8355830883333 lon_0=17.6472134133333 x_0=0 y_0=0 ellps=WGS84 step proj=unitconvert xy_in=rad xy_out=deg
pos_est: (53.83557120350556, 17.647932428985246)
est_track: [[54530, 53.83545495981924, 17.64769219586805], [54531, 53.8354666104379, 17.64769162010083], [54532, 53.835480662536355, 17.64769242390169], [54533, 53.835488918895024, 17.64772749127775], [54534, 53.835510990004735, 17.647750924663878], [54535, 53.835487700441234, 17.647789658555723], [54536, 53.835536266340796, 17.647787558098486], [54537, 53.83549098027241, 17.64782939313338], [54538, 53.83554926553397, 17.64779991714577], [54539, 53.83557166534745, 17.647811044733483], [54540, 53.83556447194119, 17.6478317505006], [54541, 53.83556876875539, 17.647844094145846], [54542, 53.83557020448694, 17.64784905510915], [54543, 53.835579993472535, 17.647856115157385], [54544, 53.83559554706011, 17.647877867966567], [54545, 53.83560826876021, 17.64790452970797], [54546, 53.835608397833774, 17.647918055181083], [54547, 53.835605048293324, 17.64791901887385], [54548, 53.83558941285054, 17.647930751725454], [54549, 53.83557120350556, 17.647932428985246]]
------------------------------------------------------------------------------------------
[Est_pos child] RUN OK: 20260519_123201_542782
[Est_pos child] Result length: 20
[Est_pos child] Output JSON: C:\Users\Dell\AppData\Local\Temp\zopbsp_estpos_ot5eoukw\estpos_result.json
==========================================================================================

[Est_pos parent] Run finished: 20260519_123201_542782
[Est_pos parent] Return code: 0
[Est_pos parent] JSON exists: True

[Est_pos parent] RUN OK: 20260519_123201_542782
[Est_pos parent] Result length: 20
----------------------------------------------------------------------------------------------------

----------------------------------------------------------------------------------------------------
[Est_pos parent] Starting run: 20260519_123205_132805
[Est_pos parent] Time: 2026-05-19 12:32:05.134812
[Est_pos parent] Command:
  C:\ProgramData\Anaconda3\envs\Console\python.exe -u -m Est_pos.estimate_pos_runner --out C:\Users\Dell\AppData\Local\Temp\zopbsp_estpos_0__sud5c\estpos_result.json --session-log logs\estpos_subprocess\estpos_session_20260519_122520.log --run-id 20260519_123205_132805 C:\Pi_loc\pon\RPI1\gps\GPS_RPI1_20260514_074600_Hydro_6673.txt C:\Pi_loc\pon\RPI2\gps\GPS_RPI2_20260514_074600_Hydro_2624.txt C:\Pi_loc\pon\RPI3\gps\GPS_RPI3_20260514_074600_Hydro_6675.txt C:\Pi_loc\pon\RPI1\streaming\RBW6673_20260514_074600.wav C:\Pi_loc\pon\RPI2\streaming\SAW2624_20260514_074600.wav C:\Pi_loc\pon\RPI3\streaming\RBW6675_20260514_074600.wav
[Est_pos parent] Working directory:
  C:\Code\ZOPBSP_Console
----------------------------------------------------------------------------------------------------

==========================================================================================
[Est_pos child] RUN START: 20260519_123205_132805
[Est_pos child] Time: 2026-05-19 12:32:05.257112
[Est_pos child] Input files:
  gps1: C:\Pi_loc\pon\RPI1\gps\GPS_RPI1_20260514_074600_Hydro_6673.txt
  gps2: C:\Pi_loc\pon\RPI2\gps\GPS_RPI2_20260514_074600_Hydro_2624.txt
  gps3: C:\Pi_loc\pon\RPI3\gps\GPS_RPI3_20260514_074600_Hydro_6675.txt
  wav1: C:\Pi_loc\pon\RPI1\streaming\RBW6673_20260514_074600.wav
  wav2: C:\Pi_loc\pon\RPI2\streaming\SAW2624_20260514_074600.wav
  wav3: C:\Pi_loc\pon\RPI3\streaming\RBW6675_20260514_074600.wav
------------------------------------------------------------------------------------------
GPS1: [[54600, 53.835604453333325, 17.647229603333336], [54601, 53.83560501, 17.647229680000002], [54602, 53.83560576166666, 17.647229665], [54603, 53.835606373333334, 17.64722963166667], [54604, 53.83560713166666, 17.647229563333333], [54605, 53.83560792666667, 17.647229428333333], [54606, 53.835608646666664, 17.647229266666667], [54607, 53.83560932499999, 17.647229235], [54608, 53.83561012333333, 17.647229251666666], [54609, 53.835610753333334, 17.647229030000002], [54610, 53.83561165833333, 17.64722899], [54611, 53.83561227333333, 17.64722896833333], [54612, 53.835613013333344, 17.647228783333333], [54613, 53.83561394, 17.64722853833333], [54614, 53.835614561666674, 17.647228348333332], [54615, 53.835615431666675, 17.647228086666665], [54616, 53.83561636833333, 17.647227681666667], [54617, 53.835617155, 17.6472273], [54618, 53.83561805166667, 17.647226801666665], [54619, 53.83561895, 17.647226053333334]]
GPS2: [[54600, 53.835861998333336, 17.648198190000002], [54601, 53.835862719999994, 17.6481977], [54602, 53.83586336166666, 17.648197301666666], [54603, 53.83586369166666, 17.648196503333335], [54604, 53.83586486666666, 17.648196003333332], [54605, 53.835864906666664, 17.648195081666664], [54606, 53.835865863333325, 17.648194876666665], [54607, 53.835866831666664, 17.648194096666668], [54608, 53.835867005, 17.648193171666666], [54609, 53.83586810333333, 17.648192953333332], [54610, 53.835868668333326, 17.648192008333336], [54611, 53.83586949166667, 17.648191258333334], [54612, 53.835869965, 17.648190791666664], [54613, 53.83587018833334, 17.648190283333335], [54614, 53.83587124166667, 17.648189603333332], [54615, 53.8358719, 17.648188891666667], [54616, 53.835872836666674, 17.64818817333333], [54617, 53.83587375833334, 17.648187328333332], [54618, 53.835874716666666, 17.648186306666666], [54619, 53.835875325, 17.648185658333333]]
GPS3: [[54600, 53.836444435000004, 17.647293318333332], [54601, 53.83644537833334, 17.647292038333333], [54602, 53.83644624833334, 17.64729083], [54603, 53.83644708833334, 17.647289413333333], [54604, 53.836448024999996, 17.647288319999998], [54605, 53.83644898666667, 17.647287415], [54606, 53.836449881666674, 17.647286476666668], [54607, 53.83645076833333, 17.647285551666666], [54608, 53.83645159666666, 17.647284488333334], [54609, 53.836452486666666, 17.647283431666665], [54610, 53.83645335833333, 17.647282285], [54611, 53.83645422333334, 17.64728104], [54612, 53.836455035, 17.647279788333332], [54613, 53.83645608666667, 17.647278431666667], [54614, 53.836457001666666, 17.647277088333333], [54615, 53.836457876666664, 17.647275781666668], [54616, 53.83645872666666, 17.647274521666667], [54617, 53.83645959833334, 17.647273371666664], [54618, 53.83646043, 17.647272235], [54619, 53.836461201666665, 17.647271305]]
ref_lat:  53.835604453333325
ref_lon:  17.647229603333336
aeqd: +proj=aeqd +lat_0=53.835604453333325 +lon_0=17.647229603333336 +datum=WGS84 +units=m +no_defs +type=crs
fwd: proj=pipeline step proj=unitconvert xy_in=deg xy_out=rad step proj=aeqd lat_0=53.8356044533333 lon_0=17.6472296033333 x_0=0 y_0=0 ellps=WGS84
inv: proj=pipeline step inv proj=aeqd lat_0=53.8356044533333 lon_0=17.6472296033333 x_0=0 y_0=0 ellps=WGS84 step proj=unitconvert xy_in=rad xy_out=deg
pos_est: (53.836016254461825, 17.647697397769825)
est_track: [[54600, 53.83584794054947, 17.647904080937856], [54601, 53.83589469955011, 17.647894619780267], [54602, 53.835903662762554, 17.647884716473005], [54603, 53.83590972553838, 17.647870150030492], [54604, 53.83592223919303, 17.647864577906155], [54605, 53.83594156150129, 17.647844141733156], [54606, 53.83598334423337, 17.647805667248015], [54607, 53.835986287659225, 17.647808075937768], [54608, 53.83598525872413, 17.647795143627505], [54609, 53.83598155331703, 17.64779595226771], [54610, 53.83596027870048, 17.647761418483764], [54611, 53.83595374475783, 17.647764221079356], [54612, 53.835958895427034, 17.64775674724837], [54613, 53.83596365057373, 17.647753159788802], [54614, 53.835980288656245, 17.647755485290432], [54615, 53.83599381166359, 17.647739235076912], [54616, 53.83598392010129, 17.647735151309003], [54617, 53.83600110308213, 17.64772402342649], [54618, 53.83599413149951, 17.64772734178527], [54619, 53.836016254461825, 17.647697397769825]]
------------------------------------------------------------------------------------------
[Est_pos child] RUN OK: 20260519_123205_132805
[Est_pos child] Result length: 20
[Est_pos child] Output JSON: C:\Users\Dell\AppData\Local\Temp\zopbsp_estpos_0__sud5c\estpos_result.json
==========================================================================================

[Est_pos parent] Run finished: 20260519_123205_132805
[Est_pos parent] Return code: 0
[Est_pos parent] JSON exists: True

[Est_pos parent] RUN OK: 20260519_123205_132805
[Est_pos parent] Result length: 20
----------------------------------------------------------------------------------------------------

----------------------------------------------------------------------------------------------------
[Est_pos parent] Starting run: 20260519_123208_589399
[Est_pos parent] Time: 2026-05-19 12:32:08.591407
[Est_pos parent] Command:
  C:\ProgramData\Anaconda3\envs\Console\python.exe -u -m Est_pos.estimate_pos_runner --out C:\Users\Dell\AppData\Local\Temp\zopbsp_estpos_xftsvxxd\estpos_result.json --session-log logs\estpos_subprocess\estpos_session_20260519_122520.log --run-id 20260519_123208_589399 C:\Pi_loc\pon\RPI1\gps\GPS_RPI1_20260514_074630_Hydro_6673.txt C:\Pi_loc\pon\RPI2\gps\GPS_RPI2_20260514_074630_Hydro_2624.txt C:\Pi_loc\pon\RPI3\gps\GPS_RPI3_20260514_074630_Hydro_6675.txt C:\Pi_loc\pon\RPI1\streaming\RBW6673_20260514_074630.wav C:\Pi_loc\pon\RPI2\streaming\SAW2624_20260514_074630.wav C:\Pi_loc\pon\RPI3\streaming\RBW6675_20260514_074630.wav
[Est_pos parent] Working directory:
  C:\Code\ZOPBSP_Console
----------------------------------------------------------------------------------------------------

==========================================================================================
[Est_pos child] RUN START: 20260519_123208_589399
[Est_pos child] Time: 2026-05-19 12:32:08.710170
[Est_pos child] Input files:
  gps1: C:\Pi_loc\pon\RPI1\gps\GPS_RPI1_20260514_074630_Hydro_6673.txt
  gps2: C:\Pi_loc\pon\RPI2\gps\GPS_RPI2_20260514_074630_Hydro_2624.txt
  gps3: C:\Pi_loc\pon\RPI3\gps\GPS_RPI3_20260514_074630_Hydro_6675.txt
  wav1: C:\Pi_loc\pon\RPI1\streaming\RBW6673_20260514_074630.wav
  wav2: C:\Pi_loc\pon\RPI2\streaming\SAW2624_20260514_074630.wav
  wav3: C:\Pi_loc\pon\RPI3\streaming\RBW6675_20260514_074630.wav
------------------------------------------------------------------------------------------
GPS1: [[54630, 53.83562772166667, 17.647214781666666], [54631, 53.835628355000004, 17.647213435], [54632, 53.83562873666666, 17.647212528333334], [54633, 53.83562928, 17.64721127], [54634, 53.83562984, 17.647210719999997], [54635, 53.83563038166667, 17.64721001666667], [54636, 53.83563105666667, 17.647209155], [54637, 53.83563175999999, 17.647208438333333], [54638, 53.835632526666664, 17.647207581666667], [54639, 53.835633294999994, 17.64720703833333], [54640, 53.83563413666668, 17.647206255], [54641, 53.83563497833334, 17.647205573333334], [54642, 53.83563587166667, 17.647204903333332], [54643, 53.835636754999996, 17.64720432], [54644, 53.83563762833334, 17.647203403333332], [54645, 53.83563862333334, 17.64720277], [54646, 53.83563971833334, 17.64720193], [54647, 53.835640743333336, 17.647201235], [54648, 53.835641856666676, 17.647200544999997], [54649, 53.835643018333336, 17.647199896666667]]
GPS2: [[54630, 53.83588448333333, 17.648178068333333], [54631, 53.835885995000005, 17.64817770166667], [54632, 53.83588668666666, 17.64817701666667], [54633, 53.83588758833333, 17.648176779999996], [54634, 53.835888483333335, 17.648176903333333], [54635, 53.835889355, 17.648177071666666], [54636, 53.83589003, 17.648177315], [54637, 53.835890553333336, 17.648177766666667], [54638, 53.83589103166667, 17.648177843333333], [54639, 53.83589166833334, 17.64817813333333], [54640, 53.83589207166666, 17.648178211666668], [54641, 53.83589266833333, 17.648178251666664], [54642, 53.83589285, 17.648177938333333], [54643, 53.835893023333334, 17.648177466666667], [54644, 53.835893465, 17.648177091666664], [54645, 53.83589417666667, 17.648176778333333], [54646, 53.835894538333335, 17.64817611333333], [54647, 53.835895181666665, 17.64817557], [54648, 53.83589599166667, 17.648174938333334], [54649, 53.835896643333335, 17.648174241666666]]
GPS3: [[54630, 53.836469991666675, 17.64726315833333], [54631, 53.83647085333334, 17.647262355000002], [54632, 53.83647168000001, 17.647261603333334], [54633, 53.83647259833333, 17.647260941666666], [54634, 53.83647345166667, 17.647260083333332], [54635, 53.83647421166667, 17.647259353333332], [54636, 53.83647508833333, 17.647258705000002], [54637, 53.83647588, 17.64725792666667], [54638, 53.836476784999995, 17.647257095], [54639, 53.83647751, 17.647256298333332], [54640, 53.836478225, 17.64725554], [54641, 53.83647901333334, 17.64725500666667], [54642, 53.836479876666665, 17.64725426], [54643, 53.83648070166667, 17.6472537], [54644, 53.836481473333336, 17.647253153333335], [54645, 53.83648217333333, 17.647252596666664], [54646, 53.83648304, 17.647252305], [54647, 53.836483705, 17.647251654999998], [54648, 53.83648447666666, 17.647251228333335], [54649, 53.836485231666664, 17.647250508333332]]
ref_lat:  53.83562772166667
ref_lon:  17.647214781666666
aeqd: +proj=aeqd +lat_0=53.83562772166667 +lon_0=17.647214781666666 +datum=WGS84 +units=m +no_defs +type=crs
fwd: proj=pipeline step proj=unitconvert xy_in=deg xy_out=rad step proj=aeqd lat_0=53.8356277216667 lon_0=17.6472147816667 x_0=0 y_0=0 ellps=WGS84
inv: proj=pipeline step inv proj=aeqd lat_0=53.8356277216667 lon_0=17.6472147816667 x_0=0 y_0=0 ellps=WGS84 step proj=unitconvert xy_in=rad xy_out=deg
pos_est: (53.83645187079706, 17.647527510880565)
est_track: [[54630, 53.83627965998572, 17.647616471007733], [54631, 53.83626923380451, 17.64760478919853], [54632, 53.83625712777637, 17.647571429835217], [54633, 53.836254327877334, 17.64753382693238], [54634, 53.836266011270425, 17.6475235108338], [54635, 53.83626872821594, 17.647513990221835], [54636, 53.836271289125214, 17.64750775149016], [54637, 53.836294796828604, 17.647534391149577], [54638, 53.836325762369626, 17.647544236352324], [54639, 53.83635134272851, 17.6475459814604], [54640, 53.836361902747775, 17.647553911761193], [54641, 53.83637903426832, 17.64755377864812], [54642, 53.83638813023972, 17.647524998745162], [54643, 53.836377056986734, 17.647511350498522], [54644, 53.83637365921852, 17.64751956101521], [54645, 53.8363808385282, 17.647506173545807], [54646, 53.8363876901992, 17.647495983858803], [54647, 53.83641197888742, 17.647508648906797], [54648, 53.83644468169619, 17.647526662727465], [54649, 53.83645187079706, 17.647527510880565]]
------------------------------------------------------------------------------------------
[Est_pos child] RUN OK: 20260519_123208_589399
[Est_pos child] Result length: 20
[Est_pos child] Output JSON: C:\Users\Dell\AppData\Local\Temp\zopbsp_estpos_xftsvxxd\estpos_result.json
==========================================================================================

[Est_pos parent] Run finished: 20260519_123208_589399
[Est_pos parent] Return code: 0
[Est_pos parent] JSON exists: True

[Est_pos parent] RUN OK: 20260519_123208_589399
[Est_pos parent] Result length: 20
----------------------------------------------------------------------------------------------------
