2026-05-10 15:09:40 | INFO | utils.math_worker | [CalculationWorker] Thread started (id=11292)
2026-05-10 15:09:40 | INFO | controller.controllers | [CalculationController] Calculation started.
2026-05-10 15:09:52 | INFO | controller.controllers | [LocalFolderReader][RPI1] emitting 20 files
2026-05-10 15:09:52 | INFO | model.models | [ReceiverModel][RPI1] Position updated from GPS file C:\Pi_loc\LA\RPI1\gps\GPS_RPI1_20251015_125600_Hydro_6673.txt: lon=17.64661092, lat=53.83543181
2026-05-10 15:09:52 | INFO | model.models | [ReceiverModel][RPI1] Position updated from GPS file C:\Pi_loc\LA\RPI1\gps\GPS_RPI1_20251015_125630_Hydro_6673.txt: lon=17.64660981, lat=53.83543111
2026-05-10 15:09:52 | INFO | model.models | [ReceiverModel][RPI1] Position updated from GPS file C:\Pi_loc\LA\RPI1\gps\GPS_RPI1_20251015_125700_Hydro_6673.txt: lon=17.64660792, lat=53.83542941
2026-05-10 15:09:52 | INFO | model.models | [ReceiverModel][RPI1] Position updated from GPS file C:\Pi_loc\LA\RPI1\gps\GPS_RPI1_20251015_125730_Hydro_6673.txt: lon=17.64660146, lat=53.83542462
2026-05-10 15:09:52 | INFO | model.models | [ReceiverModel][RPI1] Position updated from GPS file C:\Pi_loc\LA\RPI1\gps\GPS_RPI1_20251015_125800_Hydro_6673.txt: lon=17.64660020, lat=53.83542179
2026-05-10 15:09:52 | INFO | model.models | [ReceiverModel][RPI1] Position updated from GPS file C:\Pi_loc\LA\RPI1\gps\GPS_RPI1_20251015_125830_Hydro_6673.txt: lon=17.64659532, lat=53.83542196
2026-05-10 15:09:52 | INFO | model.models | [ReceiverModel][RPI1] Position updated from GPS file C:\Pi_loc\LA\RPI1\gps\GPS_RPI1_20251015_125900_Hydro_6673.txt: lon=17.64660826, lat=53.83542789
2026-05-10 15:09:52 | INFO | model.models | [ReceiverModel][RPI1] Position updated from GPS file C:\Pi_loc\LA\RPI1\gps\GPS_RPI1_20251015_125930_Hydro_6673.txt: lon=17.64661526, lat=53.83543357
2026-05-10 15:09:52 | INFO | model.models | [ReceiverModel][RPI1] Position updated from GPS file C:\Pi_loc\LA\RPI1\gps\GPS_RPI1_20251015_130000_Hydro_6673.txt: lon=17.64662061, lat=53.83543888
2026-05-10 15:09:52 | INFO | model.models | [ReceiverModel][RPI1] Position updated from GPS file C:\Pi_loc\LA\RPI1\gps\GPS_RPI1_20251015_130030_Hydro_6673.txt: lon=17.64661533, lat=53.83543360
2026-05-10 15:09:52 | DEBUG | model.models | [CalculationModel] Stored 20251015_125600 for RPI1/gps: C:\Pi_loc\LA\RPI1\gps\GPS_RPI1_20251015_125600_Hydro_6673.txt
2026-05-10 15:09:52 | DEBUG | model.models | [CalculationModel] Stored 20251015_125630 for RPI1/gps: C:\Pi_loc\LA\RPI1\gps\GPS_RPI1_20251015_125630_Hydro_6673.txt
2026-05-10 15:09:52 | DEBUG | model.models | [CalculationModel] Stored 20251015_125700 for RPI1/gps: C:\Pi_loc\LA\RPI1\gps\GPS_RPI1_20251015_125700_Hydro_6673.txt
2026-05-10 15:09:52 | DEBUG | model.models | [CalculationModel] Stored 20251015_125730 for RPI1/gps: C:\Pi_loc\LA\RPI1\gps\GPS_RPI1_20251015_125730_Hydro_6673.txt
2026-05-10 15:09:52 | DEBUG | model.models | [CalculationModel] Stored 20251015_125800 for RPI1/gps: C:\Pi_loc\LA\RPI1\gps\GPS_RPI1_20251015_125800_Hydro_6673.txt
2026-05-10 15:09:52 | DEBUG | model.models | [CalculationModel] Stored 20251015_125830 for RPI1/gps: C:\Pi_loc\LA\RPI1\gps\GPS_RPI1_20251015_125830_Hydro_6673.txt
2026-05-10 15:09:52 | DEBUG | model.models | [CalculationModel] Stored 20251015_125900 for RPI1/gps: C:\Pi_loc\LA\RPI1\gps\GPS_RPI1_20251015_125900_Hydro_6673.txt
2026-05-10 15:09:52 | DEBUG | model.models | [CalculationModel] Stored 20251015_125930 for RPI1/gps: C:\Pi_loc\LA\RPI1\gps\GPS_RPI1_20251015_125930_Hydro_6673.txt
2026-05-10 15:09:52 | DEBUG | model.models | [CalculationModel] Stored 20251015_130000 for RPI1/gps: C:\Pi_loc\LA\RPI1\gps\GPS_RPI1_20251015_130000_Hydro_6673.txt
2026-05-10 15:09:52 | DEBUG | model.models | [CalculationModel] Stored 20251015_130030 for RPI1/gps: C:\Pi_loc\LA\RPI1\gps\GPS_RPI1_20251015_130030_Hydro_6673.txt
2026-05-10 15:09:52 | DEBUG | model.models | [CalculationModel] Stored 20251015_125600 for RPI1/wav: C:\Pi_loc\LA\RPI1\streaming\RBW6673_20251015_125600.wav
2026-05-10 15:09:52 | DEBUG | model.models | [CalculationModel] Stored 20251015_125630 for RPI1/wav: C:\Pi_loc\LA\RPI1\streaming\RBW6673_20251015_125630.wav
2026-05-10 15:09:52 | DEBUG | model.models | [CalculationModel] Stored 20251015_125700 for RPI1/wav: C:\Pi_loc\LA\RPI1\streaming\RBW6673_20251015_125700.wav
2026-05-10 15:09:52 | DEBUG | model.models | [CalculationModel] Stored 20251015_125730 for RPI1/wav: C:\Pi_loc\LA\RPI1\streaming\RBW6673_20251015_125730.wav
2026-05-10 15:09:52 | DEBUG | model.models | [CalculationModel] Stored 20251015_125800 for RPI1/wav: C:\Pi_loc\LA\RPI1\streaming\RBW6673_20251015_125800.wav
2026-05-10 15:09:52 | DEBUG | model.models | [CalculationModel] Stored 20251015_125830 for RPI1/wav: C:\Pi_loc\LA\RPI1\streaming\RBW6673_20251015_125830.wav
2026-05-10 15:09:52 | DEBUG | model.models | [CalculationModel] Stored 20251015_125900 for RPI1/wav: C:\Pi_loc\LA\RPI1\streaming\RBW6673_20251015_125900.wav
2026-05-10 15:09:52 | DEBUG | model.models | [CalculationModel] Stored 20251015_125930 for RPI1/wav: C:\Pi_loc\LA\RPI1\streaming\RBW6673_20251015_125930.wav
2026-05-10 15:09:52 | DEBUG | model.models | [CalculationModel] Stored 20251015_130000 for RPI1/wav: C:\Pi_loc\LA\RPI1\streaming\RBW6673_20251015_130000.wav
2026-05-10 15:09:52 | DEBUG | model.models | [CalculationModel] Stored 20251015_130030 for RPI1/wav: C:\Pi_loc\LA\RPI1\streaming\RBW6673_20251015_130030.wav
2026-05-10 15:09:52 | INFO | controller.controllers | [LocalFolderReader][RPI1] done
2026-05-10 15:09:58 | INFO | controller.controllers | [LocalFolderReader][RPI2] emitting 20 files
2026-05-10 15:09:58 | INFO | model.models | [ReceiverModel][RPI2] Position updated from GPS file C:\Pi_loc\LA\RPI2\gps\GPS_RPI2_20251015_125600_Hydro_6676.txt: lon=17.64617442, lat=53.83506858
2026-05-10 15:09:58 | INFO | model.models | [ReceiverModel][RPI2] Position updated from GPS file C:\Pi_loc\LA\RPI2\gps\GPS_RPI2_20251015_125630_Hydro_6676.txt: lon=17.64617675, lat=53.83507403
2026-05-10 15:09:58 | INFO | model.models | [ReceiverModel][RPI2] Position updated from GPS file C:\Pi_loc\LA\RPI2\gps\GPS_RPI2_20251015_125700_Hydro_6676.txt: lon=17.64617669, lat=53.83507561
2026-05-10 15:09:58 | INFO | model.models | [ReceiverModel][RPI2] Position updated from GPS file C:\Pi_loc\LA\RPI2\gps\GPS_RPI2_20251015_125730_Hydro_6676.txt: lon=17.64617581, lat=53.83507138
2026-05-10 15:09:58 | INFO | model.models | [ReceiverModel][RPI2] Position updated from GPS file C:\Pi_loc\LA\RPI2\gps\GPS_RPI2_20251015_125800_Hydro_6676.txt: lon=17.64617498, lat=53.83507085
2026-05-10 15:09:58 | INFO | model.models | [ReceiverModel][RPI2] Position updated from GPS file C:\Pi_loc\LA\RPI2\gps\GPS_RPI2_20251015_125830_Hydro_6676.txt: lon=17.64617518, lat=53.83507041
2026-05-10 15:09:58 | INFO | model.models | [ReceiverModel][RPI2] Position updated from GPS file C:\Pi_loc\LA\RPI2\gps\GPS_RPI2_20251015_125900_Hydro_6676.txt: lon=17.64617451, lat=53.83506848
2026-05-10 15:09:58 | INFO | model.models | [ReceiverModel][RPI2] Position updated from GPS file C:\Pi_loc\LA\RPI2\gps\GPS_RPI2_20251015_125930_Hydro_6676.txt: lon=17.64617358, lat=53.83506661
2026-05-10 15:09:58 | INFO | model.models | [ReceiverModel][RPI2] Position updated from GPS file C:\Pi_loc\LA\RPI2\gps\GPS_RPI2_20251015_130000_Hydro_6676.txt: lon=17.64617438, lat=53.83506810
2026-05-10 15:09:58 | INFO | model.models | [ReceiverModel][RPI2] Position updated from GPS file C:\Pi_loc\LA\RPI2\gps\GPS_RPI2_20251015_130030_Hydro_6676.txt: lon=17.64617384, lat=53.83506691
2026-05-10 15:09:58 | DEBUG | model.models | [CalculationModel] Stored 20251015_125600 for RPI2/gps: C:\Pi_loc\LA\RPI2\gps\GPS_RPI2_20251015_125600_Hydro_6676.txt
2026-05-10 15:09:58 | DEBUG | model.models | [CalculationModel] Stored 20251015_125630 for RPI2/gps: C:\Pi_loc\LA\RPI2\gps\GPS_RPI2_20251015_125630_Hydro_6676.txt
2026-05-10 15:09:58 | DEBUG | model.models | [CalculationModel] Stored 20251015_125700 for RPI2/gps: C:\Pi_loc\LA\RPI2\gps\GPS_RPI2_20251015_125700_Hydro_6676.txt
2026-05-10 15:09:58 | DEBUG | model.models | [CalculationModel] Stored 20251015_125730 for RPI2/gps: C:\Pi_loc\LA\RPI2\gps\GPS_RPI2_20251015_125730_Hydro_6676.txt
2026-05-10 15:09:58 | DEBUG | model.models | [CalculationModel] Stored 20251015_125800 for RPI2/gps: C:\Pi_loc\LA\RPI2\gps\GPS_RPI2_20251015_125800_Hydro_6676.txt
2026-05-10 15:09:58 | DEBUG | model.models | [CalculationModel] Stored 20251015_125830 for RPI2/gps: C:\Pi_loc\LA\RPI2\gps\GPS_RPI2_20251015_125830_Hydro_6676.txt
2026-05-10 15:09:58 | DEBUG | model.models | [CalculationModel] Stored 20251015_125900 for RPI2/gps: C:\Pi_loc\LA\RPI2\gps\GPS_RPI2_20251015_125900_Hydro_6676.txt
2026-05-10 15:09:58 | DEBUG | model.models | [CalculationModel] Stored 20251015_125930 for RPI2/gps: C:\Pi_loc\LA\RPI2\gps\GPS_RPI2_20251015_125930_Hydro_6676.txt
2026-05-10 15:09:58 | DEBUG | model.models | [CalculationModel] Stored 20251015_130000 for RPI2/gps: C:\Pi_loc\LA\RPI2\gps\GPS_RPI2_20251015_130000_Hydro_6676.txt
2026-05-10 15:09:58 | DEBUG | model.models | [CalculationModel] Stored 20251015_130030 for RPI2/gps: C:\Pi_loc\LA\RPI2\gps\GPS_RPI2_20251015_130030_Hydro_6676.txt
2026-05-10 15:09:58 | DEBUG | model.models | [CalculationModel] Stored 20251015_125600 for RPI2/wav: C:\Pi_loc\LA\RPI2\streaming\RBW6676_20251015_125600.wav
2026-05-10 15:09:58 | DEBUG | model.models | [CalculationModel] Stored 20251015_125630 for RPI2/wav: C:\Pi_loc\LA\RPI2\streaming\RBW6676_20251015_125630.wav
2026-05-10 15:09:58 | DEBUG | model.models | [CalculationModel] Stored 20251015_125700 for RPI2/wav: C:\Pi_loc\LA\RPI2\streaming\RBW6676_20251015_125700.wav
2026-05-10 15:09:58 | DEBUG | model.models | [CalculationModel] Stored 20251015_125730 for RPI2/wav: C:\Pi_loc\LA\RPI2\streaming\RBW6676_20251015_125730.wav
2026-05-10 15:09:58 | DEBUG | model.models | [CalculationModel] Stored 20251015_125800 for RPI2/wav: C:\Pi_loc\LA\RPI2\streaming\RBW6676_20251015_125800.wav
2026-05-10 15:09:58 | DEBUG | model.models | [CalculationModel] Stored 20251015_125830 for RPI2/wav: C:\Pi_loc\LA\RPI2\streaming\RBW6676_20251015_125830.wav
2026-05-10 15:09:58 | DEBUG | model.models | [CalculationModel] Stored 20251015_125900 for RPI2/wav: C:\Pi_loc\LA\RPI2\streaming\RBW6676_20251015_125900.wav
2026-05-10 15:09:58 | DEBUG | model.models | [CalculationModel] Stored 20251015_125930 for RPI2/wav: C:\Pi_loc\LA\RPI2\streaming\RBW6676_20251015_125930.wav
2026-05-10 15:09:58 | DEBUG | model.models | [CalculationModel] Stored 20251015_130000 for RPI2/wav: C:\Pi_loc\LA\RPI2\streaming\RBW6676_20251015_130000.wav
2026-05-10 15:09:58 | DEBUG | model.models | [CalculationModel] Stored 20251015_130030 for RPI2/wav: C:\Pi_loc\LA\RPI2\streaming\RBW6676_20251015_130030.wav
2026-05-10 15:09:58 | INFO | controller.controllers | [LocalFolderReader][RPI2] done
2026-05-10 15:10:04 | INFO | controller.controllers | [LocalFolderReader][RPI3] emitting 20 files
2026-05-10 15:10:04 | INFO | model.models | [ReceiverModel][RPI3] Position updated from GPS file C:\Pi_loc\LA\RPI3\gps\GPS_RPI3_20251015_125600_Hydro_6675.txt: lon=17.64620851, lat=53.83489702
2026-05-10 15:10:04 | INFO | model.models | [ReceiverModel][RPI3] Position updated from GPS file C:\Pi_loc\LA\RPI3\gps\GPS_RPI3_20251015_125630_Hydro_6675.txt: lon=17.64626856, lat=53.83489186
2026-05-10 15:10:04 | INFO | model.models | [ReceiverModel][RPI3] Position updated from GPS file C:\Pi_loc\LA\RPI3\gps\GPS_RPI3_20251015_125700_Hydro_6675.txt: lon=17.64632599, lat=53.83487469
2026-05-10 15:10:04 | INFO | model.models | [ReceiverModel][RPI3] Position updated from GPS file C:\Pi_loc\LA\RPI3\gps\GPS_RPI3_20251015_125730_Hydro_6675.txt: lon=17.64638266, lat=53.83485219
2026-05-10 15:10:04 | INFO | model.models | [ReceiverModel][RPI3] Position updated from GPS file C:\Pi_loc\LA\RPI3\gps\GPS_RPI3_20251015_125800_Hydro_6675.txt: lon=17.64642584, lat=53.83483218
2026-05-10 15:10:04 | INFO | model.models | [ReceiverModel][RPI3] Position updated from GPS file C:\Pi_loc\LA\RPI3\gps\GPS_RPI3_20251015_125830_Hydro_6675.txt: lon=17.64646367, lat=53.83482398
2026-05-10 15:10:04 | INFO | model.models | [ReceiverModel][RPI3] Position updated from GPS file C:\Pi_loc\LA\RPI3\gps\GPS_RPI3_20251015_125900_Hydro_6675.txt: lon=17.64650316, lat=53.83480824
2026-05-10 15:10:04 | INFO | model.models | [ReceiverModel][RPI3] Position updated from GPS file C:\Pi_loc\LA\RPI3\gps\GPS_RPI3_20251015_125930_Hydro_6675.txt: lon=17.64655121, lat=53.83478313
2026-05-10 15:10:04 | INFO | model.models | [ReceiverModel][RPI3] Position updated from GPS file C:\Pi_loc\LA\RPI3\gps\GPS_RPI3_20251015_130000_Hydro_6675.txt: lon=17.64661745, lat=53.83476068
2026-05-10 15:10:04 | INFO | model.models | [ReceiverModel][RPI3] Position updated from GPS file C:\Pi_loc\LA\RPI3\gps\GPS_RPI3_20251015_130030_Hydro_6675.txt: lon=17.64668221, lat=53.83473899
2026-05-10 15:10:04 | DEBUG | model.models | [CalculationModel] Stored 20251015_125600 for RPI3/gps: C:\Pi_loc\LA\RPI3\gps\GPS_RPI3_20251015_125600_Hydro_6675.txt
2026-05-10 15:10:04 | DEBUG | model.models | [CalculationModel] Stored 20251015_125630 for RPI3/gps: C:\Pi_loc\LA\RPI3\gps\GPS_RPI3_20251015_125630_Hydro_6675.txt
2026-05-10 15:10:04 | DEBUG | model.models | [CalculationModel] Stored 20251015_125700 for RPI3/gps: C:\Pi_loc\LA\RPI3\gps\GPS_RPI3_20251015_125700_Hydro_6675.txt
2026-05-10 15:10:04 | DEBUG | model.models | [CalculationModel] Stored 20251015_125730 for RPI3/gps: C:\Pi_loc\LA\RPI3\gps\GPS_RPI3_20251015_125730_Hydro_6675.txt
2026-05-10 15:10:04 | DEBUG | model.models | [CalculationModel] Stored 20251015_125800 for RPI3/gps: C:\Pi_loc\LA\RPI3\gps\GPS_RPI3_20251015_125800_Hydro_6675.txt
2026-05-10 15:10:04 | DEBUG | model.models | [CalculationModel] Stored 20251015_125830 for RPI3/gps: C:\Pi_loc\LA\RPI3\gps\GPS_RPI3_20251015_125830_Hydro_6675.txt
2026-05-10 15:10:04 | DEBUG | model.models | [CalculationModel] Stored 20251015_125900 for RPI3/gps: C:\Pi_loc\LA\RPI3\gps\GPS_RPI3_20251015_125900_Hydro_6675.txt
2026-05-10 15:10:04 | DEBUG | model.models | [CalculationModel] Stored 20251015_125930 for RPI3/gps: C:\Pi_loc\LA\RPI3\gps\GPS_RPI3_20251015_125930_Hydro_6675.txt
2026-05-10 15:10:04 | DEBUG | model.models | [CalculationModel] Stored 20251015_130000 for RPI3/gps: C:\Pi_loc\LA\RPI3\gps\GPS_RPI3_20251015_130000_Hydro_6675.txt
2026-05-10 15:10:04 | DEBUG | model.models | [CalculationModel] Stored 20251015_130030 for RPI3/gps: C:\Pi_loc\LA\RPI3\gps\GPS_RPI3_20251015_130030_Hydro_6675.txt
2026-05-10 15:10:04 | DEBUG | model.models | [CalculationModel] Stored 20251015_125600 for RPI3/wav: C:\Pi_loc\LA\RPI3\streaming\RBW6675_20251015_125600.wav
2026-05-10 15:10:04 | INFO | model.models | [CalculationModel] Job 20251015_125600 receiver RPI1: wav=C:\Pi_loc\LA\RPI1\streaming\RBW6673_20251015_125600.wav gps=C:\Pi_loc\LA\RPI1\gps\GPS_RPI1_20251015_125600_Hydro_6673.txt
2026-05-10 15:10:04 | INFO | model.models | [CalculationModel] Job 20251015_125600 receiver RPI2: wav=C:\Pi_loc\LA\RPI2\streaming\RBW6676_20251015_125600.wav gps=C:\Pi_loc\LA\RPI2\gps\GPS_RPI2_20251015_125600_Hydro_6676.txt
2026-05-10 15:10:04 | INFO | model.models | [CalculationModel] Job 20251015_125600 receiver RPI3: wav=C:\Pi_loc\LA\RPI3\streaming\RBW6675_20251015_125600.wav gps=C:\Pi_loc\LA\RPI3\gps\GPS_RPI3_20251015_125600_Hydro_6675.txt
2026-05-10 15:10:04 | INFO | model.models | [CalculationModel] Job ready: 20251015_125600
2026-05-10 15:10:04 | DEBUG | model.models | [CalculationModel] Stored 20251015_125630 for RPI3/wav: C:\Pi_loc\LA\RPI3\streaming\RBW6675_20251015_125630.wav
2026-05-10 15:10:04 | INFO | model.models | [CalculationModel] Job 20251015_125630 receiver RPI1: wav=C:\Pi_loc\LA\RPI1\streaming\RBW6673_20251015_125630.wav gps=C:\Pi_loc\LA\RPI1\gps\GPS_RPI1_20251015_125630_Hydro_6673.txt
2026-05-10 15:10:04 | INFO | model.models | [CalculationModel] Job 20251015_125630 receiver RPI2: wav=C:\Pi_loc\LA\RPI2\streaming\RBW6676_20251015_125630.wav gps=C:\Pi_loc\LA\RPI2\gps\GPS_RPI2_20251015_125630_Hydro_6676.txt
2026-05-10 15:10:04 | INFO | model.models | [CalculationModel] Job 20251015_125630 receiver RPI3: wav=C:\Pi_loc\LA\RPI3\streaming\RBW6675_20251015_125630.wav gps=C:\Pi_loc\LA\RPI3\gps\GPS_RPI3_20251015_125630_Hydro_6675.txt
2026-05-10 15:10:04 | INFO | model.models | [CalculationModel] Job ready: 20251015_125630
2026-05-10 15:10:04 | DEBUG | model.models | [CalculationModel] Stored 20251015_125700 for RPI3/wav: C:\Pi_loc\LA\RPI3\streaming\RBW6675_20251015_125700.wav
2026-05-10 15:10:04 | INFO | model.models | [CalculationModel] Job 20251015_125700 receiver RPI1: wav=C:\Pi_loc\LA\RPI1\streaming\RBW6673_20251015_125700.wav gps=C:\Pi_loc\LA\RPI1\gps\GPS_RPI1_20251015_125700_Hydro_6673.txt
2026-05-10 15:10:04 | INFO | model.models | [CalculationModel] Job 20251015_125700 receiver RPI2: wav=C:\Pi_loc\LA\RPI2\streaming\RBW6676_20251015_125700.wav gps=C:\Pi_loc\LA\RPI2\gps\GPS_RPI2_20251015_125700_Hydro_6676.txt
2026-05-10 15:10:04 | INFO | model.models | [CalculationModel] Job 20251015_125700 receiver RPI3: wav=C:\Pi_loc\LA\RPI3\streaming\RBW6675_20251015_125700.wav gps=C:\Pi_loc\LA\RPI3\gps\GPS_RPI3_20251015_125700_Hydro_6675.txt
2026-05-10 15:10:04 | INFO | model.models | [CalculationModel] Job ready: 20251015_125700
2026-05-10 15:10:04 | DEBUG | model.models | [CalculationModel] Stored 20251015_125730 for RPI3/wav: C:\Pi_loc\LA\RPI3\streaming\RBW6675_20251015_125730.wav
2026-05-10 15:10:04 | INFO | model.models | [CalculationModel] Job 20251015_125730 receiver RPI1: wav=C:\Pi_loc\LA\RPI1\streaming\RBW6673_20251015_125730.wav gps=C:\Pi_loc\LA\RPI1\gps\GPS_RPI1_20251015_125730_Hydro_6673.txt
2026-05-10 15:10:04 | INFO | model.models | [CalculationModel] Job 20251015_125730 receiver RPI2: wav=C:\Pi_loc\LA\RPI2\streaming\RBW6676_20251015_125730.wav gps=C:\Pi_loc\LA\RPI2\gps\GPS_RPI2_20251015_125730_Hydro_6676.txt
2026-05-10 15:10:04 | INFO | model.models | [CalculationModel] Job 20251015_125730 receiver RPI3: wav=C:\Pi_loc\LA\RPI3\streaming\RBW6675_20251015_125730.wav gps=C:\Pi_loc\LA\RPI3\gps\GPS_RPI3_20251015_125730_Hydro_6675.txt
2026-05-10 15:10:04 | INFO | model.models | [CalculationModel] Job ready: 20251015_125730
2026-05-10 15:10:04 | DEBUG | model.models | [CalculationModel] Stored 20251015_125800 for RPI3/wav: C:\Pi_loc\LA\RPI3\streaming\RBW6675_20251015_125800.wav
2026-05-10 15:10:04 | INFO | model.models | [CalculationModel] Job 20251015_125800 receiver RPI1: wav=C:\Pi_loc\LA\RPI1\streaming\RBW6673_20251015_125800.wav gps=C:\Pi_loc\LA\RPI1\gps\GPS_RPI1_20251015_125800_Hydro_6673.txt
2026-05-10 15:10:04 | INFO | model.models | [CalculationModel] Job 20251015_125800 receiver RPI2: wav=C:\Pi_loc\LA\RPI2\streaming\RBW6676_20251015_125800.wav gps=C:\Pi_loc\LA\RPI2\gps\GPS_RPI2_20251015_125800_Hydro_6676.txt
2026-05-10 15:10:04 | INFO | model.models | [CalculationModel] Job 20251015_125800 receiver RPI3: wav=C:\Pi_loc\LA\RPI3\streaming\RBW6675_20251015_125800.wav gps=C:\Pi_loc\LA\RPI3\gps\GPS_RPI3_20251015_125800_Hydro_6675.txt
2026-05-10 15:10:04 | INFO | model.models | [CalculationModel] Job ready: 20251015_125800
2026-05-10 15:10:04 | DEBUG | model.models | [CalculationModel] Stored 20251015_125830 for RPI3/wav: C:\Pi_loc\LA\RPI3\streaming\RBW6675_20251015_125830.wav
2026-05-10 15:10:04 | INFO | model.models | [CalculationModel] Job 20251015_125830 receiver RPI1: wav=C:\Pi_loc\LA\RPI1\streaming\RBW6673_20251015_125830.wav gps=C:\Pi_loc\LA\RPI1\gps\GPS_RPI1_20251015_125830_Hydro_6673.txt
2026-05-10 15:10:04 | INFO | model.models | [CalculationModel] Job 20251015_125830 receiver RPI2: wav=C:\Pi_loc\LA\RPI2\streaming\RBW6676_20251015_125830.wav gps=C:\Pi_loc\LA\RPI2\gps\GPS_RPI2_20251015_125830_Hydro_6676.txt
2026-05-10 15:10:04 | INFO | model.models | [CalculationModel] Job 20251015_125830 receiver RPI3: wav=C:\Pi_loc\LA\RPI3\streaming\RBW6675_20251015_125830.wav gps=C:\Pi_loc\LA\RPI3\gps\GPS_RPI3_20251015_125830_Hydro_6675.txt
2026-05-10 15:10:04 | INFO | model.models | [CalculationModel] Job ready: 20251015_125830
2026-05-10 15:10:04 | DEBUG | model.models | [CalculationModel] Stored 20251015_125900 for RPI3/wav: C:\Pi_loc\LA\RPI3\streaming\RBW6675_20251015_125900.wav
2026-05-10 15:10:04 | INFO | model.models | [CalculationModel] Job 20251015_125900 receiver RPI1: wav=C:\Pi_loc\LA\RPI1\streaming\RBW6673_20251015_125900.wav gps=C:\Pi_loc\LA\RPI1\gps\GPS_RPI1_20251015_125900_Hydro_6673.txt
2026-05-10 15:10:04 | INFO | model.models | [CalculationModel] Job 20251015_125900 receiver RPI2: wav=C:\Pi_loc\LA\RPI2\streaming\RBW6676_20251015_125900.wav gps=C:\Pi_loc\LA\RPI2\gps\GPS_RPI2_20251015_125900_Hydro_6676.txt
2026-05-10 15:10:04 | INFO | model.models | [CalculationModel] Job 20251015_125900 receiver RPI3: wav=C:\Pi_loc\LA\RPI3\streaming\RBW6675_20251015_125900.wav gps=C:\Pi_loc\LA\RPI3\gps\GPS_RPI3_20251015_125900_Hydro_6675.txt
2026-05-10 15:10:04 | INFO | model.models | [CalculationModel] Job ready: 20251015_125900
2026-05-10 15:10:04 | DEBUG | model.models | [CalculationModel] Stored 20251015_125930 for RPI3/wav: C:\Pi_loc\LA\RPI3\streaming\RBW6675_20251015_125930.wav
2026-05-10 15:10:04 | INFO | model.models | [CalculationModel] Job 20251015_125930 receiver RPI1: wav=C:\Pi_loc\LA\RPI1\streaming\RBW6673_20251015_125930.wav gps=C:\Pi_loc\LA\RPI1\gps\GPS_RPI1_20251015_125930_Hydro_6673.txt
2026-05-10 15:10:04 | INFO | model.models | [CalculationModel] Job 20251015_125930 receiver RPI2: wav=C:\Pi_loc\LA\RPI2\streaming\RBW6676_20251015_125930.wav gps=C:\Pi_loc\LA\RPI2\gps\GPS_RPI2_20251015_125930_Hydro_6676.txt
2026-05-10 15:10:04 | INFO | model.models | [CalculationModel] Job 20251015_125930 receiver RPI3: wav=C:\Pi_loc\LA\RPI3\streaming\RBW6675_20251015_125930.wav gps=C:\Pi_loc\LA\RPI3\gps\GPS_RPI3_20251015_125930_Hydro_6675.txt
2026-05-10 15:10:04 | INFO | model.models | [CalculationModel] Job ready: 20251015_125930
2026-05-10 15:10:04 | DEBUG | model.models | [CalculationModel] Stored 20251015_130000 for RPI3/wav: C:\Pi_loc\LA\RPI3\streaming\RBW6675_20251015_130000.wav
2026-05-10 15:10:04 | INFO | model.models | [CalculationModel] Job 20251015_130000 receiver RPI1: wav=C:\Pi_loc\LA\RPI1\streaming\RBW6673_20251015_130000.wav gps=C:\Pi_loc\LA\RPI1\gps\GPS_RPI1_20251015_130000_Hydro_6673.txt
2026-05-10 15:10:04 | INFO | model.models | [CalculationModel] Job 20251015_130000 receiver RPI2: wav=C:\Pi_loc\LA\RPI2\streaming\RBW6676_20251015_130000.wav gps=C:\Pi_loc\LA\RPI2\gps\GPS_RPI2_20251015_130000_Hydro_6676.txt
2026-05-10 15:10:04 | INFO | model.models | [CalculationModel] Job 20251015_130000 receiver RPI3: wav=C:\Pi_loc\LA\RPI3\streaming\RBW6675_20251015_130000.wav gps=C:\Pi_loc\LA\RPI3\gps\GPS_RPI3_20251015_130000_Hydro_6675.txt
2026-05-10 15:10:04 | INFO | model.models | [CalculationModel] Job ready: 20251015_130000
2026-05-10 15:10:04 | DEBUG | model.models | [CalculationModel] Stored 20251015_130030 for RPI3/wav: C:\Pi_loc\LA\RPI3\streaming\RBW6675_20251015_130030.wav
2026-05-10 15:10:04 | INFO | model.models | [CalculationModel] Job 20251015_130030 receiver RPI1: wav=C:\Pi_loc\LA\RPI1\streaming\RBW6673_20251015_130030.wav gps=C:\Pi_loc\LA\RPI1\gps\GPS_RPI1_20251015_130030_Hydro_6673.txt
2026-05-10 15:10:04 | INFO | model.models | [CalculationModel] Job 20251015_130030 receiver RPI2: wav=C:\Pi_loc\LA\RPI2\streaming\RBW6676_20251015_130030.wav gps=C:\Pi_loc\LA\RPI2\gps\GPS_RPI2_20251015_130030_Hydro_6676.txt
2026-05-10 15:10:04 | INFO | model.models | [CalculationModel] Job 20251015_130030 receiver RPI3: wav=C:\Pi_loc\LA\RPI3\streaming\RBW6675_20251015_130030.wav gps=C:\Pi_loc\LA\RPI3\gps\GPS_RPI3_20251015_130030_Hydro_6675.txt
2026-05-10 15:10:04 | INFO | model.models | [CalculationModel] Job ready: 20251015_130030
2026-05-10 15:10:04 | INFO | controller.controllers | [Calc] job_started 20251015_125600
2026-05-10 15:10:04 | INFO | controller.controllers | [LocalFolderReader][RPI3] done
2026-05-10 15:10:04 | DEBUG | torio._extension.utils | Loading FFmpeg6
2026-05-10 15:10:04 | DEBUG | torio._extension.utils | Failed to load FFmpeg6 extension.
Traceback (most recent call last):
  File "C:\Users\stann\miniconda3\envs\Console\Lib\site-packages\torio\_extension\utils.py", line 116, in _find_ffmpeg_extension
    ext = _find_versionsed_ffmpeg_extension(ffmpeg_ver)
          ^^^^^^^^^^^^^^^^^^^^^^^^^^^^^^^^^^^^^^^^^^^^^
  File "C:\Users\stann\miniconda3\envs\Console\Lib\site-packages\torio\_extension\utils.py", line 108, in _find_versionsed_ffmpeg_extension
    _load_lib(lib)
  File "C:\Users\stann\miniconda3\envs\Console\Lib\site-packages\torio\_extension\utils.py", line 94, in _load_lib
    torch.ops.load_library(path)
  File "C:\Users\stann\miniconda3\envs\Console\Lib\site-packages\torch\_ops.py", line 1392, in load_library
    ctypes.CDLL(path)
  File "C:\Users\stann\miniconda3\envs\Console\Lib\ctypes\__init__.py", line 379, in __init__
    self._handle = _dlopen(self._name, mode)
                   ^^^^^^^^^^^^^^^^^^^^^^^^^
FileNotFoundError: Could not find module 'C:\Users\stann\miniconda3\envs\Console\Lib\site-packages\torio\lib\libtorio_ffmpeg6.pyd' (or one of its dependencies). Try using the full path with constructor syntax.
2026-05-10 15:10:04 | DEBUG | torio._extension.utils | Loading FFmpeg5
2026-05-10 15:10:04 | DEBUG | torio._extension.utils | Failed to load FFmpeg5 extension.
Traceback (most recent call last):
  File "C:\Users\stann\miniconda3\envs\Console\Lib\site-packages\torio\_extension\utils.py", line 116, in _find_ffmpeg_extension
    ext = _find_versionsed_ffmpeg_extension(ffmpeg_ver)
          ^^^^^^^^^^^^^^^^^^^^^^^^^^^^^^^^^^^^^^^^^^^^^
  File "C:\Users\stann\miniconda3\envs\Console\Lib\site-packages\torio\_extension\utils.py", line 108, in _find_versionsed_ffmpeg_extension
    _load_lib(lib)
  File "C:\Users\stann\miniconda3\envs\Console\Lib\site-packages\torio\_extension\utils.py", line 94, in _load_lib
    torch.ops.load_library(path)
  File "C:\Users\stann\miniconda3\envs\Console\Lib\site-packages\torch\_ops.py", line 1392, in load_library
    ctypes.CDLL(path)
  File "C:\Users\stann\miniconda3\envs\Console\Lib\ctypes\__init__.py", line 379, in __init__
    self._handle = _dlopen(self._name, mode)
                   ^^^^^^^^^^^^^^^^^^^^^^^^^
FileNotFoundError: Could not find module 'C:\Users\stann\miniconda3\envs\Console\Lib\site-packages\torio\lib\libtorio_ffmpeg5.pyd' (or one of its dependencies). Try using the full path with constructor syntax.
2026-05-10 15:10:04 | DEBUG | torio._extension.utils | Loading FFmpeg4
2026-05-10 15:10:04 | DEBUG | torio._extension.utils | Failed to load FFmpeg4 extension.
Traceback (most recent call last):
  File "C:\Users\stann\miniconda3\envs\Console\Lib\site-packages\torio\_extension\utils.py", line 116, in _find_ffmpeg_extension
    ext = _find_versionsed_ffmpeg_extension(ffmpeg_ver)
          ^^^^^^^^^^^^^^^^^^^^^^^^^^^^^^^^^^^^^^^^^^^^^
  File "C:\Users\stann\miniconda3\envs\Console\Lib\site-packages\torio\_extension\utils.py", line 108, in _find_versionsed_ffmpeg_extension
    _load_lib(lib)
  File "C:\Users\stann\miniconda3\envs\Console\Lib\site-packages\torio\_extension\utils.py", line 94, in _load_lib
    torch.ops.load_library(path)
  File "C:\Users\stann\miniconda3\envs\Console\Lib\site-packages\torch\_ops.py", line 1392, in load_library
    ctypes.CDLL(path)
  File "C:\Users\stann\miniconda3\envs\Console\Lib\ctypes\__init__.py", line 379, in __init__
    self._handle = _dlopen(self._name, mode)
                   ^^^^^^^^^^^^^^^^^^^^^^^^^
FileNotFoundError: Could not find module 'C:\Users\stann\miniconda3\envs\Console\Lib\site-packages\torio\lib\libtorio_ffmpeg4.pyd' (or one of its dependencies). Try using the full path with constructor syntax.
2026-05-10 15:10:04 | DEBUG | torio._extension.utils | Loading FFmpeg
2026-05-10 15:10:04 | DEBUG | torio._extension.utils | Failed to load FFmpeg extension.
Traceback (most recent call last):
  File "C:\Users\stann\miniconda3\envs\Console\Lib\site-packages\torio\_extension\utils.py", line 116, in _find_ffmpeg_extension
    ext = _find_versionsed_ffmpeg_extension(ffmpeg_ver)
          ^^^^^^^^^^^^^^^^^^^^^^^^^^^^^^^^^^^^^^^^^^^^^
  File "C:\Users\stann\miniconda3\envs\Console\Lib\site-packages\torio\_extension\utils.py", line 106, in _find_versionsed_ffmpeg_extension
    raise RuntimeError(f"FFmpeg{version} extension is not available.")
RuntimeError: FFmpeg extension is not available.
2026-05-10 15:10:04 | INFO | calculation.algorithms | [ESTPOSAlgorithm] Starting Est_pos subprocess. run_id=20260510_151004_206480 log=logs\estpos_subprocess\estpos_session_20260510_150937.log
2026-05-10 15:10:08 | INFO | calculation.algorithms | [ESTPOSAlgorithm] Est_pos subprocess finished successfully. run_id=20260510_151004_206480 result_length=2 session_log=logs\estpos_subprocess\estpos_session_20260510_150937.log
2026-05-10 15:10:08 | INFO | calculation.algorithms | [ESTPOSAlgorithm] Starting Est_pos subprocess. run_id=20260510_151008_357420 log=logs\estpos_subprocess\estpos_session_20260510_150937.log
2026-05-10 15:10:12 | INFO | calculation.algorithms | [ESTPOSAlgorithm] Est_pos subprocess finished successfully. run_id=20260510_151008_357420 result_length=20 session_log=logs\estpos_subprocess\estpos_session_20260510_150937.log
2026-05-10 15:10:12 | INFO | controller.controllers | [Calc] job_finished 20251015_125600 in 8.156 s
2026-05-10 15:10:12 | INFO | controller.controllers | [Calc] job_started 20251015_125630
2026-05-10 15:10:12 | INFO | calculation.algorithms | [ESTPOSAlgorithm] Starting Est_pos subprocess. run_id=20260510_151012_277163 log=logs\estpos_subprocess\estpos_session_20260510_150937.log
2026-05-10 15:10:16 | INFO | calculation.algorithms | [ESTPOSAlgorithm] Est_pos subprocess finished successfully. run_id=20260510_151012_277163 result_length=0 session_log=logs\estpos_subprocess\estpos_session_20260510_150937.log
2026-05-10 15:10:16 | INFO | calculation.algorithms | [ESTPOSAlgorithm] Starting Est_pos subprocess. run_id=20260510_151016_248362 log=logs\estpos_subprocess\estpos_session_20260510_150937.log
2026-05-10 15:10:20 | INFO | calculation.algorithms | [ESTPOSAlgorithm] Est_pos subprocess finished successfully. run_id=20260510_151016_248362 result_length=20 session_log=logs\estpos_subprocess\estpos_session_20260510_150937.log
2026-05-10 15:10:20 | INFO | controller.controllers | [Calc] job_finished 20251015_125630 in 7.882 s
2026-05-10 15:10:20 | INFO | controller.controllers | [Calc] job_started 20251015_125700
2026-05-10 15:10:20 | INFO | calculation.algorithms | [ESTPOSAlgorithm] Starting Est_pos subprocess. run_id=20260510_151020_152615 log=logs\estpos_subprocess\estpos_session_20260510_150937.log
2026-05-10 15:10:24 | INFO | calculation.algorithms | [ESTPOSAlgorithm] Est_pos subprocess finished successfully. run_id=20260510_151020_152615 result_length=2 session_log=logs\estpos_subprocess\estpos_session_20260510_150937.log
2026-05-10 15:10:24 | INFO | calculation.algorithms | [ESTPOSAlgorithm] Starting Est_pos subprocess. run_id=20260510_151024_267063 log=logs\estpos_subprocess\estpos_session_20260510_150937.log
2026-05-10 15:10:28 | INFO | calculation.algorithms | [ESTPOSAlgorithm] Est_pos subprocess finished successfully. run_id=20260510_151024_267063 result_length=5 session_log=logs\estpos_subprocess\estpos_session_20260510_150937.log
2026-05-10 15:10:28 | INFO | controller.controllers | [Calc] job_finished 20251015_125700 in 8.016 s
2026-05-10 15:10:28 | INFO | controller.controllers | [Calc] job_started 20251015_125730
2026-05-10 15:10:28 | INFO | calculation.algorithms | [ESTPOSAlgorithm] Starting Est_pos subprocess. run_id=20260510_151028_173640 log=logs\estpos_subprocess\estpos_session_20260510_150937.log
2026-05-10 15:10:32 | INFO | calculation.algorithms | [ESTPOSAlgorithm] Est_pos subprocess finished successfully. run_id=20260510_151028_173640 result_length=0 session_log=logs\estpos_subprocess\estpos_session_20260510_150937.log
2026-05-10 15:10:32 | INFO | calculation.algorithms | [ESTPOSAlgorithm] Starting Est_pos subprocess. run_id=20260510_151032_129092 log=logs\estpos_subprocess\estpos_session_20260510_150937.log
2026-05-10 15:10:36 | INFO | calculation.algorithms | [ESTPOSAlgorithm] Est_pos subprocess finished successfully. run_id=20260510_151032_129092 result_length=7 session_log=logs\estpos_subprocess\estpos_session_20260510_150937.log
2026-05-10 15:10:36 | INFO | controller.controllers | [Calc] job_finished 20251015_125730 in 7.886 s
2026-05-10 15:10:36 | INFO | controller.controllers | [Calc] job_started 20251015_125800
2026-05-10 15:10:36 | INFO | calculation.algorithms | [ESTPOSAlgorithm] Starting Est_pos subprocess. run_id=20260510_151036_071302 log=logs\estpos_subprocess\estpos_session_20260510_150937.log
2026-05-10 15:10:40 | INFO | calculation.algorithms | [ESTPOSAlgorithm] Est_pos subprocess finished successfully. run_id=20260510_151036_071302 result_length=0 session_log=logs\estpos_subprocess\estpos_session_20260510_150937.log
2026-05-10 15:10:40 | INFO | calculation.algorithms | [ESTPOSAlgorithm] Starting Est_pos subprocess. run_id=20260510_151040_126257 log=logs\estpos_subprocess\estpos_session_20260510_150937.log
2026-05-10 15:10:44 | INFO | calculation.algorithms | [ESTPOSAlgorithm] Est_pos subprocess finished successfully. run_id=20260510_151040_126257 result_length=20 session_log=logs\estpos_subprocess\estpos_session_20260510_150937.log
2026-05-10 15:10:44 | INFO | controller.controllers | [Calc] job_finished 20251015_125800 in 7.969 s
2026-05-10 15:10:44 | INFO | controller.controllers | [Calc] job_started 20251015_125830
2026-05-10 15:10:44 | INFO | calculation.algorithms | [ESTPOSAlgorithm] Starting Est_pos subprocess. run_id=20260510_151044_035686 log=logs\estpos_subprocess\estpos_session_20260510_150937.log
2026-05-10 15:10:48 | INFO | calculation.algorithms | [ESTPOSAlgorithm] Est_pos subprocess finished successfully. run_id=20260510_151044_035686 result_length=0 session_log=logs\estpos_subprocess\estpos_session_20260510_150937.log
2026-05-10 15:10:48 | INFO | calculation.algorithms | [ESTPOSAlgorithm] Starting Est_pos subprocess. run_id=20260510_151048_224032 log=logs\estpos_subprocess\estpos_session_20260510_150937.log
2026-05-10 15:10:52 | INFO | calculation.algorithms | [ESTPOSAlgorithm] Est_pos subprocess finished successfully. run_id=20260510_151048_224032 result_length=20 session_log=logs\estpos_subprocess\estpos_session_20260510_150937.log
2026-05-10 15:10:52 | INFO | controller.controllers | [Calc] job_finished 20251015_125830 in 8.071 s
2026-05-10 15:10:52 | INFO | controller.controllers | [Calc] job_started 20251015_125900
2026-05-10 15:10:52 | INFO | calculation.algorithms | [ESTPOSAlgorithm] Starting Est_pos subprocess. run_id=20260510_151052_116360 log=logs\estpos_subprocess\estpos_session_20260510_150937.log
2026-05-10 15:10:56 | INFO | calculation.algorithms | [ESTPOSAlgorithm] Est_pos subprocess finished successfully. run_id=20260510_151052_116360 result_length=0 session_log=logs\estpos_subprocess\estpos_session_20260510_150937.log
2026-05-10 15:10:56 | INFO | calculation.algorithms | [ESTPOSAlgorithm] Starting Est_pos subprocess. run_id=20260510_151056_150785 log=logs\estpos_subprocess\estpos_session_20260510_150937.log
2026-05-10 15:11:00 | INFO | calculation.algorithms | [ESTPOSAlgorithm] Est_pos subprocess finished successfully. run_id=20260510_151056_150785 result_length=20 session_log=logs\estpos_subprocess\estpos_session_20260510_150937.log
2026-05-10 15:11:00 | INFO | controller.controllers | [Calc] job_finished 20251015_125900 in 7.971 s
2026-05-10 15:11:00 | INFO | controller.controllers | [Calc] job_started 20251015_125930
2026-05-10 15:11:00 | INFO | calculation.algorithms | [ESTPOSAlgorithm] Starting Est_pos subprocess. run_id=20260510_151100_080824 log=logs\estpos_subprocess\estpos_session_20260510_150937.log
2026-05-10 15:11:03 | INFO | calculation.algorithms | [ESTPOSAlgorithm] Est_pos subprocess finished successfully. run_id=20260510_151100_080824 result_length=0 session_log=logs\estpos_subprocess\estpos_session_20260510_150937.log
2026-05-10 15:11:04 | INFO | calculation.algorithms | [ESTPOSAlgorithm] Starting Est_pos subprocess. run_id=20260510_151104_072088 log=logs\estpos_subprocess\estpos_session_20260510_150937.log
2026-05-10 15:11:07 | INFO | calculation.algorithms | [ESTPOSAlgorithm] Est_pos subprocess finished successfully. run_id=20260510_151104_072088 result_length=4 session_log=logs\estpos_subprocess\estpos_session_20260510_150937.log
2026-05-10 15:11:07 | INFO | controller.controllers | [Calc] job_finished 20251015_125930 in 7.912 s
2026-05-10 15:11:07 | INFO | controller.controllers | [Calc] job_started 20251015_130000
2026-05-10 15:11:07 | INFO | calculation.algorithms | [ESTPOSAlgorithm] Starting Est_pos subprocess. run_id=20260510_151107_998065 log=logs\estpos_subprocess\estpos_session_20260510_150937.log
2026-05-10 15:11:11 | INFO | calculation.algorithms | [ESTPOSAlgorithm] Est_pos subprocess finished successfully. run_id=20260510_151107_998065 result_length=2 session_log=logs\estpos_subprocess\estpos_session_20260510_150937.log
2026-05-10 15:11:12 | INFO | calculation.algorithms | [ESTPOSAlgorithm] Starting Est_pos subprocess. run_id=20260510_151111_998754 log=logs\estpos_subprocess\estpos_session_20260510_150937.log
2026-05-10 15:11:15 | INFO | calculation.algorithms | [ESTPOSAlgorithm] Est_pos subprocess finished successfully. run_id=20260510_151111_998754 result_length=15 session_log=logs\estpos_subprocess\estpos_session_20260510_150937.log
2026-05-10 15:11:15 | INFO | controller.controllers | [Calc] job_finished 20251015_130000 in 7.910 s
2026-05-10 15:11:15 | INFO | controller.controllers | [Calc] job_started 20251015_130030
2026-05-10 15:11:15 | INFO | calculation.algorithms | [ESTPOSAlgorithm] Starting Est_pos subprocess. run_id=20260510_151115_915743 log=logs\estpos_subprocess\estpos_session_20260510_150937.log
2026-05-10 15:11:19 | INFO | calculation.algorithms | [ESTPOSAlgorithm] Est_pos subprocess finished successfully. run_id=20260510_151115_915743 result_length=2 session_log=logs\estpos_subprocess\estpos_session_20260510_150937.log
2026-05-10 15:11:19 | INFO | calculation.algorithms | [ESTPOSAlgorithm] Starting Est_pos subprocess. run_id=20260510_151119_872313 log=logs\estpos_subprocess\estpos_session_20260510_150937.log
2026-05-10 15:11:23 | INFO | calculation.algorithms | [ESTPOSAlgorithm] Est_pos subprocess finished successfully. run_id=20260510_151119_872313 result_length=16 session_log=logs\estpos_subprocess\estpos_session_20260510_150937.log
2026-05-10 15:11:23 | INFO | controller.controllers | [Calc] job_finished 20251015_130030 in 7.865 s
2026-05-10 15:24:52 | INFO | utils.math_worker | [CalculationWorker] Thread started (id=9212)
2026-05-10 15:24:52 | INFO | controller.controllers | [CalculationController] Calculation started.
2026-05-10 15:24:59 | INFO | controller.controllers | [LocalFolderReader][RPI1] emitting 20 files
2026-05-10 15:24:59 | INFO | model.models | [ReceiverModel][RPI1] Position updated from GPS file C:\Pi_loc\LA\RPI1\gps\GPS_RPI1_20251015_125600_Hydro_6673.txt: lon=17.64661092, lat=53.83543181
2026-05-10 15:24:59 | INFO | model.models | [ReceiverModel][RPI1] Position updated from GPS file C:\Pi_loc\LA\RPI1\gps\GPS_RPI1_20251015_125630_Hydro_6673.txt: lon=17.64660981, lat=53.83543111
2026-05-10 15:24:59 | INFO | model.models | [ReceiverModel][RPI1] Position updated from GPS file C:\Pi_loc\LA\RPI1\gps\GPS_RPI1_20251015_125700_Hydro_6673.txt: lon=17.64660792, lat=53.83542941
2026-05-10 15:24:59 | INFO | model.models | [ReceiverModel][RPI1] Position updated from GPS file C:\Pi_loc\LA\RPI1\gps\GPS_RPI1_20251015_125730_Hydro_6673.txt: lon=17.64660146, lat=53.83542462
2026-05-10 15:24:59 | INFO | model.models | [ReceiverModel][RPI1] Position updated from GPS file C:\Pi_loc\LA\RPI1\gps\GPS_RPI1_20251015_125800_Hydro_6673.txt: lon=17.64660020, lat=53.83542179
2026-05-10 15:24:59 | INFO | model.models | [ReceiverModel][RPI1] Position updated from GPS file C:\Pi_loc\LA\RPI1\gps\GPS_RPI1_20251015_125830_Hydro_6673.txt: lon=17.64659532, lat=53.83542196
2026-05-10 15:24:59 | INFO | model.models | [ReceiverModel][RPI1] Position updated from GPS file C:\Pi_loc\LA\RPI1\gps\GPS_RPI1_20251015_125900_Hydro_6673.txt: lon=17.64660826, lat=53.83542789
2026-05-10 15:24:59 | INFO | model.models | [ReceiverModel][RPI1] Position updated from GPS file C:\Pi_loc\LA\RPI1\gps\GPS_RPI1_20251015_125930_Hydro_6673.txt: lon=17.64661526, lat=53.83543357
2026-05-10 15:24:59 | INFO | model.models | [ReceiverModel][RPI1] Position updated from GPS file C:\Pi_loc\LA\RPI1\gps\GPS_RPI1_20251015_130000_Hydro_6673.txt: lon=17.64662061, lat=53.83543888
2026-05-10 15:24:59 | INFO | model.models | [ReceiverModel][RPI1] Position updated from GPS file C:\Pi_loc\LA\RPI1\gps\GPS_RPI1_20251015_130030_Hydro_6673.txt: lon=17.64661533, lat=53.83543360
2026-05-10 15:24:59 | DEBUG | model.models | [CalculationModel] Stored 20251015_125600 for RPI1/gps: C:\Pi_loc\LA\RPI1\gps\GPS_RPI1_20251015_125600_Hydro_6673.txt
2026-05-10 15:24:59 | DEBUG | model.models | [CalculationModel] Stored 20251015_125630 for RPI1/gps: C:\Pi_loc\LA\RPI1\gps\GPS_RPI1_20251015_125630_Hydro_6673.txt
2026-05-10 15:24:59 | DEBUG | model.models | [CalculationModel] Stored 20251015_125700 for RPI1/gps: C:\Pi_loc\LA\RPI1\gps\GPS_RPI1_20251015_125700_Hydro_6673.txt
2026-05-10 15:24:59 | DEBUG | model.models | [CalculationModel] Stored 20251015_125730 for RPI1/gps: C:\Pi_loc\LA\RPI1\gps\GPS_RPI1_20251015_125730_Hydro_6673.txt
2026-05-10 15:24:59 | DEBUG | model.models | [CalculationModel] Stored 20251015_125800 for RPI1/gps: C:\Pi_loc\LA\RPI1\gps\GPS_RPI1_20251015_125800_Hydro_6673.txt
2026-05-10 15:24:59 | DEBUG | model.models | [CalculationModel] Stored 20251015_125830 for RPI1/gps: C:\Pi_loc\LA\RPI1\gps\GPS_RPI1_20251015_125830_Hydro_6673.txt
2026-05-10 15:24:59 | DEBUG | model.models | [CalculationModel] Stored 20251015_125900 for RPI1/gps: C:\Pi_loc\LA\RPI1\gps\GPS_RPI1_20251015_125900_Hydro_6673.txt
2026-05-10 15:24:59 | DEBUG | model.models | [CalculationModel] Stored 20251015_125930 for RPI1/gps: C:\Pi_loc\LA\RPI1\gps\GPS_RPI1_20251015_125930_Hydro_6673.txt
2026-05-10 15:24:59 | DEBUG | model.models | [CalculationModel] Stored 20251015_130000 for RPI1/gps: C:\Pi_loc\LA\RPI1\gps\GPS_RPI1_20251015_130000_Hydro_6673.txt
2026-05-10 15:24:59 | DEBUG | model.models | [CalculationModel] Stored 20251015_130030 for RPI1/gps: C:\Pi_loc\LA\RPI1\gps\GPS_RPI1_20251015_130030_Hydro_6673.txt
2026-05-10 15:24:59 | DEBUG | model.models | [CalculationModel] Stored 20251015_125600 for RPI1/wav: C:\Pi_loc\LA\RPI1\streaming\RBW6673_20251015_125600.wav
2026-05-10 15:24:59 | DEBUG | model.models | [CalculationModel] Stored 20251015_125630 for RPI1/wav: C:\Pi_loc\LA\RPI1\streaming\RBW6673_20251015_125630.wav
2026-05-10 15:24:59 | DEBUG | model.models | [CalculationModel] Stored 20251015_125700 for RPI1/wav: C:\Pi_loc\LA\RPI1\streaming\RBW6673_20251015_125700.wav
2026-05-10 15:24:59 | DEBUG | model.models | [CalculationModel] Stored 20251015_125730 for RPI1/wav: C:\Pi_loc\LA\RPI1\streaming\RBW6673_20251015_125730.wav
2026-05-10 15:24:59 | DEBUG | model.models | [CalculationModel] Stored 20251015_125800 for RPI1/wav: C:\Pi_loc\LA\RPI1\streaming\RBW6673_20251015_125800.wav
2026-05-10 15:24:59 | DEBUG | model.models | [CalculationModel] Stored 20251015_125830 for RPI1/wav: C:\Pi_loc\LA\RPI1\streaming\RBW6673_20251015_125830.wav
2026-05-10 15:24:59 | DEBUG | model.models | [CalculationModel] Stored 20251015_125900 for RPI1/wav: C:\Pi_loc\LA\RPI1\streaming\RBW6673_20251015_125900.wav
2026-05-10 15:24:59 | DEBUG | model.models | [CalculationModel] Stored 20251015_125930 for RPI1/wav: C:\Pi_loc\LA\RPI1\streaming\RBW6673_20251015_125930.wav
2026-05-10 15:24:59 | DEBUG | model.models | [CalculationModel] Stored 20251015_130000 for RPI1/wav: C:\Pi_loc\LA\RPI1\streaming\RBW6673_20251015_130000.wav
2026-05-10 15:24:59 | DEBUG | model.models | [CalculationModel] Stored 20251015_130030 for RPI1/wav: C:\Pi_loc\LA\RPI1\streaming\RBW6673_20251015_130030.wav
2026-05-10 15:24:59 | INFO | controller.controllers | [LocalFolderReader][RPI1] done
2026-05-10 15:25:06 | INFO | controller.controllers | [LocalFolderReader][RPI2] emitting 20 files
2026-05-10 15:25:06 | INFO | model.models | [ReceiverModel][RPI2] Position updated from GPS file C:\Pi_loc\LA\RPI2\gps\GPS_RPI2_20251015_125600_Hydro_6676.txt: lon=17.64617442, lat=53.83506858
2026-05-10 15:25:06 | INFO | model.models | [ReceiverModel][RPI2] Position updated from GPS file C:\Pi_loc\LA\RPI2\gps\GPS_RPI2_20251015_125630_Hydro_6676.txt: lon=17.64617675, lat=53.83507403
2026-05-10 15:25:06 | INFO | model.models | [ReceiverModel][RPI2] Position updated from GPS file C:\Pi_loc\LA\RPI2\gps\GPS_RPI2_20251015_125700_Hydro_6676.txt: lon=17.64617669, lat=53.83507561
2026-05-10 15:25:06 | INFO | model.models | [ReceiverModel][RPI2] Position updated from GPS file C:\Pi_loc\LA\RPI2\gps\GPS_RPI2_20251015_125730_Hydro_6676.txt: lon=17.64617581, lat=53.83507138
2026-05-10 15:25:06 | INFO | model.models | [ReceiverModel][RPI2] Position updated from GPS file C:\Pi_loc\LA\RPI2\gps\GPS_RPI2_20251015_125800_Hydro_6676.txt: lon=17.64617498, lat=53.83507085
2026-05-10 15:25:06 | INFO | model.models | [ReceiverModel][RPI2] Position updated from GPS file C:\Pi_loc\LA\RPI2\gps\GPS_RPI2_20251015_125830_Hydro_6676.txt: lon=17.64617518, lat=53.83507041
2026-05-10 15:25:06 | INFO | model.models | [ReceiverModel][RPI2] Position updated from GPS file C:\Pi_loc\LA\RPI2\gps\GPS_RPI2_20251015_125900_Hydro_6676.txt: lon=17.64617451, lat=53.83506848
2026-05-10 15:25:06 | INFO | model.models | [ReceiverModel][RPI2] Position updated from GPS file C:\Pi_loc\LA\RPI2\gps\GPS_RPI2_20251015_125930_Hydro_6676.txt: lon=17.64617358, lat=53.83506661
2026-05-10 15:25:06 | INFO | model.models | [ReceiverModel][RPI2] Position updated from GPS file C:\Pi_loc\LA\RPI2\gps\GPS_RPI2_20251015_130000_Hydro_6676.txt: lon=17.64617438, lat=53.83506810
2026-05-10 15:25:06 | INFO | model.models | [ReceiverModel][RPI2] Position updated from GPS file C:\Pi_loc\LA\RPI2\gps\GPS_RPI2_20251015_130030_Hydro_6676.txt: lon=17.64617384, lat=53.83506691
2026-05-10 15:25:06 | DEBUG | model.models | [CalculationModel] Stored 20251015_125600 for RPI2/gps: C:\Pi_loc\LA\RPI2\gps\GPS_RPI2_20251015_125600_Hydro_6676.txt
2026-05-10 15:25:06 | DEBUG | model.models | [CalculationModel] Stored 20251015_125630 for RPI2/gps: C:\Pi_loc\LA\RPI2\gps\GPS_RPI2_20251015_125630_Hydro_6676.txt
2026-05-10 15:25:06 | DEBUG | model.models | [CalculationModel] Stored 20251015_125700 for RPI2/gps: C:\Pi_loc\LA\RPI2\gps\GPS_RPI2_20251015_125700_Hydro_6676.txt
2026-05-10 15:25:06 | DEBUG | model.models | [CalculationModel] Stored 20251015_125730 for RPI2/gps: C:\Pi_loc\LA\RPI2\gps\GPS_RPI2_20251015_125730_Hydro_6676.txt
2026-05-10 15:25:06 | DEBUG | model.models | [CalculationModel] Stored 20251015_125800 for RPI2/gps: C:\Pi_loc\LA\RPI2\gps\GPS_RPI2_20251015_125800_Hydro_6676.txt
2026-05-10 15:25:06 | DEBUG | model.models | [CalculationModel] Stored 20251015_125830 for RPI2/gps: C:\Pi_loc\LA\RPI2\gps\GPS_RPI2_20251015_125830_Hydro_6676.txt
2026-05-10 15:25:06 | DEBUG | model.models | [CalculationModel] Stored 20251015_125900 for RPI2/gps: C:\Pi_loc\LA\RPI2\gps\GPS_RPI2_20251015_125900_Hydro_6676.txt
2026-05-10 15:25:06 | DEBUG | model.models | [CalculationModel] Stored 20251015_125930 for RPI2/gps: C:\Pi_loc\LA\RPI2\gps\GPS_RPI2_20251015_125930_Hydro_6676.txt
2026-05-10 15:25:06 | DEBUG | model.models | [CalculationModel] Stored 20251015_130000 for RPI2/gps: C:\Pi_loc\LA\RPI2\gps\GPS_RPI2_20251015_130000_Hydro_6676.txt
2026-05-10 15:25:06 | DEBUG | model.models | [CalculationModel] Stored 20251015_130030 for RPI2/gps: C:\Pi_loc\LA\RPI2\gps\GPS_RPI2_20251015_130030_Hydro_6676.txt
2026-05-10 15:25:06 | DEBUG | model.models | [CalculationModel] Stored 20251015_125600 for RPI2/wav: C:\Pi_loc\LA\RPI2\streaming\RBW6676_20251015_125600.wav
2026-05-10 15:25:06 | DEBUG | model.models | [CalculationModel] Stored 20251015_125630 for RPI2/wav: C:\Pi_loc\LA\RPI2\streaming\RBW6676_20251015_125630.wav
2026-05-10 15:25:06 | DEBUG | model.models | [CalculationModel] Stored 20251015_125700 for RPI2/wav: C:\Pi_loc\LA\RPI2\streaming\RBW6676_20251015_125700.wav
2026-05-10 15:25:06 | DEBUG | model.models | [CalculationModel] Stored 20251015_125730 for RPI2/wav: C:\Pi_loc\LA\RPI2\streaming\RBW6676_20251015_125730.wav
2026-05-10 15:25:06 | DEBUG | model.models | [CalculationModel] Stored 20251015_125800 for RPI2/wav: C:\Pi_loc\LA\RPI2\streaming\RBW6676_20251015_125800.wav
2026-05-10 15:25:06 | DEBUG | model.models | [CalculationModel] Stored 20251015_125830 for RPI2/wav: C:\Pi_loc\LA\RPI2\streaming\RBW6676_20251015_125830.wav
2026-05-10 15:25:06 | DEBUG | model.models | [CalculationModel] Stored 20251015_125900 for RPI2/wav: C:\Pi_loc\LA\RPI2\streaming\RBW6676_20251015_125900.wav
2026-05-10 15:25:06 | DEBUG | model.models | [CalculationModel] Stored 20251015_125930 for RPI2/wav: C:\Pi_loc\LA\RPI2\streaming\RBW6676_20251015_125930.wav
2026-05-10 15:25:06 | DEBUG | model.models | [CalculationModel] Stored 20251015_130000 for RPI2/wav: C:\Pi_loc\LA\RPI2\streaming\RBW6676_20251015_130000.wav
2026-05-10 15:25:06 | DEBUG | model.models | [CalculationModel] Stored 20251015_130030 for RPI2/wav: C:\Pi_loc\LA\RPI2\streaming\RBW6676_20251015_130030.wav
2026-05-10 15:25:06 | INFO | controller.controllers | [LocalFolderReader][RPI2] done
2026-05-10 15:25:10 | INFO | controller.controllers | [LocalFolderReader][RPI3] emitting 20 files
2026-05-10 15:25:10 | INFO | model.models | [ReceiverModel][RPI3] Position updated from GPS file C:\Pi_loc\LA\RPI3\gps\GPS_RPI3_20251015_125600_Hydro_6675.txt: lon=17.64620851, lat=53.83489702
2026-05-10 15:25:10 | INFO | model.models | [ReceiverModel][RPI3] Position updated from GPS file C:\Pi_loc\LA\RPI3\gps\GPS_RPI3_20251015_125630_Hydro_6675.txt: lon=17.64626856, lat=53.83489186
2026-05-10 15:25:10 | INFO | model.models | [ReceiverModel][RPI3] Position updated from GPS file C:\Pi_loc\LA\RPI3\gps\GPS_RPI3_20251015_125700_Hydro_6675.txt: lon=17.64632599, lat=53.83487469
2026-05-10 15:25:10 | INFO | model.models | [ReceiverModel][RPI3] Position updated from GPS file C:\Pi_loc\LA\RPI3\gps\GPS_RPI3_20251015_125730_Hydro_6675.txt: lon=17.64638266, lat=53.83485219
2026-05-10 15:25:10 | INFO | model.models | [ReceiverModel][RPI3] Position updated from GPS file C:\Pi_loc\LA\RPI3\gps\GPS_RPI3_20251015_125800_Hydro_6675.txt: lon=17.64642584, lat=53.83483218
2026-05-10 15:25:10 | INFO | model.models | [ReceiverModel][RPI3] Position updated from GPS file C:\Pi_loc\LA\RPI3\gps\GPS_RPI3_20251015_125830_Hydro_6675.txt: lon=17.64646367, lat=53.83482398
2026-05-10 15:25:10 | INFO | model.models | [ReceiverModel][RPI3] Position updated from GPS file C:\Pi_loc\LA\RPI3\gps\GPS_RPI3_20251015_125900_Hydro_6675.txt: lon=17.64650316, lat=53.83480824
2026-05-10 15:25:10 | INFO | model.models | [ReceiverModel][RPI3] Position updated from GPS file C:\Pi_loc\LA\RPI3\gps\GPS_RPI3_20251015_125930_Hydro_6675.txt: lon=17.64655121, lat=53.83478313
2026-05-10 15:25:10 | INFO | model.models | [ReceiverModel][RPI3] Position updated from GPS file C:\Pi_loc\LA\RPI3\gps\GPS_RPI3_20251015_130000_Hydro_6675.txt: lon=17.64661745, lat=53.83476068
2026-05-10 15:25:10 | INFO | model.models | [ReceiverModel][RPI3] Position updated from GPS file C:\Pi_loc\LA\RPI3\gps\GPS_RPI3_20251015_130030_Hydro_6675.txt: lon=17.64668221, lat=53.83473899
2026-05-10 15:25:10 | DEBUG | model.models | [CalculationModel] Stored 20251015_125600 for RPI3/gps: C:\Pi_loc\LA\RPI3\gps\GPS_RPI3_20251015_125600_Hydro_6675.txt
2026-05-10 15:25:10 | DEBUG | model.models | [CalculationModel] Stored 20251015_125630 for RPI3/gps: C:\Pi_loc\LA\RPI3\gps\GPS_RPI3_20251015_125630_Hydro_6675.txt
2026-05-10 15:25:10 | DEBUG | model.models | [CalculationModel] Stored 20251015_125700 for RPI3/gps: C:\Pi_loc\LA\RPI3\gps\GPS_RPI3_20251015_125700_Hydro_6675.txt
2026-05-10 15:25:10 | DEBUG | model.models | [CalculationModel] Stored 20251015_125730 for RPI3/gps: C:\Pi_loc\LA\RPI3\gps\GPS_RPI3_20251015_125730_Hydro_6675.txt
2026-05-10 15:25:10 | DEBUG | model.models | [CalculationModel] Stored 20251015_125800 for RPI3/gps: C:\Pi_loc\LA\RPI3\gps\GPS_RPI3_20251015_125800_Hydro_6675.txt
2026-05-10 15:25:10 | DEBUG | model.models | [CalculationModel] Stored 20251015_125830 for RPI3/gps: C:\Pi_loc\LA\RPI3\gps\GPS_RPI3_20251015_125830_Hydro_6675.txt
2026-05-10 15:25:10 | DEBUG | model.models | [CalculationModel] Stored 20251015_125900 for RPI3/gps: C:\Pi_loc\LA\RPI3\gps\GPS_RPI3_20251015_125900_Hydro_6675.txt
2026-05-10 15:25:10 | DEBUG | model.models | [CalculationModel] Stored 20251015_125930 for RPI3/gps: C:\Pi_loc\LA\RPI3\gps\GPS_RPI3_20251015_125930_Hydro_6675.txt
2026-05-10 15:25:10 | DEBUG | model.models | [CalculationModel] Stored 20251015_130000 for RPI3/gps: C:\Pi_loc\LA\RPI3\gps\GPS_RPI3_20251015_130000_Hydro_6675.txt
2026-05-10 15:25:10 | DEBUG | model.models | [CalculationModel] Stored 20251015_130030 for RPI3/gps: C:\Pi_loc\LA\RPI3\gps\GPS_RPI3_20251015_130030_Hydro_6675.txt
2026-05-10 15:25:10 | DEBUG | model.models | [CalculationModel] Stored 20251015_125600 for RPI3/wav: C:\Pi_loc\LA\RPI3\streaming\RBW6675_20251015_125600.wav
2026-05-10 15:25:10 | INFO | model.models | [CalculationModel] Job 20251015_125600 receiver RPI1: wav=C:\Pi_loc\LA\RPI1\streaming\RBW6673_20251015_125600.wav gps=C:\Pi_loc\LA\RPI1\gps\GPS_RPI1_20251015_125600_Hydro_6673.txt
2026-05-10 15:25:10 | INFO | model.models | [CalculationModel] Job 20251015_125600 receiver RPI2: wav=C:\Pi_loc\LA\RPI2\streaming\RBW6676_20251015_125600.wav gps=C:\Pi_loc\LA\RPI2\gps\GPS_RPI2_20251015_125600_Hydro_6676.txt
2026-05-10 15:25:10 | INFO | model.models | [CalculationModel] Job 20251015_125600 receiver RPI3: wav=C:\Pi_loc\LA\RPI3\streaming\RBW6675_20251015_125600.wav gps=C:\Pi_loc\LA\RPI3\gps\GPS_RPI3_20251015_125600_Hydro_6675.txt
2026-05-10 15:25:10 | INFO | model.models | [CalculationModel] Job ready: 20251015_125600
2026-05-10 15:25:10 | DEBUG | model.models | [CalculationModel] Stored 20251015_125630 for RPI3/wav: C:\Pi_loc\LA\RPI3\streaming\RBW6675_20251015_125630.wav
2026-05-10 15:25:10 | INFO | model.models | [CalculationModel] Job 20251015_125630 receiver RPI1: wav=C:\Pi_loc\LA\RPI1\streaming\RBW6673_20251015_125630.wav gps=C:\Pi_loc\LA\RPI1\gps\GPS_RPI1_20251015_125630_Hydro_6673.txt
2026-05-10 15:25:10 | INFO | model.models | [CalculationModel] Job 20251015_125630 receiver RPI2: wav=C:\Pi_loc\LA\RPI2\streaming\RBW6676_20251015_125630.wav gps=C:\Pi_loc\LA\RPI2\gps\GPS_RPI2_20251015_125630_Hydro_6676.txt
2026-05-10 15:25:10 | INFO | model.models | [CalculationModel] Job 20251015_125630 receiver RPI3: wav=C:\Pi_loc\LA\RPI3\streaming\RBW6675_20251015_125630.wav gps=C:\Pi_loc\LA\RPI3\gps\GPS_RPI3_20251015_125630_Hydro_6675.txt
2026-05-10 15:25:10 | INFO | model.models | [CalculationModel] Job ready: 20251015_125630
2026-05-10 15:25:10 | DEBUG | model.models | [CalculationModel] Stored 20251015_125700 for RPI3/wav: C:\Pi_loc\LA\RPI3\streaming\RBW6675_20251015_125700.wav
2026-05-10 15:25:10 | INFO | model.models | [CalculationModel] Job 20251015_125700 receiver RPI1: wav=C:\Pi_loc\LA\RPI1\streaming\RBW6673_20251015_125700.wav gps=C:\Pi_loc\LA\RPI1\gps\GPS_RPI1_20251015_125700_Hydro_6673.txt
2026-05-10 15:25:10 | INFO | model.models | [CalculationModel] Job 20251015_125700 receiver RPI2: wav=C:\Pi_loc\LA\RPI2\streaming\RBW6676_20251015_125700.wav gps=C:\Pi_loc\LA\RPI2\gps\GPS_RPI2_20251015_125700_Hydro_6676.txt
2026-05-10 15:25:10 | INFO | model.models | [CalculationModel] Job 20251015_125700 receiver RPI3: wav=C:\Pi_loc\LA\RPI3\streaming\RBW6675_20251015_125700.wav gps=C:\Pi_loc\LA\RPI3\gps\GPS_RPI3_20251015_125700_Hydro_6675.txt
2026-05-10 15:25:10 | INFO | model.models | [CalculationModel] Job ready: 20251015_125700
2026-05-10 15:25:10 | DEBUG | model.models | [CalculationModel] Stored 20251015_125730 for RPI3/wav: C:\Pi_loc\LA\RPI3\streaming\RBW6675_20251015_125730.wav
2026-05-10 15:25:10 | INFO | model.models | [CalculationModel] Job 20251015_125730 receiver RPI1: wav=C:\Pi_loc\LA\RPI1\streaming\RBW6673_20251015_125730.wav gps=C:\Pi_loc\LA\RPI1\gps\GPS_RPI1_20251015_125730_Hydro_6673.txt
2026-05-10 15:25:10 | INFO | model.models | [CalculationModel] Job 20251015_125730 receiver RPI2: wav=C:\Pi_loc\LA\RPI2\streaming\RBW6676_20251015_125730.wav gps=C:\Pi_loc\LA\RPI2\gps\GPS_RPI2_20251015_125730_Hydro_6676.txt
2026-05-10 15:25:10 | INFO | model.models | [CalculationModel] Job 20251015_125730 receiver RPI3: wav=C:\Pi_loc\LA\RPI3\streaming\RBW6675_20251015_125730.wav gps=C:\Pi_loc\LA\RPI3\gps\GPS_RPI3_20251015_125730_Hydro_6675.txt
2026-05-10 15:25:10 | INFO | model.models | [CalculationModel] Job ready: 20251015_125730
2026-05-10 15:25:10 | DEBUG | model.models | [CalculationModel] Stored 20251015_125800 for RPI3/wav: C:\Pi_loc\LA\RPI3\streaming\RBW6675_20251015_125800.wav
2026-05-10 15:25:10 | INFO | model.models | [CalculationModel] Job 20251015_125800 receiver RPI1: wav=C:\Pi_loc\LA\RPI1\streaming\RBW6673_20251015_125800.wav gps=C:\Pi_loc\LA\RPI1\gps\GPS_RPI1_20251015_125800_Hydro_6673.txt
2026-05-10 15:25:10 | INFO | model.models | [CalculationModel] Job 20251015_125800 receiver RPI2: wav=C:\Pi_loc\LA\RPI2\streaming\RBW6676_20251015_125800.wav gps=C:\Pi_loc\LA\RPI2\gps\GPS_RPI2_20251015_125800_Hydro_6676.txt
2026-05-10 15:25:10 | INFO | model.models | [CalculationModel] Job 20251015_125800 receiver RPI3: wav=C:\Pi_loc\LA\RPI3\streaming\RBW6675_20251015_125800.wav gps=C:\Pi_loc\LA\RPI3\gps\GPS_RPI3_20251015_125800_Hydro_6675.txt
2026-05-10 15:25:10 | INFO | model.models | [CalculationModel] Job ready: 20251015_125800
2026-05-10 15:25:10 | DEBUG | model.models | [CalculationModel] Stored 20251015_125830 for RPI3/wav: C:\Pi_loc\LA\RPI3\streaming\RBW6675_20251015_125830.wav
2026-05-10 15:25:10 | INFO | model.models | [CalculationModel] Job 20251015_125830 receiver RPI1: wav=C:\Pi_loc\LA\RPI1\streaming\RBW6673_20251015_125830.wav gps=C:\Pi_loc\LA\RPI1\gps\GPS_RPI1_20251015_125830_Hydro_6673.txt
2026-05-10 15:25:10 | INFO | model.models | [CalculationModel] Job 20251015_125830 receiver RPI2: wav=C:\Pi_loc\LA\RPI2\streaming\RBW6676_20251015_125830.wav gps=C:\Pi_loc\LA\RPI2\gps\GPS_RPI2_20251015_125830_Hydro_6676.txt
2026-05-10 15:25:10 | INFO | model.models | [CalculationModel] Job 20251015_125830 receiver RPI3: wav=C:\Pi_loc\LA\RPI3\streaming\RBW6675_20251015_125830.wav gps=C:\Pi_loc\LA\RPI3\gps\GPS_RPI3_20251015_125830_Hydro_6675.txt
2026-05-10 15:25:10 | INFO | model.models | [CalculationModel] Job ready: 20251015_125830
2026-05-10 15:25:10 | DEBUG | model.models | [CalculationModel] Stored 20251015_125900 for RPI3/wav: C:\Pi_loc\LA\RPI3\streaming\RBW6675_20251015_125900.wav
2026-05-10 15:25:10 | INFO | model.models | [CalculationModel] Job 20251015_125900 receiver RPI1: wav=C:\Pi_loc\LA\RPI1\streaming\RBW6673_20251015_125900.wav gps=C:\Pi_loc\LA\RPI1\gps\GPS_RPI1_20251015_125900_Hydro_6673.txt
2026-05-10 15:25:10 | INFO | model.models | [CalculationModel] Job 20251015_125900 receiver RPI2: wav=C:\Pi_loc\LA\RPI2\streaming\RBW6676_20251015_125900.wav gps=C:\Pi_loc\LA\RPI2\gps\GPS_RPI2_20251015_125900_Hydro_6676.txt
2026-05-10 15:25:10 | INFO | model.models | [CalculationModel] Job 20251015_125900 receiver RPI3: wav=C:\Pi_loc\LA\RPI3\streaming\RBW6675_20251015_125900.wav gps=C:\Pi_loc\LA\RPI3\gps\GPS_RPI3_20251015_125900_Hydro_6675.txt
2026-05-10 15:25:10 | INFO | model.models | [CalculationModel] Job ready: 20251015_125900
2026-05-10 15:25:10 | DEBUG | model.models | [CalculationModel] Stored 20251015_125930 for RPI3/wav: C:\Pi_loc\LA\RPI3\streaming\RBW6675_20251015_125930.wav
2026-05-10 15:25:10 | INFO | model.models | [CalculationModel] Job 20251015_125930 receiver RPI1: wav=C:\Pi_loc\LA\RPI1\streaming\RBW6673_20251015_125930.wav gps=C:\Pi_loc\LA\RPI1\gps\GPS_RPI1_20251015_125930_Hydro_6673.txt
2026-05-10 15:25:10 | INFO | model.models | [CalculationModel] Job 20251015_125930 receiver RPI2: wav=C:\Pi_loc\LA\RPI2\streaming\RBW6676_20251015_125930.wav gps=C:\Pi_loc\LA\RPI2\gps\GPS_RPI2_20251015_125930_Hydro_6676.txt
2026-05-10 15:25:10 | INFO | model.models | [CalculationModel] Job 20251015_125930 receiver RPI3: wav=C:\Pi_loc\LA\RPI3\streaming\RBW6675_20251015_125930.wav gps=C:\Pi_loc\LA\RPI3\gps\GPS_RPI3_20251015_125930_Hydro_6675.txt
2026-05-10 15:25:10 | INFO | model.models | [CalculationModel] Job ready: 20251015_125930
2026-05-10 15:25:10 | DEBUG | model.models | [CalculationModel] Stored 20251015_130000 for RPI3/wav: C:\Pi_loc\LA\RPI3\streaming\RBW6675_20251015_130000.wav
2026-05-10 15:25:10 | INFO | model.models | [CalculationModel] Job 20251015_130000 receiver RPI1: wav=C:\Pi_loc\LA\RPI1\streaming\RBW6673_20251015_130000.wav gps=C:\Pi_loc\LA\RPI1\gps\GPS_RPI1_20251015_130000_Hydro_6673.txt
2026-05-10 15:25:10 | INFO | model.models | [CalculationModel] Job 20251015_130000 receiver RPI2: wav=C:\Pi_loc\LA\RPI2\streaming\RBW6676_20251015_130000.wav gps=C:\Pi_loc\LA\RPI2\gps\GPS_RPI2_20251015_130000_Hydro_6676.txt
2026-05-10 15:25:10 | INFO | model.models | [CalculationModel] Job 20251015_130000 receiver RPI3: wav=C:\Pi_loc\LA\RPI3\streaming\RBW6675_20251015_130000.wav gps=C:\Pi_loc\LA\RPI3\gps\GPS_RPI3_20251015_130000_Hydro_6675.txt
2026-05-10 15:25:10 | INFO | model.models | [CalculationModel] Job ready: 20251015_130000
2026-05-10 15:25:10 | DEBUG | model.models | [CalculationModel] Stored 20251015_130030 for RPI3/wav: C:\Pi_loc\LA\RPI3\streaming\RBW6675_20251015_130030.wav
2026-05-10 15:25:10 | INFO | model.models | [CalculationModel] Job 20251015_130030 receiver RPI1: wav=C:\Pi_loc\LA\RPI1\streaming\RBW6673_20251015_130030.wav gps=C:\Pi_loc\LA\RPI1\gps\GPS_RPI1_20251015_130030_Hydro_6673.txt
2026-05-10 15:25:10 | INFO | model.models | [CalculationModel] Job 20251015_130030 receiver RPI2: wav=C:\Pi_loc\LA\RPI2\streaming\RBW6676_20251015_130030.wav gps=C:\Pi_loc\LA\RPI2\gps\GPS_RPI2_20251015_130030_Hydro_6676.txt
2026-05-10 15:25:10 | INFO | model.models | [CalculationModel] Job 20251015_130030 receiver RPI3: wav=C:\Pi_loc\LA\RPI3\streaming\RBW6675_20251015_130030.wav gps=C:\Pi_loc\LA\RPI3\gps\GPS_RPI3_20251015_130030_Hydro_6675.txt
2026-05-10 15:25:10 | INFO | model.models | [CalculationModel] Job ready: 20251015_130030
2026-05-10 15:25:10 | INFO | controller.controllers | [Calc] job_started 20251015_125600
2026-05-10 15:25:10 | INFO | controller.controllers | [LocalFolderReader][RPI3] done
2026-05-10 15:25:10 | DEBUG | torio._extension.utils | Loading FFmpeg6
2026-05-10 15:25:10 | DEBUG | torio._extension.utils | Failed to load FFmpeg6 extension.
Traceback (most recent call last):
  File "C:\Users\stann\miniconda3\envs\Console\Lib\site-packages\torio\_extension\utils.py", line 116, in _find_ffmpeg_extension
    ext = _find_versionsed_ffmpeg_extension(ffmpeg_ver)
          ^^^^^^^^^^^^^^^^^^^^^^^^^^^^^^^^^^^^^^^^^^^^^
  File "C:\Users\stann\miniconda3\envs\Console\Lib\site-packages\torio\_extension\utils.py", line 108, in _find_versionsed_ffmpeg_extension
    _load_lib(lib)
  File "C:\Users\stann\miniconda3\envs\Console\Lib\site-packages\torio\_extension\utils.py", line 94, in _load_lib
    torch.ops.load_library(path)
  File "C:\Users\stann\miniconda3\envs\Console\Lib\site-packages\torch\_ops.py", line 1392, in load_library
    ctypes.CDLL(path)
  File "C:\Users\stann\miniconda3\envs\Console\Lib\ctypes\__init__.py", line 379, in __init__
    self._handle = _dlopen(self._name, mode)
                   ^^^^^^^^^^^^^^^^^^^^^^^^^
FileNotFoundError: Could not find module 'C:\Users\stann\miniconda3\envs\Console\Lib\site-packages\torio\lib\libtorio_ffmpeg6.pyd' (or one of its dependencies). Try using the full path with constructor syntax.
2026-05-10 15:25:10 | DEBUG | torio._extension.utils | Loading FFmpeg5
2026-05-10 15:25:10 | DEBUG | torio._extension.utils | Failed to load FFmpeg5 extension.
Traceback (most recent call last):
  File "C:\Users\stann\miniconda3\envs\Console\Lib\site-packages\torio\_extension\utils.py", line 116, in _find_ffmpeg_extension
    ext = _find_versionsed_ffmpeg_extension(ffmpeg_ver)
          ^^^^^^^^^^^^^^^^^^^^^^^^^^^^^^^^^^^^^^^^^^^^^
  File "C:\Users\stann\miniconda3\envs\Console\Lib\site-packages\torio\_extension\utils.py", line 108, in _find_versionsed_ffmpeg_extension
    _load_lib(lib)
  File "C:\Users\stann\miniconda3\envs\Console\Lib\site-packages\torio\_extension\utils.py", line 94, in _load_lib
    torch.ops.load_library(path)
  File "C:\Users\stann\miniconda3\envs\Console\Lib\site-packages\torch\_ops.py", line 1392, in load_library
    ctypes.CDLL(path)
  File "C:\Users\stann\miniconda3\envs\Console\Lib\ctypes\__init__.py", line 379, in __init__
    self._handle = _dlopen(self._name, mode)
                   ^^^^^^^^^^^^^^^^^^^^^^^^^
FileNotFoundError: Could not find module 'C:\Users\stann\miniconda3\envs\Console\Lib\site-packages\torio\lib\libtorio_ffmpeg5.pyd' (or one of its dependencies). Try using the full path with constructor syntax.
2026-05-10 15:25:10 | DEBUG | torio._extension.utils | Loading FFmpeg4
2026-05-10 15:25:10 | DEBUG | torio._extension.utils | Failed to load FFmpeg4 extension.
Traceback (most recent call last):
  File "C:\Users\stann\miniconda3\envs\Console\Lib\site-packages\torio\_extension\utils.py", line 116, in _find_ffmpeg_extension
    ext = _find_versionsed_ffmpeg_extension(ffmpeg_ver)
          ^^^^^^^^^^^^^^^^^^^^^^^^^^^^^^^^^^^^^^^^^^^^^
  File "C:\Users\stann\miniconda3\envs\Console\Lib\site-packages\torio\_extension\utils.py", line 108, in _find_versionsed_ffmpeg_extension
    _load_lib(lib)
  File "C:\Users\stann\miniconda3\envs\Console\Lib\site-packages\torio\_extension\utils.py", line 94, in _load_lib
    torch.ops.load_library(path)
  File "C:\Users\stann\miniconda3\envs\Console\Lib\site-packages\torch\_ops.py", line 1392, in load_library
    ctypes.CDLL(path)
  File "C:\Users\stann\miniconda3\envs\Console\Lib\ctypes\__init__.py", line 379, in __init__
    self._handle = _dlopen(self._name, mode)
                   ^^^^^^^^^^^^^^^^^^^^^^^^^
FileNotFoundError: Could not find module 'C:\Users\stann\miniconda3\envs\Console\Lib\site-packages\torio\lib\libtorio_ffmpeg4.pyd' (or one of its dependencies). Try using the full path with constructor syntax.
2026-05-10 15:25:10 | DEBUG | torio._extension.utils | Loading FFmpeg
2026-05-10 15:25:10 | DEBUG | torio._extension.utils | Failed to load FFmpeg extension.
Traceback (most recent call last):
  File "C:\Users\stann\miniconda3\envs\Console\Lib\site-packages\torio\_extension\utils.py", line 116, in _find_ffmpeg_extension
    ext = _find_versionsed_ffmpeg_extension(ffmpeg_ver)
          ^^^^^^^^^^^^^^^^^^^^^^^^^^^^^^^^^^^^^^^^^^^^^
  File "C:\Users\stann\miniconda3\envs\Console\Lib\site-packages\torio\_extension\utils.py", line 106, in _find_versionsed_ffmpeg_extension
    raise RuntimeError(f"FFmpeg{version} extension is not available.")
RuntimeError: FFmpeg extension is not available.
2026-05-10 15:25:10 | INFO | calculation.algorithms | [ESTPOSAlgorithm] Starting Est_pos subprocess. run_id=20260510_152510_535555 log=logs\estpos_subprocess\estpos_session_20260510_152442.log
2026-05-10 15:25:14 | INFO | calculation.algorithms | [ESTPOSAlgorithm] Est_pos subprocess finished successfully. run_id=20260510_152510_535555 result_length=2 session_log=logs\estpos_subprocess\estpos_session_20260510_152442.log
2026-05-10 15:25:14 | INFO | calculation.algorithms | [ESTPOSAlgorithm] Starting Est_pos subprocess. run_id=20260510_152514_745504 log=logs\estpos_subprocess\estpos_session_20260510_152442.log
2026-05-10 15:25:18 | INFO | calculation.algorithms | [ESTPOSAlgorithm] Est_pos subprocess finished successfully. run_id=20260510_152514_745504 result_length=20 session_log=logs\estpos_subprocess\estpos_session_20260510_152442.log
2026-05-10 15:25:18 | INFO | controller.controllers | [Calc] job_finished 20251015_125600 in 8.185 s
2026-05-10 15:25:18 | INFO | controller.controllers | [Calc] job_started 20251015_125630
2026-05-10 15:25:18 | INFO | calculation.algorithms | [ESTPOSAlgorithm] Starting Est_pos subprocess. run_id=20260510_152518_623738 log=logs\estpos_subprocess\estpos_session_20260510_152442.log
2026-05-10 15:25:22 | INFO | calculation.algorithms | [ESTPOSAlgorithm] Est_pos subprocess finished successfully. run_id=20260510_152518_623738 result_length=0 session_log=logs\estpos_subprocess\estpos_session_20260510_152442.log
2026-05-10 15:25:22 | INFO | calculation.algorithms | [ESTPOSAlgorithm] Starting Est_pos subprocess. run_id=20260510_152522_653386 log=logs\estpos_subprocess\estpos_session_20260510_152442.log
2026-05-10 15:25:26 | INFO | calculation.algorithms | [ESTPOSAlgorithm] Est_pos subprocess finished successfully. run_id=20260510_152522_653386 result_length=20 session_log=logs\estpos_subprocess\estpos_session_20260510_152442.log
2026-05-10 15:25:26 | INFO | controller.controllers | [Calc] job_finished 20251015_125630 in 7.918 s
2026-05-10 15:25:26 | INFO | controller.controllers | [Calc] job_started 20251015_125700
2026-05-10 15:25:26 | INFO | calculation.algorithms | [ESTPOSAlgorithm] Starting Est_pos subprocess. run_id=20260510_152526_537157 log=logs\estpos_subprocess\estpos_session_20260510_152442.log
2026-05-10 15:25:30 | INFO | calculation.algorithms | [ESTPOSAlgorithm] Est_pos subprocess finished successfully. run_id=20260510_152526_537157 result_length=2 session_log=logs\estpos_subprocess\estpos_session_20260510_152442.log
2026-05-10 15:25:30 | INFO | calculation.algorithms | [ESTPOSAlgorithm] Starting Est_pos subprocess. run_id=20260510_152530_547280 log=logs\estpos_subprocess\estpos_session_20260510_152442.log
2026-05-10 15:25:34 | INFO | calculation.algorithms | [ESTPOSAlgorithm] Est_pos subprocess finished successfully. run_id=20260510_152530_547280 result_length=5 session_log=logs\estpos_subprocess\estpos_session_20260510_152442.log
2026-05-10 15:25:34 | INFO | controller.controllers | [Calc] job_finished 20251015_125700 in 7.919 s
2026-05-10 15:25:34 | INFO | controller.controllers | [Calc] job_started 20251015_125730
2026-05-10 15:25:34 | INFO | calculation.algorithms | [ESTPOSAlgorithm] Starting Est_pos subprocess. run_id=20260510_152534_467080 log=logs\estpos_subprocess\estpos_session_20260510_152442.log
2026-05-10 15:25:38 | INFO | calculation.algorithms | [ESTPOSAlgorithm] Est_pos subprocess finished successfully. run_id=20260510_152534_467080 result_length=0 session_log=logs\estpos_subprocess\estpos_session_20260510_152442.log
2026-05-10 15:25:38 | INFO | calculation.algorithms | [ESTPOSAlgorithm] Starting Est_pos subprocess. run_id=20260510_152538_501993 log=logs\estpos_subprocess\estpos_session_20260510_152442.log
2026-05-10 15:25:42 | INFO | calculation.algorithms | [ESTPOSAlgorithm] Est_pos subprocess finished successfully. run_id=20260510_152538_501993 result_length=7 session_log=logs\estpos_subprocess\estpos_session_20260510_152442.log
2026-05-10 15:25:42 | INFO | controller.controllers | [Calc] job_finished 20251015_125730 in 8.056 s
2026-05-10 15:25:42 | INFO | controller.controllers | [Calc] job_started 20251015_125800
2026-05-10 15:25:42 | INFO | calculation.algorithms | [ESTPOSAlgorithm] Starting Est_pos subprocess. run_id=20260510_152542_520974 log=logs\estpos_subprocess\estpos_session_20260510_152442.log
2026-05-10 15:25:46 | INFO | calculation.algorithms | [ESTPOSAlgorithm] Est_pos subprocess finished successfully. run_id=20260510_152542_520974 result_length=0 session_log=logs\estpos_subprocess\estpos_session_20260510_152442.log
2026-05-10 15:25:46 | INFO | calculation.algorithms | [ESTPOSAlgorithm] Starting Est_pos subprocess. run_id=20260510_152546_650402 log=logs\estpos_subprocess\estpos_session_20260510_152442.log
2026-05-10 15:25:50 | INFO | calculation.algorithms | [ESTPOSAlgorithm] Est_pos subprocess finished successfully. run_id=20260510_152546_650402 result_length=20 session_log=logs\estpos_subprocess\estpos_session_20260510_152442.log
2026-05-10 15:25:50 | INFO | controller.controllers | [Calc] job_finished 20251015_125800 in 8.105 s
2026-05-10 15:25:50 | INFO | controller.controllers | [Calc] job_started 20251015_125830
2026-05-10 15:25:50 | INFO | calculation.algorithms | [ESTPOSAlgorithm] Starting Est_pos subprocess. run_id=20260510_152550_637017 log=logs\estpos_subprocess\estpos_session_20260510_152442.log
2026-05-10 15:25:54 | INFO | calculation.algorithms | [ESTPOSAlgorithm] Est_pos subprocess finished successfully. run_id=20260510_152550_637017 result_length=0 session_log=logs\estpos_subprocess\estpos_session_20260510_152442.log
2026-05-10 15:25:54 | INFO | calculation.algorithms | [ESTPOSAlgorithm] Starting Est_pos subprocess. run_id=20260510_152554_756317 log=logs\estpos_subprocess\estpos_session_20260510_152442.log
2026-05-10 15:25:58 | INFO | calculation.algorithms | [ESTPOSAlgorithm] Est_pos subprocess finished successfully. run_id=20260510_152554_756317 result_length=20 session_log=logs\estpos_subprocess\estpos_session_20260510_152442.log
2026-05-10 15:25:58 | INFO | controller.controllers | [Calc] job_finished 20251015_125830 in 8.059 s
2026-05-10 15:25:58 | INFO | controller.controllers | [Calc] job_started 20251015_125900
2026-05-10 15:25:58 | INFO | calculation.algorithms | [ESTPOSAlgorithm] Starting Est_pos subprocess. run_id=20260510_152558_698329 log=logs\estpos_subprocess\estpos_session_20260510_152442.log
2026-05-10 15:26:02 | INFO | calculation.algorithms | [ESTPOSAlgorithm] Est_pos subprocess finished successfully. run_id=20260510_152558_698329 result_length=0 session_log=logs\estpos_subprocess\estpos_session_20260510_152442.log
2026-05-10 15:26:02 | INFO | calculation.algorithms | [ESTPOSAlgorithm] Starting Est_pos subprocess. run_id=20260510_152602_733362 log=logs\estpos_subprocess\estpos_session_20260510_152442.log
2026-05-10 15:26:06 | INFO | calculation.algorithms | [ESTPOSAlgorithm] Est_pos subprocess finished successfully. run_id=20260510_152602_733362 result_length=20 session_log=logs\estpos_subprocess\estpos_session_20260510_152442.log
2026-05-10 15:26:06 | INFO | controller.controllers | [Calc] job_finished 20251015_125900 in 7.954 s
2026-05-10 15:26:06 | INFO | controller.controllers | [Calc] job_started 20251015_125930
2026-05-10 15:26:06 | INFO | calculation.algorithms | [ESTPOSAlgorithm] Starting Est_pos subprocess. run_id=20260510_152606_655413 log=logs\estpos_subprocess\estpos_session_20260510_152442.log
2026-05-10 15:26:10 | INFO | calculation.algorithms | [ESTPOSAlgorithm] Est_pos subprocess finished successfully. run_id=20260510_152606_655413 result_length=0 session_log=logs\estpos_subprocess\estpos_session_20260510_152442.log
2026-05-10 15:26:10 | INFO | calculation.algorithms | [ESTPOSAlgorithm] Starting Est_pos subprocess. run_id=20260510_152610_680846 log=logs\estpos_subprocess\estpos_session_20260510_152442.log
2026-05-10 15:26:14 | INFO | calculation.algorithms | [ESTPOSAlgorithm] Est_pos subprocess finished successfully. run_id=20260510_152610_680846 result_length=4 session_log=logs\estpos_subprocess\estpos_session_20260510_152442.log
2026-05-10 15:26:14 | INFO | controller.controllers | [Calc] job_finished 20251015_125930 in 7.973 s
2026-05-10 15:26:14 | INFO | controller.controllers | [Calc] job_started 20251015_130000
2026-05-10 15:26:14 | INFO | calculation.algorithms | [ESTPOSAlgorithm] Starting Est_pos subprocess. run_id=20260510_152614_637923 log=logs\estpos_subprocess\estpos_session_20260510_152442.log
2026-05-10 15:26:18 | INFO | calculation.algorithms | [ESTPOSAlgorithm] Est_pos subprocess finished successfully. run_id=20260510_152614_637923 result_length=2 session_log=logs\estpos_subprocess\estpos_session_20260510_152442.log
2026-05-10 15:26:18 | INFO | calculation.algorithms | [ESTPOSAlgorithm] Starting Est_pos subprocess. run_id=20260510_152618_635900 log=logs\estpos_subprocess\estpos_session_20260510_152442.log
2026-05-10 15:26:22 | INFO | calculation.algorithms | [ESTPOSAlgorithm] Est_pos subprocess finished successfully. run_id=20260510_152618_635900 result_length=15 session_log=logs\estpos_subprocess\estpos_session_20260510_152442.log
2026-05-10 15:26:22 | INFO | controller.controllers | [Calc] job_finished 20251015_130000 in 7.910 s
2026-05-10 15:26:22 | INFO | controller.controllers | [Calc] job_started 20251015_130030
2026-05-10 15:26:22 | INFO | calculation.algorithms | [ESTPOSAlgorithm] Starting Est_pos subprocess. run_id=20260510_152622_542884 log=logs\estpos_subprocess\estpos_session_20260510_152442.log
2026-05-10 15:26:26 | INFO | calculation.algorithms | [ESTPOSAlgorithm] Est_pos subprocess finished successfully. run_id=20260510_152622_542884 result_length=2 session_log=logs\estpos_subprocess\estpos_session_20260510_152442.log
2026-05-10 15:26:26 | INFO | calculation.algorithms | [ESTPOSAlgorithm] Starting Est_pos subprocess. run_id=20260510_152626_605486 log=logs\estpos_subprocess\estpos_session_20260510_152442.log
2026-05-10 15:26:30 | INFO | calculation.algorithms | [ESTPOSAlgorithm] Est_pos subprocess finished successfully. run_id=20260510_152626_605486 result_length=16 session_log=logs\estpos_subprocess\estpos_session_20260510_152442.log
2026-05-10 15:26:30 | INFO | controller.controllers | [Calc] job_finished 20251015_130030 in 8.206 s
2026-05-10 15:27:32 | INFO | controller.controllers | [CalculationController] Calculation stopped.
2026-05-10 15:27:37 | INFO | utils.math_worker | [CalculationWorker] Thread started (id=9212)
2026-05-10 15:27:37 | INFO | controller.controllers | [CalculationController] Calculation started.
2026-05-10 15:27:40 | INFO | controller.controllers | [LocalFolderReader][RPI1] emitting 20 files
2026-05-10 15:27:40 | INFO | model.models | [ReceiverModel][RPI1] Position updated from GPS file C:\Pi_loc\LA\RPI1\gps\GPS_RPI1_20251015_125600_Hydro_6673.txt: lon=17.64661092, lat=53.83543181
2026-05-10 15:27:40 | INFO | model.models | [ReceiverModel][RPI1] Position updated from GPS file C:\Pi_loc\LA\RPI1\gps\GPS_RPI1_20251015_125630_Hydro_6673.txt: lon=17.64660981, lat=53.83543111
2026-05-10 15:27:40 | INFO | model.models | [ReceiverModel][RPI1] Position updated from GPS file C:\Pi_loc\LA\RPI1\gps\GPS_RPI1_20251015_125700_Hydro_6673.txt: lon=17.64660792, lat=53.83542941
2026-05-10 15:27:40 | INFO | model.models | [ReceiverModel][RPI1] Position updated from GPS file C:\Pi_loc\LA\RPI1\gps\GPS_RPI1_20251015_125730_Hydro_6673.txt: lon=17.64660146, lat=53.83542462
2026-05-10 15:27:40 | INFO | model.models | [ReceiverModel][RPI1] Position updated from GPS file C:\Pi_loc\LA\RPI1\gps\GPS_RPI1_20251015_125800_Hydro_6673.txt: lon=17.64660020, lat=53.83542179
2026-05-10 15:27:40 | INFO | model.models | [ReceiverModel][RPI1] Position updated from GPS file C:\Pi_loc\LA\RPI1\gps\GPS_RPI1_20251015_125830_Hydro_6673.txt: lon=17.64659532, lat=53.83542196
2026-05-10 15:27:40 | INFO | model.models | [ReceiverModel][RPI1] Position updated from GPS file C:\Pi_loc\LA\RPI1\gps\GPS_RPI1_20251015_125900_Hydro_6673.txt: lon=17.64660826, lat=53.83542789
2026-05-10 15:27:40 | INFO | model.models | [ReceiverModel][RPI1] Position updated from GPS file C:\Pi_loc\LA\RPI1\gps\GPS_RPI1_20251015_125930_Hydro_6673.txt: lon=17.64661526, lat=53.83543357
2026-05-10 15:27:40 | INFO | model.models | [ReceiverModel][RPI1] Position updated from GPS file C:\Pi_loc\LA\RPI1\gps\GPS_RPI1_20251015_130000_Hydro_6673.txt: lon=17.64662061, lat=53.83543888
2026-05-10 15:27:40 | INFO | model.models | [ReceiverModel][RPI1] Position updated from GPS file C:\Pi_loc\LA\RPI1\gps\GPS_RPI1_20251015_130030_Hydro_6673.txt: lon=17.64661533, lat=53.83543360
2026-05-10 15:27:40 | DEBUG | model.models | [CalculationModel] Stored 20251015_125600 for RPI1/gps: C:\Pi_loc\LA\RPI1\gps\GPS_RPI1_20251015_125600_Hydro_6673.txt
2026-05-10 15:27:40 | DEBUG | model.models | [CalculationModel] Stored 20251015_125630 for RPI1/gps: C:\Pi_loc\LA\RPI1\gps\GPS_RPI1_20251015_125630_Hydro_6673.txt
2026-05-10 15:27:40 | DEBUG | model.models | [CalculationModel] Stored 20251015_125700 for RPI1/gps: C:\Pi_loc\LA\RPI1\gps\GPS_RPI1_20251015_125700_Hydro_6673.txt
2026-05-10 15:27:40 | DEBUG | model.models | [CalculationModel] Stored 20251015_125730 for RPI1/gps: C:\Pi_loc\LA\RPI1\gps\GPS_RPI1_20251015_125730_Hydro_6673.txt
2026-05-10 15:27:40 | DEBUG | model.models | [CalculationModel] Stored 20251015_125800 for RPI1/gps: C:\Pi_loc\LA\RPI1\gps\GPS_RPI1_20251015_125800_Hydro_6673.txt
2026-05-10 15:27:40 | DEBUG | model.models | [CalculationModel] Stored 20251015_125830 for RPI1/gps: C:\Pi_loc\LA\RPI1\gps\GPS_RPI1_20251015_125830_Hydro_6673.txt
2026-05-10 15:27:40 | DEBUG | model.models | [CalculationModel] Stored 20251015_125900 for RPI1/gps: C:\Pi_loc\LA\RPI1\gps\GPS_RPI1_20251015_125900_Hydro_6673.txt
2026-05-10 15:27:40 | DEBUG | model.models | [CalculationModel] Stored 20251015_125930 for RPI1/gps: C:\Pi_loc\LA\RPI1\gps\GPS_RPI1_20251015_125930_Hydro_6673.txt
2026-05-10 15:27:40 | DEBUG | model.models | [CalculationModel] Stored 20251015_130000 for RPI1/gps: C:\Pi_loc\LA\RPI1\gps\GPS_RPI1_20251015_130000_Hydro_6673.txt
2026-05-10 15:27:40 | DEBUG | model.models | [CalculationModel] Stored 20251015_130030 for RPI1/gps: C:\Pi_loc\LA\RPI1\gps\GPS_RPI1_20251015_130030_Hydro_6673.txt
2026-05-10 15:27:40 | DEBUG | model.models | [CalculationModel] Stored 20251015_125600 for RPI1/wav: C:\Pi_loc\LA\RPI1\streaming\RBW6673_20251015_125600.wav
2026-05-10 15:27:40 | DEBUG | model.models | [CalculationModel] Stored 20251015_125630 for RPI1/wav: C:\Pi_loc\LA\RPI1\streaming\RBW6673_20251015_125630.wav
2026-05-10 15:27:40 | DEBUG | model.models | [CalculationModel] Stored 20251015_125700 for RPI1/wav: C:\Pi_loc\LA\RPI1\streaming\RBW6673_20251015_125700.wav
2026-05-10 15:27:40 | DEBUG | model.models | [CalculationModel] Stored 20251015_125730 for RPI1/wav: C:\Pi_loc\LA\RPI1\streaming\RBW6673_20251015_125730.wav
2026-05-10 15:27:40 | DEBUG | model.models | [CalculationModel] Stored 20251015_125800 for RPI1/wav: C:\Pi_loc\LA\RPI1\streaming\RBW6673_20251015_125800.wav
2026-05-10 15:27:40 | DEBUG | model.models | [CalculationModel] Stored 20251015_125830 for RPI1/wav: C:\Pi_loc\LA\RPI1\streaming\RBW6673_20251015_125830.wav
2026-05-10 15:27:40 | DEBUG | model.models | [CalculationModel] Stored 20251015_125900 for RPI1/wav: C:\Pi_loc\LA\RPI1\streaming\RBW6673_20251015_125900.wav
2026-05-10 15:27:40 | DEBUG | model.models | [CalculationModel] Stored 20251015_125930 for RPI1/wav: C:\Pi_loc\LA\RPI1\streaming\RBW6673_20251015_125930.wav
2026-05-10 15:27:40 | DEBUG | model.models | [CalculationModel] Stored 20251015_130000 for RPI1/wav: C:\Pi_loc\LA\RPI1\streaming\RBW6673_20251015_130000.wav
2026-05-10 15:27:40 | DEBUG | model.models | [CalculationModel] Stored 20251015_130030 for RPI1/wav: C:\Pi_loc\LA\RPI1\streaming\RBW6673_20251015_130030.wav
2026-05-10 15:27:40 | INFO | controller.controllers | [LocalFolderReader][RPI1] done
2026-05-10 15:27:45 | INFO | controller.controllers | [LocalFolderReader][RPI2] emitting 20 files
2026-05-10 15:27:45 | INFO | model.models | [ReceiverModel][RPI2] Position updated from GPS file C:\Pi_loc\LA\RPI2\gps\GPS_RPI2_20251015_125600_Hydro_6676.txt: lon=17.64617442, lat=53.83506858
2026-05-10 15:27:45 | INFO | model.models | [ReceiverModel][RPI2] Position updated from GPS file C:\Pi_loc\LA\RPI2\gps\GPS_RPI2_20251015_125630_Hydro_6676.txt: lon=17.64617675, lat=53.83507403
2026-05-10 15:27:45 | INFO | model.models | [ReceiverModel][RPI2] Position updated from GPS file C:\Pi_loc\LA\RPI2\gps\GPS_RPI2_20251015_125700_Hydro_6676.txt: lon=17.64617669, lat=53.83507561
2026-05-10 15:27:45 | INFO | model.models | [ReceiverModel][RPI2] Position updated from GPS file C:\Pi_loc\LA\RPI2\gps\GPS_RPI2_20251015_125730_Hydro_6676.txt: lon=17.64617581, lat=53.83507138
2026-05-10 15:27:45 | INFO | model.models | [ReceiverModel][RPI2] Position updated from GPS file C:\Pi_loc\LA\RPI2\gps\GPS_RPI2_20251015_125800_Hydro_6676.txt: lon=17.64617498, lat=53.83507085
2026-05-10 15:27:45 | INFO | model.models | [ReceiverModel][RPI2] Position updated from GPS file C:\Pi_loc\LA\RPI2\gps\GPS_RPI2_20251015_125830_Hydro_6676.txt: lon=17.64617518, lat=53.83507041
2026-05-10 15:27:45 | INFO | model.models | [ReceiverModel][RPI2] Position updated from GPS file C:\Pi_loc\LA\RPI2\gps\GPS_RPI2_20251015_125900_Hydro_6676.txt: lon=17.64617451, lat=53.83506848
2026-05-10 15:27:45 | INFO | model.models | [ReceiverModel][RPI2] Position updated from GPS file C:\Pi_loc\LA\RPI2\gps\GPS_RPI2_20251015_125930_Hydro_6676.txt: lon=17.64617358, lat=53.83506661
2026-05-10 15:27:45 | INFO | model.models | [ReceiverModel][RPI2] Position updated from GPS file C:\Pi_loc\LA\RPI2\gps\GPS_RPI2_20251015_130000_Hydro_6676.txt: lon=17.64617438, lat=53.83506810
2026-05-10 15:27:45 | INFO | model.models | [ReceiverModel][RPI2] Position updated from GPS file C:\Pi_loc\LA\RPI2\gps\GPS_RPI2_20251015_130030_Hydro_6676.txt: lon=17.64617384, lat=53.83506691
2026-05-10 15:27:45 | DEBUG | model.models | [CalculationModel] Stored 20251015_125600 for RPI2/gps: C:\Pi_loc\LA\RPI2\gps\GPS_RPI2_20251015_125600_Hydro_6676.txt
2026-05-10 15:27:45 | DEBUG | model.models | [CalculationModel] Stored 20251015_125630 for RPI2/gps: C:\Pi_loc\LA\RPI2\gps\GPS_RPI2_20251015_125630_Hydro_6676.txt
2026-05-10 15:27:45 | DEBUG | model.models | [CalculationModel] Stored 20251015_125700 for RPI2/gps: C:\Pi_loc\LA\RPI2\gps\GPS_RPI2_20251015_125700_Hydro_6676.txt
2026-05-10 15:27:45 | DEBUG | model.models | [CalculationModel] Stored 20251015_125730 for RPI2/gps: C:\Pi_loc\LA\RPI2\gps\GPS_RPI2_20251015_125730_Hydro_6676.txt
2026-05-10 15:27:45 | DEBUG | model.models | [CalculationModel] Stored 20251015_125800 for RPI2/gps: C:\Pi_loc\LA\RPI2\gps\GPS_RPI2_20251015_125800_Hydro_6676.txt
2026-05-10 15:27:45 | DEBUG | model.models | [CalculationModel] Stored 20251015_125830 for RPI2/gps: C:\Pi_loc\LA\RPI2\gps\GPS_RPI2_20251015_125830_Hydro_6676.txt
2026-05-10 15:27:45 | DEBUG | model.models | [CalculationModel] Stored 20251015_125900 for RPI2/gps: C:\Pi_loc\LA\RPI2\gps\GPS_RPI2_20251015_125900_Hydro_6676.txt
2026-05-10 15:27:45 | DEBUG | model.models | [CalculationModel] Stored 20251015_125930 for RPI2/gps: C:\Pi_loc\LA\RPI2\gps\GPS_RPI2_20251015_125930_Hydro_6676.txt
2026-05-10 15:27:45 | DEBUG | model.models | [CalculationModel] Stored 20251015_130000 for RPI2/gps: C:\Pi_loc\LA\RPI2\gps\GPS_RPI2_20251015_130000_Hydro_6676.txt
2026-05-10 15:27:45 | DEBUG | model.models | [CalculationModel] Stored 20251015_130030 for RPI2/gps: C:\Pi_loc\LA\RPI2\gps\GPS_RPI2_20251015_130030_Hydro_6676.txt
2026-05-10 15:27:45 | DEBUG | model.models | [CalculationModel] Stored 20251015_125600 for RPI2/wav: C:\Pi_loc\LA\RPI2\streaming\RBW6676_20251015_125600.wav
2026-05-10 15:27:45 | DEBUG | model.models | [CalculationModel] Stored 20251015_125630 for RPI2/wav: C:\Pi_loc\LA\RPI2\streaming\RBW6676_20251015_125630.wav
2026-05-10 15:27:45 | DEBUG | model.models | [CalculationModel] Stored 20251015_125700 for RPI2/wav: C:\Pi_loc\LA\RPI2\streaming\RBW6676_20251015_125700.wav
2026-05-10 15:27:45 | DEBUG | model.models | [CalculationModel] Stored 20251015_125730 for RPI2/wav: C:\Pi_loc\LA\RPI2\streaming\RBW6676_20251015_125730.wav
2026-05-10 15:27:45 | DEBUG | model.models | [CalculationModel] Stored 20251015_125800 for RPI2/wav: C:\Pi_loc\LA\RPI2\streaming\RBW6676_20251015_125800.wav
2026-05-10 15:27:45 | DEBUG | model.models | [CalculationModel] Stored 20251015_125830 for RPI2/wav: C:\Pi_loc\LA\RPI2\streaming\RBW6676_20251015_125830.wav
2026-05-10 15:27:45 | DEBUG | model.models | [CalculationModel] Stored 20251015_125900 for RPI2/wav: C:\Pi_loc\LA\RPI2\streaming\RBW6676_20251015_125900.wav
2026-05-10 15:27:45 | DEBUG | model.models | [CalculationModel] Stored 20251015_125930 for RPI2/wav: C:\Pi_loc\LA\RPI2\streaming\RBW6676_20251015_125930.wav
2026-05-10 15:27:45 | DEBUG | model.models | [CalculationModel] Stored 20251015_130000 for RPI2/wav: C:\Pi_loc\LA\RPI2\streaming\RBW6676_20251015_130000.wav
2026-05-10 15:27:45 | DEBUG | model.models | [CalculationModel] Stored 20251015_130030 for RPI2/wav: C:\Pi_loc\LA\RPI2\streaming\RBW6676_20251015_130030.wav
2026-05-10 15:27:45 | INFO | controller.controllers | [LocalFolderReader][RPI2] done
2026-05-10 15:27:49 | INFO | controller.controllers | [LocalFolderReader][RPI3] emitting 20 files
2026-05-10 15:27:49 | INFO | model.models | [ReceiverModel][RPI3] Position updated from GPS file C:\Pi_loc\LA\RPI3\gps\GPS_RPI3_20251015_125600_Hydro_6675.txt: lon=17.64620851, lat=53.83489702
2026-05-10 15:27:49 | INFO | model.models | [ReceiverModel][RPI3] Position updated from GPS file C:\Pi_loc\LA\RPI3\gps\GPS_RPI3_20251015_125630_Hydro_6675.txt: lon=17.64626856, lat=53.83489186
2026-05-10 15:27:49 | INFO | model.models | [ReceiverModel][RPI3] Position updated from GPS file C:\Pi_loc\LA\RPI3\gps\GPS_RPI3_20251015_125700_Hydro_6675.txt: lon=17.64632599, lat=53.83487469
2026-05-10 15:27:49 | INFO | model.models | [ReceiverModel][RPI3] Position updated from GPS file C:\Pi_loc\LA\RPI3\gps\GPS_RPI3_20251015_125730_Hydro_6675.txt: lon=17.64638266, lat=53.83485219
2026-05-10 15:27:49 | INFO | model.models | [ReceiverModel][RPI3] Position updated from GPS file C:\Pi_loc\LA\RPI3\gps\GPS_RPI3_20251015_125800_Hydro_6675.txt: lon=17.64642584, lat=53.83483218
2026-05-10 15:27:49 | INFO | model.models | [ReceiverModel][RPI3] Position updated from GPS file C:\Pi_loc\LA\RPI3\gps\GPS_RPI3_20251015_125830_Hydro_6675.txt: lon=17.64646367, lat=53.83482398
2026-05-10 15:27:49 | INFO | model.models | [ReceiverModel][RPI3] Position updated from GPS file C:\Pi_loc\LA\RPI3\gps\GPS_RPI3_20251015_125900_Hydro_6675.txt: lon=17.64650316, lat=53.83480824
2026-05-10 15:27:49 | INFO | model.models | [ReceiverModel][RPI3] Position updated from GPS file C:\Pi_loc\LA\RPI3\gps\GPS_RPI3_20251015_125930_Hydro_6675.txt: lon=17.64655121, lat=53.83478313
2026-05-10 15:27:49 | INFO | model.models | [ReceiverModel][RPI3] Position updated from GPS file C:\Pi_loc\LA\RPI3\gps\GPS_RPI3_20251015_130000_Hydro_6675.txt: lon=17.64661745, lat=53.83476068
2026-05-10 15:27:49 | INFO | model.models | [ReceiverModel][RPI3] Position updated from GPS file C:\Pi_loc\LA\RPI3\gps\GPS_RPI3_20251015_130030_Hydro_6675.txt: lon=17.64668221, lat=53.83473899
2026-05-10 15:27:49 | DEBUG | model.models | [CalculationModel] Stored 20251015_125600 for RPI3/gps: C:\Pi_loc\LA\RPI3\gps\GPS_RPI3_20251015_125600_Hydro_6675.txt
2026-05-10 15:27:49 | DEBUG | model.models | [CalculationModel] Stored 20251015_125630 for RPI3/gps: C:\Pi_loc\LA\RPI3\gps\GPS_RPI3_20251015_125630_Hydro_6675.txt
2026-05-10 15:27:49 | DEBUG | model.models | [CalculationModel] Stored 20251015_125700 for RPI3/gps: C:\Pi_loc\LA\RPI3\gps\GPS_RPI3_20251015_125700_Hydro_6675.txt
2026-05-10 15:27:49 | DEBUG | model.models | [CalculationModel] Stored 20251015_125730 for RPI3/gps: C:\Pi_loc\LA\RPI3\gps\GPS_RPI3_20251015_125730_Hydro_6675.txt
2026-05-10 15:27:49 | DEBUG | model.models | [CalculationModel] Stored 20251015_125800 for RPI3/gps: C:\Pi_loc\LA\RPI3\gps\GPS_RPI3_20251015_125800_Hydro_6675.txt
2026-05-10 15:27:49 | DEBUG | model.models | [CalculationModel] Stored 20251015_125830 for RPI3/gps: C:\Pi_loc\LA\RPI3\gps\GPS_RPI3_20251015_125830_Hydro_6675.txt
2026-05-10 15:27:49 | DEBUG | model.models | [CalculationModel] Stored 20251015_125900 for RPI3/gps: C:\Pi_loc\LA\RPI3\gps\GPS_RPI3_20251015_125900_Hydro_6675.txt
2026-05-10 15:27:49 | DEBUG | model.models | [CalculationModel] Stored 20251015_125930 for RPI3/gps: C:\Pi_loc\LA\RPI3\gps\GPS_RPI3_20251015_125930_Hydro_6675.txt
2026-05-10 15:27:49 | DEBUG | model.models | [CalculationModel] Stored 20251015_130000 for RPI3/gps: C:\Pi_loc\LA\RPI3\gps\GPS_RPI3_20251015_130000_Hydro_6675.txt
2026-05-10 15:27:49 | DEBUG | model.models | [CalculationModel] Stored 20251015_130030 for RPI3/gps: C:\Pi_loc\LA\RPI3\gps\GPS_RPI3_20251015_130030_Hydro_6675.txt
2026-05-10 15:27:49 | DEBUG | model.models | [CalculationModel] Stored 20251015_125600 for RPI3/wav: C:\Pi_loc\LA\RPI3\streaming\RBW6675_20251015_125600.wav
2026-05-10 15:27:49 | INFO | model.models | [CalculationModel] Job 20251015_125600 receiver RPI1: wav=C:\Pi_loc\LA\RPI1\streaming\RBW6673_20251015_125600.wav gps=C:\Pi_loc\LA\RPI1\gps\GPS_RPI1_20251015_125600_Hydro_6673.txt
2026-05-10 15:27:49 | INFO | model.models | [CalculationModel] Job 20251015_125600 receiver RPI2: wav=C:\Pi_loc\LA\RPI2\streaming\RBW6676_20251015_125600.wav gps=C:\Pi_loc\LA\RPI2\gps\GPS_RPI2_20251015_125600_Hydro_6676.txt
2026-05-10 15:27:49 | INFO | model.models | [CalculationModel] Job 20251015_125600 receiver RPI3: wav=C:\Pi_loc\LA\RPI3\streaming\RBW6675_20251015_125600.wav gps=C:\Pi_loc\LA\RPI3\gps\GPS_RPI3_20251015_125600_Hydro_6675.txt
2026-05-10 15:27:49 | INFO | model.models | [CalculationModel] Job ready: 20251015_125600
2026-05-10 15:27:49 | DEBUG | model.models | [CalculationModel] Stored 20251015_125630 for RPI3/wav: C:\Pi_loc\LA\RPI3\streaming\RBW6675_20251015_125630.wav
2026-05-10 15:27:49 | INFO | model.models | [CalculationModel] Job 20251015_125630 receiver RPI1: wav=C:\Pi_loc\LA\RPI1\streaming\RBW6673_20251015_125630.wav gps=C:\Pi_loc\LA\RPI1\gps\GPS_RPI1_20251015_125630_Hydro_6673.txt
2026-05-10 15:27:49 | INFO | model.models | [CalculationModel] Job 20251015_125630 receiver RPI2: wav=C:\Pi_loc\LA\RPI2\streaming\RBW6676_20251015_125630.wav gps=C:\Pi_loc\LA\RPI2\gps\GPS_RPI2_20251015_125630_Hydro_6676.txt
2026-05-10 15:27:49 | INFO | model.models | [CalculationModel] Job 20251015_125630 receiver RPI3: wav=C:\Pi_loc\LA\RPI3\streaming\RBW6675_20251015_125630.wav gps=C:\Pi_loc\LA\RPI3\gps\GPS_RPI3_20251015_125630_Hydro_6675.txt
2026-05-10 15:27:49 | INFO | model.models | [CalculationModel] Job ready: 20251015_125630
2026-05-10 15:27:49 | DEBUG | model.models | [CalculationModel] Stored 20251015_125700 for RPI3/wav: C:\Pi_loc\LA\RPI3\streaming\RBW6675_20251015_125700.wav
2026-05-10 15:27:49 | INFO | model.models | [CalculationModel] Job 20251015_125700 receiver RPI1: wav=C:\Pi_loc\LA\RPI1\streaming\RBW6673_20251015_125700.wav gps=C:\Pi_loc\LA\RPI1\gps\GPS_RPI1_20251015_125700_Hydro_6673.txt
2026-05-10 15:27:49 | INFO | model.models | [CalculationModel] Job 20251015_125700 receiver RPI2: wav=C:\Pi_loc\LA\RPI2\streaming\RBW6676_20251015_125700.wav gps=C:\Pi_loc\LA\RPI2\gps\GPS_RPI2_20251015_125700_Hydro_6676.txt
2026-05-10 15:27:49 | INFO | model.models | [CalculationModel] Job 20251015_125700 receiver RPI3: wav=C:\Pi_loc\LA\RPI3\streaming\RBW6675_20251015_125700.wav gps=C:\Pi_loc\LA\RPI3\gps\GPS_RPI3_20251015_125700_Hydro_6675.txt
2026-05-10 15:27:49 | INFO | model.models | [CalculationModel] Job ready: 20251015_125700
2026-05-10 15:27:49 | DEBUG | model.models | [CalculationModel] Stored 20251015_125730 for RPI3/wav: C:\Pi_loc\LA\RPI3\streaming\RBW6675_20251015_125730.wav
2026-05-10 15:27:49 | INFO | model.models | [CalculationModel] Job 20251015_125730 receiver RPI1: wav=C:\Pi_loc\LA\RPI1\streaming\RBW6673_20251015_125730.wav gps=C:\Pi_loc\LA\RPI1\gps\GPS_RPI1_20251015_125730_Hydro_6673.txt
2026-05-10 15:27:49 | INFO | model.models | [CalculationModel] Job 20251015_125730 receiver RPI2: wav=C:\Pi_loc\LA\RPI2\streaming\RBW6676_20251015_125730.wav gps=C:\Pi_loc\LA\RPI2\gps\GPS_RPI2_20251015_125730_Hydro_6676.txt
2026-05-10 15:27:49 | INFO | model.models | [CalculationModel] Job 20251015_125730 receiver RPI3: wav=C:\Pi_loc\LA\RPI3\streaming\RBW6675_20251015_125730.wav gps=C:\Pi_loc\LA\RPI3\gps\GPS_RPI3_20251015_125730_Hydro_6675.txt
2026-05-10 15:27:49 | INFO | model.models | [CalculationModel] Job ready: 20251015_125730
2026-05-10 15:27:49 | DEBUG | model.models | [CalculationModel] Stored 20251015_125800 for RPI3/wav: C:\Pi_loc\LA\RPI3\streaming\RBW6675_20251015_125800.wav
2026-05-10 15:27:49 | INFO | model.models | [CalculationModel] Job 20251015_125800 receiver RPI1: wav=C:\Pi_loc\LA\RPI1\streaming\RBW6673_20251015_125800.wav gps=C:\Pi_loc\LA\RPI1\gps\GPS_RPI1_20251015_125800_Hydro_6673.txt
2026-05-10 15:27:49 | INFO | model.models | [CalculationModel] Job 20251015_125800 receiver RPI2: wav=C:\Pi_loc\LA\RPI2\streaming\RBW6676_20251015_125800.wav gps=C:\Pi_loc\LA\RPI2\gps\GPS_RPI2_20251015_125800_Hydro_6676.txt
2026-05-10 15:27:49 | INFO | model.models | [CalculationModel] Job 20251015_125800 receiver RPI3: wav=C:\Pi_loc\LA\RPI3\streaming\RBW6675_20251015_125800.wav gps=C:\Pi_loc\LA\RPI3\gps\GPS_RPI3_20251015_125800_Hydro_6675.txt
2026-05-10 15:27:49 | INFO | model.models | [CalculationModel] Job ready: 20251015_125800
2026-05-10 15:27:49 | DEBUG | model.models | [CalculationModel] Stored 20251015_125830 for RPI3/wav: C:\Pi_loc\LA\RPI3\streaming\RBW6675_20251015_125830.wav
2026-05-10 15:27:49 | INFO | model.models | [CalculationModel] Job 20251015_125830 receiver RPI1: wav=C:\Pi_loc\LA\RPI1\streaming\RBW6673_20251015_125830.wav gps=C:\Pi_loc\LA\RPI1\gps\GPS_RPI1_20251015_125830_Hydro_6673.txt
2026-05-10 15:27:49 | INFO | model.models | [CalculationModel] Job 20251015_125830 receiver RPI2: wav=C:\Pi_loc\LA\RPI2\streaming\RBW6676_20251015_125830.wav gps=C:\Pi_loc\LA\RPI2\gps\GPS_RPI2_20251015_125830_Hydro_6676.txt
2026-05-10 15:27:49 | INFO | model.models | [CalculationModel] Job 20251015_125830 receiver RPI3: wav=C:\Pi_loc\LA\RPI3\streaming\RBW6675_20251015_125830.wav gps=C:\Pi_loc\LA\RPI3\gps\GPS_RPI3_20251015_125830_Hydro_6675.txt
2026-05-10 15:27:49 | INFO | model.models | [CalculationModel] Job ready: 20251015_125830
2026-05-10 15:27:49 | DEBUG | model.models | [CalculationModel] Stored 20251015_125900 for RPI3/wav: C:\Pi_loc\LA\RPI3\streaming\RBW6675_20251015_125900.wav
2026-05-10 15:27:49 | INFO | model.models | [CalculationModel] Job 20251015_125900 receiver RPI1: wav=C:\Pi_loc\LA\RPI1\streaming\RBW6673_20251015_125900.wav gps=C:\Pi_loc\LA\RPI1\gps\GPS_RPI1_20251015_125900_Hydro_6673.txt
2026-05-10 15:27:49 | INFO | model.models | [CalculationModel] Job 20251015_125900 receiver RPI2: wav=C:\Pi_loc\LA\RPI2\streaming\RBW6676_20251015_125900.wav gps=C:\Pi_loc\LA\RPI2\gps\GPS_RPI2_20251015_125900_Hydro_6676.txt
2026-05-10 15:27:49 | INFO | model.models | [CalculationModel] Job 20251015_125900 receiver RPI3: wav=C:\Pi_loc\LA\RPI3\streaming\RBW6675_20251015_125900.wav gps=C:\Pi_loc\LA\RPI3\gps\GPS_RPI3_20251015_125900_Hydro_6675.txt
2026-05-10 15:27:49 | INFO | model.models | [CalculationModel] Job ready: 20251015_125900
2026-05-10 15:27:49 | DEBUG | model.models | [CalculationModel] Stored 20251015_125930 for RPI3/wav: C:\Pi_loc\LA\RPI3\streaming\RBW6675_20251015_125930.wav
2026-05-10 15:27:49 | INFO | model.models | [CalculationModel] Job 20251015_125930 receiver RPI1: wav=C:\Pi_loc\LA\RPI1\streaming\RBW6673_20251015_125930.wav gps=C:\Pi_loc\LA\RPI1\gps\GPS_RPI1_20251015_125930_Hydro_6673.txt
2026-05-10 15:27:49 | INFO | model.models | [CalculationModel] Job 20251015_125930 receiver RPI2: wav=C:\Pi_loc\LA\RPI2\streaming\RBW6676_20251015_125930.wav gps=C:\Pi_loc\LA\RPI2\gps\GPS_RPI2_20251015_125930_Hydro_6676.txt
2026-05-10 15:27:49 | INFO | model.models | [CalculationModel] Job 20251015_125930 receiver RPI3: wav=C:\Pi_loc\LA\RPI3\streaming\RBW6675_20251015_125930.wav gps=C:\Pi_loc\LA\RPI3\gps\GPS_RPI3_20251015_125930_Hydro_6675.txt
2026-05-10 15:27:49 | INFO | model.models | [CalculationModel] Job ready: 20251015_125930
2026-05-10 15:27:49 | DEBUG | model.models | [CalculationModel] Stored 20251015_130000 for RPI3/wav: C:\Pi_loc\LA\RPI3\streaming\RBW6675_20251015_130000.wav
2026-05-10 15:27:49 | INFO | model.models | [CalculationModel] Job 20251015_130000 receiver RPI1: wav=C:\Pi_loc\LA\RPI1\streaming\RBW6673_20251015_130000.wav gps=C:\Pi_loc\LA\RPI1\gps\GPS_RPI1_20251015_130000_Hydro_6673.txt
2026-05-10 15:27:49 | INFO | model.models | [CalculationModel] Job 20251015_130000 receiver RPI2: wav=C:\Pi_loc\LA\RPI2\streaming\RBW6676_20251015_130000.wav gps=C:\Pi_loc\LA\RPI2\gps\GPS_RPI2_20251015_130000_Hydro_6676.txt
2026-05-10 15:27:49 | INFO | model.models | [CalculationModel] Job 20251015_130000 receiver RPI3: wav=C:\Pi_loc\LA\RPI3\streaming\RBW6675_20251015_130000.wav gps=C:\Pi_loc\LA\RPI3\gps\GPS_RPI3_20251015_130000_Hydro_6675.txt
2026-05-10 15:27:49 | INFO | model.models | [CalculationModel] Job ready: 20251015_130000
2026-05-10 15:27:49 | DEBUG | model.models | [CalculationModel] Stored 20251015_130030 for RPI3/wav: C:\Pi_loc\LA\RPI3\streaming\RBW6675_20251015_130030.wav
2026-05-10 15:27:49 | INFO | model.models | [CalculationModel] Job 20251015_130030 receiver RPI1: wav=C:\Pi_loc\LA\RPI1\streaming\RBW6673_20251015_130030.wav gps=C:\Pi_loc\LA\RPI1\gps\GPS_RPI1_20251015_130030_Hydro_6673.txt
2026-05-10 15:27:49 | INFO | model.models | [CalculationModel] Job 20251015_130030 receiver RPI2: wav=C:\Pi_loc\LA\RPI2\streaming\RBW6676_20251015_130030.wav gps=C:\Pi_loc\LA\RPI2\gps\GPS_RPI2_20251015_130030_Hydro_6676.txt
2026-05-10 15:27:49 | INFO | model.models | [CalculationModel] Job 20251015_130030 receiver RPI3: wav=C:\Pi_loc\LA\RPI3\streaming\RBW6675_20251015_130030.wav gps=C:\Pi_loc\LA\RPI3\gps\GPS_RPI3_20251015_130030_Hydro_6675.txt
2026-05-10 15:27:49 | INFO | model.models | [CalculationModel] Job ready: 20251015_130030
2026-05-10 15:27:49 | INFO | controller.controllers | [Calc] job_started 20251015_125600
2026-05-10 15:27:49 | INFO | controller.controllers | [LocalFolderReader][RPI3] done
2026-05-10 15:27:49 | INFO | calculation.algorithms | [ESTPOSAlgorithm] Starting Est_pos subprocess. run_id=20260510_152749_159892 log=logs\estpos_subprocess\estpos_session_20260510_152442.log
2026-05-10 15:27:53 | INFO | calculation.algorithms | [ESTPOSAlgorithm] Est_pos subprocess finished successfully. run_id=20260510_152749_159892 result_length=2 session_log=logs\estpos_subprocess\estpos_session_20260510_152442.log
2026-05-10 15:27:53 | INFO | calculation.algorithms | [ESTPOSAlgorithm] Starting Est_pos subprocess. run_id=20260510_152753_438762 log=logs\estpos_subprocess\estpos_session_20260510_152442.log
2026-05-10 15:27:57 | INFO | calculation.algorithms | [ESTPOSAlgorithm] Est_pos subprocess finished successfully. run_id=20260510_152753_438762 result_length=20 session_log=logs\estpos_subprocess\estpos_session_20260510_152442.log
2026-05-10 15:27:57 | INFO | controller.controllers | [Calc] job_finished 20251015_125600 in 8.245 s
2026-05-10 15:27:57 | INFO | controller.controllers | [Calc] job_started 20251015_125630
2026-05-10 15:27:57 | INFO | calculation.algorithms | [ESTPOSAlgorithm] Starting Est_pos subprocess. run_id=20260510_152757_415924 log=logs\estpos_subprocess\estpos_session_20260510_152442.log
2026-05-10 15:28:01 | INFO | calculation.algorithms | [ESTPOSAlgorithm] Est_pos subprocess finished successfully. run_id=20260510_152757_415924 result_length=0 session_log=logs\estpos_subprocess\estpos_session_20260510_152442.log
2026-05-10 15:28:01 | INFO | calculation.algorithms | [ESTPOSAlgorithm] Starting Est_pos subprocess. run_id=20260510_152801_425020 log=logs\estpos_subprocess\estpos_session_20260510_152442.log
2026-05-10 15:28:05 | INFO | calculation.algorithms | [ESTPOSAlgorithm] Est_pos subprocess finished successfully. run_id=20260510_152801_425020 result_length=20 session_log=logs\estpos_subprocess\estpos_session_20260510_152442.log
2026-05-10 15:28:05 | INFO | controller.controllers | [Calc] job_finished 20251015_125630 in 7.939 s
2026-05-10 15:28:05 | INFO | controller.controllers | [Calc] job_started 20251015_125700
2026-05-10 15:28:05 | INFO | calculation.algorithms | [ESTPOSAlgorithm] Starting Est_pos subprocess. run_id=20260510_152805_357571 log=logs\estpos_subprocess\estpos_session_20260510_152442.log
2026-05-10 15:28:09 | INFO | calculation.algorithms | [ESTPOSAlgorithm] Est_pos subprocess finished successfully. run_id=20260510_152805_357571 result_length=2 session_log=logs\estpos_subprocess\estpos_session_20260510_152442.log
2026-05-10 15:28:09 | INFO | calculation.algorithms | [ESTPOSAlgorithm] Starting Est_pos subprocess. run_id=20260510_152809_362909 log=logs\estpos_subprocess\estpos_session_20260510_152442.log
2026-05-10 15:28:13 | INFO | calculation.algorithms | [ESTPOSAlgorithm] Est_pos subprocess finished successfully. run_id=20260510_152809_362909 result_length=5 session_log=logs\estpos_subprocess\estpos_session_20260510_152442.log
2026-05-10 15:28:13 | INFO | controller.controllers | [Calc] job_finished 20251015_125700 in 7.929 s
2026-05-10 15:28:13 | INFO | controller.controllers | [Calc] job_started 20251015_125730
2026-05-10 15:28:13 | INFO | calculation.algorithms | [ESTPOSAlgorithm] Starting Est_pos subprocess. run_id=20260510_152813_290612 log=logs\estpos_subprocess\estpos_session_20260510_152442.log
2026-05-10 15:28:17 | INFO | calculation.algorithms | [ESTPOSAlgorithm] Est_pos subprocess finished successfully. run_id=20260510_152813_290612 result_length=0 session_log=logs\estpos_subprocess\estpos_session_20260510_152442.log
2026-05-10 15:28:17 | INFO | calculation.algorithms | [ESTPOSAlgorithm] Starting Est_pos subprocess. run_id=20260510_152817_270715 log=logs\estpos_subprocess\estpos_session_20260510_152442.log
2026-05-10 15:28:21 | INFO | calculation.algorithms | [ESTPOSAlgorithm] Est_pos subprocess finished successfully. run_id=20260510_152817_270715 result_length=7 session_log=logs\estpos_subprocess\estpos_session_20260510_152442.log
2026-05-10 15:28:21 | INFO | controller.controllers | [Calc] job_finished 20251015_125730 in 7.903 s
2026-05-10 15:28:21 | INFO | controller.controllers | [Calc] job_started 20251015_125800
2026-05-10 15:28:21 | INFO | calculation.algorithms | [ESTPOSAlgorithm] Starting Est_pos subprocess. run_id=20260510_152821_198442 log=logs\estpos_subprocess\estpos_session_20260510_152442.log
2026-05-10 15:28:25 | INFO | calculation.algorithms | [ESTPOSAlgorithm] Est_pos subprocess finished successfully. run_id=20260510_152821_198442 result_length=0 session_log=logs\estpos_subprocess\estpos_session_20260510_152442.log
2026-05-10 15:28:25 | INFO | calculation.algorithms | [ESTPOSAlgorithm] Starting Est_pos subprocess. run_id=20260510_152825_154065 log=logs\estpos_subprocess\estpos_session_20260510_152442.log
2026-05-10 15:28:29 | INFO | calculation.algorithms | [ESTPOSAlgorithm] Est_pos subprocess finished successfully. run_id=20260510_152825_154065 result_length=20 session_log=logs\estpos_subprocess\estpos_session_20260510_152442.log
2026-05-10 15:28:29 | INFO | controller.controllers | [Calc] job_finished 20251015_125800 in 7.856 s
2026-05-10 15:28:29 | INFO | controller.controllers | [Calc] job_started 20251015_125830
2026-05-10 15:28:29 | INFO | calculation.algorithms | [ESTPOSAlgorithm] Starting Est_pos subprocess. run_id=20260510_152829_054638 log=logs\estpos_subprocess\estpos_session_20260510_152442.log
2026-05-10 15:28:32 | INFO | calculation.algorithms | [ESTPOSAlgorithm] Est_pos subprocess finished successfully. run_id=20260510_152829_054638 result_length=0 session_log=logs\estpos_subprocess\estpos_session_20260510_152442.log
2026-05-10 15:28:33 | INFO | calculation.algorithms | [ESTPOSAlgorithm] Starting Est_pos subprocess. run_id=20260510_152833_085839 log=logs\estpos_subprocess\estpos_session_20260510_152442.log
2026-05-10 15:28:36 | INFO | calculation.algorithms | [ESTPOSAlgorithm] Est_pos subprocess finished successfully. run_id=20260510_152833_085839 result_length=20 session_log=logs\estpos_subprocess\estpos_session_20260510_152442.log
2026-05-10 15:28:36 | INFO | controller.controllers | [Calc] job_finished 20251015_125830 in 7.906 s
2026-05-10 15:28:36 | INFO | controller.controllers | [Calc] job_started 20251015_125900
2026-05-10 15:28:36 | INFO | calculation.algorithms | [ESTPOSAlgorithm] Starting Est_pos subprocess. run_id=20260510_152836_963259 log=logs\estpos_subprocess\estpos_session_20260510_152442.log
2026-05-10 15:28:40 | INFO | calculation.algorithms | [ESTPOSAlgorithm] Est_pos subprocess finished successfully. run_id=20260510_152836_963259 result_length=0 session_log=logs\estpos_subprocess\estpos_session_20260510_152442.log
2026-05-10 15:28:40 | INFO | calculation.algorithms | [ESTPOSAlgorithm] Starting Est_pos subprocess. run_id=20260510_152840_952141 log=logs\estpos_subprocess\estpos_session_20260510_152442.log
2026-05-10 15:28:45 | INFO | calculation.algorithms | [ESTPOSAlgorithm] Est_pos subprocess finished successfully. run_id=20260510_152840_952141 result_length=20 session_log=logs\estpos_subprocess\estpos_session_20260510_152442.log
2026-05-10 15:28:45 | INFO | controller.controllers | [Calc] job_finished 20251015_125900 in 8.089 s
2026-05-10 15:28:45 | INFO | controller.controllers | [Calc] job_started 20251015_125930
2026-05-10 15:28:45 | INFO | calculation.algorithms | [ESTPOSAlgorithm] Starting Est_pos subprocess. run_id=20260510_152845_053305 log=logs\estpos_subprocess\estpos_session_20260510_152442.log
2026-05-10 15:28:48 | INFO | calculation.algorithms | [ESTPOSAlgorithm] Est_pos subprocess finished successfully. run_id=20260510_152845_053305 result_length=0 session_log=logs\estpos_subprocess\estpos_session_20260510_152442.log
2026-05-10 15:28:49 | INFO | calculation.algorithms | [ESTPOSAlgorithm] Starting Est_pos subprocess. run_id=20260510_152849_111490 log=logs\estpos_subprocess\estpos_session_20260510_152442.log
2026-05-10 15:28:53 | INFO | calculation.algorithms | [ESTPOSAlgorithm] Est_pos subprocess finished successfully. run_id=20260510_152849_111490 result_length=4 session_log=logs\estpos_subprocess\estpos_session_20260510_152442.log
2026-05-10 15:28:53 | INFO | controller.controllers | [Calc] job_finished 20251015_125930 in 7.993 s
2026-05-10 15:28:53 | INFO | controller.controllers | [Calc] job_started 20251015_130000
2026-05-10 15:28:53 | INFO | calculation.algorithms | [ESTPOSAlgorithm] Starting Est_pos subprocess. run_id=20260510_152853_044567 log=logs\estpos_subprocess\estpos_session_20260510_152442.log
2026-05-10 15:28:56 | INFO | calculation.algorithms | [ESTPOSAlgorithm] Est_pos subprocess finished successfully. run_id=20260510_152853_044567 result_length=2 session_log=logs\estpos_subprocess\estpos_session_20260510_152442.log
2026-05-10 15:28:57 | INFO | calculation.algorithms | [ESTPOSAlgorithm] Starting Est_pos subprocess. run_id=20260510_152857_050154 log=logs\estpos_subprocess\estpos_session_20260510_152442.log
2026-05-10 15:29:00 | INFO | calculation.algorithms | [ESTPOSAlgorithm] Est_pos subprocess finished successfully. run_id=20260510_152857_050154 result_length=15 session_log=logs\estpos_subprocess\estpos_session_20260510_152442.log
2026-05-10 15:29:00 | INFO | controller.controllers | [Calc] job_finished 20251015_130000 in 7.942 s
2026-05-10 15:29:00 | INFO | controller.controllers | [Calc] job_started 20251015_130030
2026-05-10 15:29:00 | INFO | calculation.algorithms | [ESTPOSAlgorithm] Starting Est_pos subprocess. run_id=20260510_152900_994549 log=logs\estpos_subprocess\estpos_session_20260510_152442.log
2026-05-10 15:29:04 | INFO | calculation.algorithms | [ESTPOSAlgorithm] Est_pos subprocess finished successfully. run_id=20260510_152900_994549 result_length=2 session_log=logs\estpos_subprocess\estpos_session_20260510_152442.log
2026-05-10 15:29:05 | INFO | calculation.algorithms | [ESTPOSAlgorithm] Starting Est_pos subprocess. run_id=20260510_152905_012086 log=logs\estpos_subprocess\estpos_session_20260510_152442.log
2026-05-10 15:29:08 | INFO | calculation.algorithms | [ESTPOSAlgorithm] Est_pos subprocess finished successfully. run_id=20260510_152905_012086 result_length=16 session_log=logs\estpos_subprocess\estpos_session_20260510_152442.log
2026-05-10 15:29:08 | INFO | controller.controllers | [Calc] job_finished 20251015_130030 in 7.939 s
2026-05-10 16:10:34 | INFO | utils.math_worker | [CalculationWorker] Thread started (id=15368)
2026-05-10 16:10:34 | INFO | controller.controllers | [CalculationController] Calculation started.
2026-05-10 16:10:40 | INFO | controller.controllers | [LocalFolderReader][RPI1] emitting 20 files
2026-05-10 16:10:40 | INFO | model.models | [ReceiverModel][RPI1] Position updated from GPS file C:\Pi_loc\LA\RPI1\gps\GPS_RPI1_20251015_125600_Hydro_6673.txt: lon=17.64661092, lat=53.83543181
2026-05-10 16:10:40 | INFO | model.models | [ReceiverModel][RPI1] Position updated from GPS file C:\Pi_loc\LA\RPI1\gps\GPS_RPI1_20251015_125630_Hydro_6673.txt: lon=17.64660981, lat=53.83543111
2026-05-10 16:10:40 | INFO | model.models | [ReceiverModel][RPI1] Position updated from GPS file C:\Pi_loc\LA\RPI1\gps\GPS_RPI1_20251015_125700_Hydro_6673.txt: lon=17.64660792, lat=53.83542941
2026-05-10 16:10:40 | INFO | model.models | [ReceiverModel][RPI1] Position updated from GPS file C:\Pi_loc\LA\RPI1\gps\GPS_RPI1_20251015_125730_Hydro_6673.txt: lon=17.64660146, lat=53.83542462
2026-05-10 16:10:40 | INFO | model.models | [ReceiverModel][RPI1] Position updated from GPS file C:\Pi_loc\LA\RPI1\gps\GPS_RPI1_20251015_125800_Hydro_6673.txt: lon=17.64660020, lat=53.83542179
2026-05-10 16:10:40 | INFO | model.models | [ReceiverModel][RPI1] Position updated from GPS file C:\Pi_loc\LA\RPI1\gps\GPS_RPI1_20251015_125830_Hydro_6673.txt: lon=17.64659532, lat=53.83542196
2026-05-10 16:10:40 | INFO | model.models | [ReceiverModel][RPI1] Position updated from GPS file C:\Pi_loc\LA\RPI1\gps\GPS_RPI1_20251015_125900_Hydro_6673.txt: lon=17.64660826, lat=53.83542789
2026-05-10 16:10:40 | INFO | model.models | [ReceiverModel][RPI1] Position updated from GPS file C:\Pi_loc\LA\RPI1\gps\GPS_RPI1_20251015_125930_Hydro_6673.txt: lon=17.64661526, lat=53.83543357
2026-05-10 16:10:40 | INFO | model.models | [ReceiverModel][RPI1] Position updated from GPS file C:\Pi_loc\LA\RPI1\gps\GPS_RPI1_20251015_130000_Hydro_6673.txt: lon=17.64662061, lat=53.83543888
2026-05-10 16:10:40 | INFO | model.models | [ReceiverModel][RPI1] Position updated from GPS file C:\Pi_loc\LA\RPI1\gps\GPS_RPI1_20251015_130030_Hydro_6673.txt: lon=17.64661533, lat=53.83543360
2026-05-10 16:10:40 | DEBUG | model.models | [CalculationModel] Stored 20251015_125600 for RPI1/gps: C:\Pi_loc\LA\RPI1\gps\GPS_RPI1_20251015_125600_Hydro_6673.txt
2026-05-10 16:10:40 | DEBUG | model.models | [CalculationModel] Stored 20251015_125630 for RPI1/gps: C:\Pi_loc\LA\RPI1\gps\GPS_RPI1_20251015_125630_Hydro_6673.txt
2026-05-10 16:10:40 | DEBUG | model.models | [CalculationModel] Stored 20251015_125700 for RPI1/gps: C:\Pi_loc\LA\RPI1\gps\GPS_RPI1_20251015_125700_Hydro_6673.txt
2026-05-10 16:10:40 | DEBUG | model.models | [CalculationModel] Stored 20251015_125730 for RPI1/gps: C:\Pi_loc\LA\RPI1\gps\GPS_RPI1_20251015_125730_Hydro_6673.txt
2026-05-10 16:10:40 | DEBUG | model.models | [CalculationModel] Stored 20251015_125800 for RPI1/gps: C:\Pi_loc\LA\RPI1\gps\GPS_RPI1_20251015_125800_Hydro_6673.txt
2026-05-10 16:10:40 | DEBUG | model.models | [CalculationModel] Stored 20251015_125830 for RPI1/gps: C:\Pi_loc\LA\RPI1\gps\GPS_RPI1_20251015_125830_Hydro_6673.txt
2026-05-10 16:10:40 | DEBUG | model.models | [CalculationModel] Stored 20251015_125900 for RPI1/gps: C:\Pi_loc\LA\RPI1\gps\GPS_RPI1_20251015_125900_Hydro_6673.txt
2026-05-10 16:10:40 | DEBUG | model.models | [CalculationModel] Stored 20251015_125930 for RPI1/gps: C:\Pi_loc\LA\RPI1\gps\GPS_RPI1_20251015_125930_Hydro_6673.txt
2026-05-10 16:10:40 | DEBUG | model.models | [CalculationModel] Stored 20251015_130000 for RPI1/gps: C:\Pi_loc\LA\RPI1\gps\GPS_RPI1_20251015_130000_Hydro_6673.txt
2026-05-10 16:10:40 | DEBUG | model.models | [CalculationModel] Stored 20251015_130030 for RPI1/gps: C:\Pi_loc\LA\RPI1\gps\GPS_RPI1_20251015_130030_Hydro_6673.txt
2026-05-10 16:10:40 | DEBUG | model.models | [CalculationModel] Stored 20251015_125600 for RPI1/wav: C:\Pi_loc\LA\RPI1\streaming\RBW6673_20251015_125600.wav
2026-05-10 16:10:40 | DEBUG | model.models | [CalculationModel] Stored 20251015_125630 for RPI1/wav: C:\Pi_loc\LA\RPI1\streaming\RBW6673_20251015_125630.wav
2026-05-10 16:10:40 | DEBUG | model.models | [CalculationModel] Stored 20251015_125700 for RPI1/wav: C:\Pi_loc\LA\RPI1\streaming\RBW6673_20251015_125700.wav
2026-05-10 16:10:40 | DEBUG | model.models | [CalculationModel] Stored 20251015_125730 for RPI1/wav: C:\Pi_loc\LA\RPI1\streaming\RBW6673_20251015_125730.wav
2026-05-10 16:10:40 | DEBUG | model.models | [CalculationModel] Stored 20251015_125800 for RPI1/wav: C:\Pi_loc\LA\RPI1\streaming\RBW6673_20251015_125800.wav
2026-05-10 16:10:40 | DEBUG | model.models | [CalculationModel] Stored 20251015_125830 for RPI1/wav: C:\Pi_loc\LA\RPI1\streaming\RBW6673_20251015_125830.wav
2026-05-10 16:10:40 | DEBUG | model.models | [CalculationModel] Stored 20251015_125900 for RPI1/wav: C:\Pi_loc\LA\RPI1\streaming\RBW6673_20251015_125900.wav
2026-05-10 16:10:40 | DEBUG | model.models | [CalculationModel] Stored 20251015_125930 for RPI1/wav: C:\Pi_loc\LA\RPI1\streaming\RBW6673_20251015_125930.wav
2026-05-10 16:10:40 | DEBUG | model.models | [CalculationModel] Stored 20251015_130000 for RPI1/wav: C:\Pi_loc\LA\RPI1\streaming\RBW6673_20251015_130000.wav
2026-05-10 16:10:40 | DEBUG | model.models | [CalculationModel] Stored 20251015_130030 for RPI1/wav: C:\Pi_loc\LA\RPI1\streaming\RBW6673_20251015_130030.wav
2026-05-10 16:10:40 | INFO | controller.controllers | [LocalFolderReader][RPI1] done
2026-05-10 16:10:44 | INFO | controller.controllers | [LocalFolderReader][RPI2] emitting 20 files
2026-05-10 16:10:44 | INFO | model.models | [ReceiverModel][RPI2] Position updated from GPS file C:\Pi_loc\LA\RPI2\gps\GPS_RPI2_20251015_125600_Hydro_6676.txt: lon=17.64617442, lat=53.83506858
2026-05-10 16:10:44 | INFO | model.models | [ReceiverModel][RPI2] Position updated from GPS file C:\Pi_loc\LA\RPI2\gps\GPS_RPI2_20251015_125630_Hydro_6676.txt: lon=17.64617675, lat=53.83507403
2026-05-10 16:10:44 | INFO | model.models | [ReceiverModel][RPI2] Position updated from GPS file C:\Pi_loc\LA\RPI2\gps\GPS_RPI2_20251015_125700_Hydro_6676.txt: lon=17.64617669, lat=53.83507561
2026-05-10 16:10:44 | INFO | model.models | [ReceiverModel][RPI2] Position updated from GPS file C:\Pi_loc\LA\RPI2\gps\GPS_RPI2_20251015_125730_Hydro_6676.txt: lon=17.64617581, lat=53.83507138
2026-05-10 16:10:44 | INFO | model.models | [ReceiverModel][RPI2] Position updated from GPS file C:\Pi_loc\LA\RPI2\gps\GPS_RPI2_20251015_125800_Hydro_6676.txt: lon=17.64617498, lat=53.83507085
2026-05-10 16:10:44 | INFO | model.models | [ReceiverModel][RPI2] Position updated from GPS file C:\Pi_loc\LA\RPI2\gps\GPS_RPI2_20251015_125830_Hydro_6676.txt: lon=17.64617518, lat=53.83507041
2026-05-10 16:10:44 | INFO | model.models | [ReceiverModel][RPI2] Position updated from GPS file C:\Pi_loc\LA\RPI2\gps\GPS_RPI2_20251015_125900_Hydro_6676.txt: lon=17.64617451, lat=53.83506848
2026-05-10 16:10:44 | INFO | model.models | [ReceiverModel][RPI2] Position updated from GPS file C:\Pi_loc\LA\RPI2\gps\GPS_RPI2_20251015_125930_Hydro_6676.txt: lon=17.64617358, lat=53.83506661
2026-05-10 16:10:44 | INFO | model.models | [ReceiverModel][RPI2] Position updated from GPS file C:\Pi_loc\LA\RPI2\gps\GPS_RPI2_20251015_130000_Hydro_6676.txt: lon=17.64617438, lat=53.83506810
2026-05-10 16:10:44 | INFO | model.models | [ReceiverModel][RPI2] Position updated from GPS file C:\Pi_loc\LA\RPI2\gps\GPS_RPI2_20251015_130030_Hydro_6676.txt: lon=17.64617384, lat=53.83506691
2026-05-10 16:10:44 | DEBUG | model.models | [CalculationModel] Stored 20251015_125600 for RPI2/gps: C:\Pi_loc\LA\RPI2\gps\GPS_RPI2_20251015_125600_Hydro_6676.txt
2026-05-10 16:10:44 | DEBUG | model.models | [CalculationModel] Stored 20251015_125630 for RPI2/gps: C:\Pi_loc\LA\RPI2\gps\GPS_RPI2_20251015_125630_Hydro_6676.txt
2026-05-10 16:10:44 | DEBUG | model.models | [CalculationModel] Stored 20251015_125700 for RPI2/gps: C:\Pi_loc\LA\RPI2\gps\GPS_RPI2_20251015_125700_Hydro_6676.txt
2026-05-10 16:10:44 | DEBUG | model.models | [CalculationModel] Stored 20251015_125730 for RPI2/gps: C:\Pi_loc\LA\RPI2\gps\GPS_RPI2_20251015_125730_Hydro_6676.txt
2026-05-10 16:10:44 | DEBUG | model.models | [CalculationModel] Stored 20251015_125800 for RPI2/gps: C:\Pi_loc\LA\RPI2\gps\GPS_RPI2_20251015_125800_Hydro_6676.txt
2026-05-10 16:10:44 | DEBUG | model.models | [CalculationModel] Stored 20251015_125830 for RPI2/gps: C:\Pi_loc\LA\RPI2\gps\GPS_RPI2_20251015_125830_Hydro_6676.txt
2026-05-10 16:10:44 | DEBUG | model.models | [CalculationModel] Stored 20251015_125900 for RPI2/gps: C:\Pi_loc\LA\RPI2\gps\GPS_RPI2_20251015_125900_Hydro_6676.txt
2026-05-10 16:10:44 | DEBUG | model.models | [CalculationModel] Stored 20251015_125930 for RPI2/gps: C:\Pi_loc\LA\RPI2\gps\GPS_RPI2_20251015_125930_Hydro_6676.txt
2026-05-10 16:10:44 | DEBUG | model.models | [CalculationModel] Stored 20251015_130000 for RPI2/gps: C:\Pi_loc\LA\RPI2\gps\GPS_RPI2_20251015_130000_Hydro_6676.txt
2026-05-10 16:10:44 | DEBUG | model.models | [CalculationModel] Stored 20251015_130030 for RPI2/gps: C:\Pi_loc\LA\RPI2\gps\GPS_RPI2_20251015_130030_Hydro_6676.txt
2026-05-10 16:10:44 | DEBUG | model.models | [CalculationModel] Stored 20251015_125600 for RPI2/wav: C:\Pi_loc\LA\RPI2\streaming\RBW6676_20251015_125600.wav
2026-05-10 16:10:44 | DEBUG | model.models | [CalculationModel] Stored 20251015_125630 for RPI2/wav: C:\Pi_loc\LA\RPI2\streaming\RBW6676_20251015_125630.wav
2026-05-10 16:10:44 | DEBUG | model.models | [CalculationModel] Stored 20251015_125700 for RPI2/wav: C:\Pi_loc\LA\RPI2\streaming\RBW6676_20251015_125700.wav
2026-05-10 16:10:44 | DEBUG | model.models | [CalculationModel] Stored 20251015_125730 for RPI2/wav: C:\Pi_loc\LA\RPI2\streaming\RBW6676_20251015_125730.wav
2026-05-10 16:10:44 | DEBUG | model.models | [CalculationModel] Stored 20251015_125800 for RPI2/wav: C:\Pi_loc\LA\RPI2\streaming\RBW6676_20251015_125800.wav
2026-05-10 16:10:44 | DEBUG | model.models | [CalculationModel] Stored 20251015_125830 for RPI2/wav: C:\Pi_loc\LA\RPI2\streaming\RBW6676_20251015_125830.wav
2026-05-10 16:10:44 | DEBUG | model.models | [CalculationModel] Stored 20251015_125900 for RPI2/wav: C:\Pi_loc\LA\RPI2\streaming\RBW6676_20251015_125900.wav
2026-05-10 16:10:44 | DEBUG | model.models | [CalculationModel] Stored 20251015_125930 for RPI2/wav: C:\Pi_loc\LA\RPI2\streaming\RBW6676_20251015_125930.wav
2026-05-10 16:10:44 | DEBUG | model.models | [CalculationModel] Stored 20251015_130000 for RPI2/wav: C:\Pi_loc\LA\RPI2\streaming\RBW6676_20251015_130000.wav
2026-05-10 16:10:44 | DEBUG | model.models | [CalculationModel] Stored 20251015_130030 for RPI2/wav: C:\Pi_loc\LA\RPI2\streaming\RBW6676_20251015_130030.wav
2026-05-10 16:10:44 | INFO | controller.controllers | [LocalFolderReader][RPI2] done
2026-05-10 16:10:50 | INFO | controller.controllers | [LocalFolderReader][RPI3] emitting 20 files
2026-05-10 16:10:50 | INFO | model.models | [ReceiverModel][RPI3] Position updated from GPS file C:\Pi_loc\LA\RPI3\gps\GPS_RPI3_20251015_125600_Hydro_6675.txt: lon=17.64620851, lat=53.83489702
2026-05-10 16:10:50 | INFO | model.models | [ReceiverModel][RPI3] Position updated from GPS file C:\Pi_loc\LA\RPI3\gps\GPS_RPI3_20251015_125630_Hydro_6675.txt: lon=17.64626856, lat=53.83489186
2026-05-10 16:10:50 | INFO | model.models | [ReceiverModel][RPI3] Position updated from GPS file C:\Pi_loc\LA\RPI3\gps\GPS_RPI3_20251015_125700_Hydro_6675.txt: lon=17.64632599, lat=53.83487469
2026-05-10 16:10:50 | INFO | model.models | [ReceiverModel][RPI3] Position updated from GPS file C:\Pi_loc\LA\RPI3\gps\GPS_RPI3_20251015_125730_Hydro_6675.txt: lon=17.64638266, lat=53.83485219
2026-05-10 16:10:50 | INFO | model.models | [ReceiverModel][RPI3] Position updated from GPS file C:\Pi_loc\LA\RPI3\gps\GPS_RPI3_20251015_125800_Hydro_6675.txt: lon=17.64642584, lat=53.83483218
2026-05-10 16:10:50 | INFO | model.models | [ReceiverModel][RPI3] Position updated from GPS file C:\Pi_loc\LA\RPI3\gps\GPS_RPI3_20251015_125830_Hydro_6675.txt: lon=17.64646367, lat=53.83482398
2026-05-10 16:10:50 | INFO | model.models | [ReceiverModel][RPI3] Position updated from GPS file C:\Pi_loc\LA\RPI3\gps\GPS_RPI3_20251015_125900_Hydro_6675.txt: lon=17.64650316, lat=53.83480824
2026-05-10 16:10:50 | INFO | model.models | [ReceiverModel][RPI3] Position updated from GPS file C:\Pi_loc\LA\RPI3\gps\GPS_RPI3_20251015_125930_Hydro_6675.txt: lon=17.64655121, lat=53.83478313
2026-05-10 16:10:50 | INFO | model.models | [ReceiverModel][RPI3] Position updated from GPS file C:\Pi_loc\LA\RPI3\gps\GPS_RPI3_20251015_130000_Hydro_6675.txt: lon=17.64661745, lat=53.83476068
2026-05-10 16:10:50 | INFO | model.models | [ReceiverModel][RPI3] Position updated from GPS file C:\Pi_loc\LA\RPI3\gps\GPS_RPI3_20251015_130030_Hydro_6675.txt: lon=17.64668221, lat=53.83473899
2026-05-10 16:10:50 | DEBUG | model.models | [CalculationModel] Stored 20251015_125600 for RPI3/gps: C:\Pi_loc\LA\RPI3\gps\GPS_RPI3_20251015_125600_Hydro_6675.txt
2026-05-10 16:10:50 | DEBUG | model.models | [CalculationModel] Stored 20251015_125630 for RPI3/gps: C:\Pi_loc\LA\RPI3\gps\GPS_RPI3_20251015_125630_Hydro_6675.txt
2026-05-10 16:10:50 | DEBUG | model.models | [CalculationModel] Stored 20251015_125700 for RPI3/gps: C:\Pi_loc\LA\RPI3\gps\GPS_RPI3_20251015_125700_Hydro_6675.txt
2026-05-10 16:10:50 | DEBUG | model.models | [CalculationModel] Stored 20251015_125730 for RPI3/gps: C:\Pi_loc\LA\RPI3\gps\GPS_RPI3_20251015_125730_Hydro_6675.txt
2026-05-10 16:10:50 | DEBUG | model.models | [CalculationModel] Stored 20251015_125800 for RPI3/gps: C:\Pi_loc\LA\RPI3\gps\GPS_RPI3_20251015_125800_Hydro_6675.txt
2026-05-10 16:10:50 | DEBUG | model.models | [CalculationModel] Stored 20251015_125830 for RPI3/gps: C:\Pi_loc\LA\RPI3\gps\GPS_RPI3_20251015_125830_Hydro_6675.txt
2026-05-10 16:10:50 | DEBUG | model.models | [CalculationModel] Stored 20251015_125900 for RPI3/gps: C:\Pi_loc\LA\RPI3\gps\GPS_RPI3_20251015_125900_Hydro_6675.txt
2026-05-10 16:10:50 | DEBUG | model.models | [CalculationModel] Stored 20251015_125930 for RPI3/gps: C:\Pi_loc\LA\RPI3\gps\GPS_RPI3_20251015_125930_Hydro_6675.txt
2026-05-10 16:10:50 | DEBUG | model.models | [CalculationModel] Stored 20251015_130000 for RPI3/gps: C:\Pi_loc\LA\RPI3\gps\GPS_RPI3_20251015_130000_Hydro_6675.txt
2026-05-10 16:10:50 | DEBUG | model.models | [CalculationModel] Stored 20251015_130030 for RPI3/gps: C:\Pi_loc\LA\RPI3\gps\GPS_RPI3_20251015_130030_Hydro_6675.txt
2026-05-10 16:10:50 | DEBUG | model.models | [CalculationModel] Stored 20251015_125600 for RPI3/wav: C:\Pi_loc\LA\RPI3\streaming\RBW6675_20251015_125600.wav
2026-05-10 16:10:50 | INFO | model.models | [CalculationModel] Job 20251015_125600 receiver RPI1: wav=C:\Pi_loc\LA\RPI1\streaming\RBW6673_20251015_125600.wav gps=C:\Pi_loc\LA\RPI1\gps\GPS_RPI1_20251015_125600_Hydro_6673.txt
2026-05-10 16:10:50 | INFO | model.models | [CalculationModel] Job 20251015_125600 receiver RPI2: wav=C:\Pi_loc\LA\RPI2\streaming\RBW6676_20251015_125600.wav gps=C:\Pi_loc\LA\RPI2\gps\GPS_RPI2_20251015_125600_Hydro_6676.txt
2026-05-10 16:10:50 | INFO | model.models | [CalculationModel] Job 20251015_125600 receiver RPI3: wav=C:\Pi_loc\LA\RPI3\streaming\RBW6675_20251015_125600.wav gps=C:\Pi_loc\LA\RPI3\gps\GPS_RPI3_20251015_125600_Hydro_6675.txt
2026-05-10 16:10:50 | INFO | model.models | [CalculationModel] Job ready: 20251015_125600
2026-05-10 16:10:50 | DEBUG | model.models | [CalculationModel] Stored 20251015_125630 for RPI3/wav: C:\Pi_loc\LA\RPI3\streaming\RBW6675_20251015_125630.wav
2026-05-10 16:10:50 | INFO | model.models | [CalculationModel] Job 20251015_125630 receiver RPI1: wav=C:\Pi_loc\LA\RPI1\streaming\RBW6673_20251015_125630.wav gps=C:\Pi_loc\LA\RPI1\gps\GPS_RPI1_20251015_125630_Hydro_6673.txt
2026-05-10 16:10:50 | INFO | model.models | [CalculationModel] Job 20251015_125630 receiver RPI2: wav=C:\Pi_loc\LA\RPI2\streaming\RBW6676_20251015_125630.wav gps=C:\Pi_loc\LA\RPI2\gps\GPS_RPI2_20251015_125630_Hydro_6676.txt
2026-05-10 16:10:50 | INFO | model.models | [CalculationModel] Job 20251015_125630 receiver RPI3: wav=C:\Pi_loc\LA\RPI3\streaming\RBW6675_20251015_125630.wav gps=C:\Pi_loc\LA\RPI3\gps\GPS_RPI3_20251015_125630_Hydro_6675.txt
2026-05-10 16:10:50 | INFO | model.models | [CalculationModel] Job ready: 20251015_125630
2026-05-10 16:10:50 | DEBUG | model.models | [CalculationModel] Stored 20251015_125700 for RPI3/wav: C:\Pi_loc\LA\RPI3\streaming\RBW6675_20251015_125700.wav
2026-05-10 16:10:50 | INFO | model.models | [CalculationModel] Job 20251015_125700 receiver RPI1: wav=C:\Pi_loc\LA\RPI1\streaming\RBW6673_20251015_125700.wav gps=C:\Pi_loc\LA\RPI1\gps\GPS_RPI1_20251015_125700_Hydro_6673.txt
2026-05-10 16:10:50 | INFO | model.models | [CalculationModel] Job 20251015_125700 receiver RPI2: wav=C:\Pi_loc\LA\RPI2\streaming\RBW6676_20251015_125700.wav gps=C:\Pi_loc\LA\RPI2\gps\GPS_RPI2_20251015_125700_Hydro_6676.txt
2026-05-10 16:10:50 | INFO | model.models | [CalculationModel] Job 20251015_125700 receiver RPI3: wav=C:\Pi_loc\LA\RPI3\streaming\RBW6675_20251015_125700.wav gps=C:\Pi_loc\LA\RPI3\gps\GPS_RPI3_20251015_125700_Hydro_6675.txt
2026-05-10 16:10:50 | INFO | model.models | [CalculationModel] Job ready: 20251015_125700
2026-05-10 16:10:50 | DEBUG | model.models | [CalculationModel] Stored 20251015_125730 for RPI3/wav: C:\Pi_loc\LA\RPI3\streaming\RBW6675_20251015_125730.wav
2026-05-10 16:10:50 | INFO | model.models | [CalculationModel] Job 20251015_125730 receiver RPI1: wav=C:\Pi_loc\LA\RPI1\streaming\RBW6673_20251015_125730.wav gps=C:\Pi_loc\LA\RPI1\gps\GPS_RPI1_20251015_125730_Hydro_6673.txt
2026-05-10 16:10:50 | INFO | model.models | [CalculationModel] Job 20251015_125730 receiver RPI2: wav=C:\Pi_loc\LA\RPI2\streaming\RBW6676_20251015_125730.wav gps=C:\Pi_loc\LA\RPI2\gps\GPS_RPI2_20251015_125730_Hydro_6676.txt
2026-05-10 16:10:50 | INFO | model.models | [CalculationModel] Job 20251015_125730 receiver RPI3: wav=C:\Pi_loc\LA\RPI3\streaming\RBW6675_20251015_125730.wav gps=C:\Pi_loc\LA\RPI3\gps\GPS_RPI3_20251015_125730_Hydro_6675.txt
2026-05-10 16:10:50 | INFO | model.models | [CalculationModel] Job ready: 20251015_125730
2026-05-10 16:10:50 | DEBUG | model.models | [CalculationModel] Stored 20251015_125800 for RPI3/wav: C:\Pi_loc\LA\RPI3\streaming\RBW6675_20251015_125800.wav
2026-05-10 16:10:50 | INFO | model.models | [CalculationModel] Job 20251015_125800 receiver RPI1: wav=C:\Pi_loc\LA\RPI1\streaming\RBW6673_20251015_125800.wav gps=C:\Pi_loc\LA\RPI1\gps\GPS_RPI1_20251015_125800_Hydro_6673.txt
2026-05-10 16:10:50 | INFO | model.models | [CalculationModel] Job 20251015_125800 receiver RPI2: wav=C:\Pi_loc\LA\RPI2\streaming\RBW6676_20251015_125800.wav gps=C:\Pi_loc\LA\RPI2\gps\GPS_RPI2_20251015_125800_Hydro_6676.txt
2026-05-10 16:10:50 | INFO | model.models | [CalculationModel] Job 20251015_125800 receiver RPI3: wav=C:\Pi_loc\LA\RPI3\streaming\RBW6675_20251015_125800.wav gps=C:\Pi_loc\LA\RPI3\gps\GPS_RPI3_20251015_125800_Hydro_6675.txt
2026-05-10 16:10:50 | INFO | model.models | [CalculationModel] Job ready: 20251015_125800
2026-05-10 16:10:50 | DEBUG | model.models | [CalculationModel] Stored 20251015_125830 for RPI3/wav: C:\Pi_loc\LA\RPI3\streaming\RBW6675_20251015_125830.wav
2026-05-10 16:10:50 | INFO | model.models | [CalculationModel] Job 20251015_125830 receiver RPI1: wav=C:\Pi_loc\LA\RPI1\streaming\RBW6673_20251015_125830.wav gps=C:\Pi_loc\LA\RPI1\gps\GPS_RPI1_20251015_125830_Hydro_6673.txt
2026-05-10 16:10:50 | INFO | model.models | [CalculationModel] Job 20251015_125830 receiver RPI2: wav=C:\Pi_loc\LA\RPI2\streaming\RBW6676_20251015_125830.wav gps=C:\Pi_loc\LA\RPI2\gps\GPS_RPI2_20251015_125830_Hydro_6676.txt
2026-05-10 16:10:50 | INFO | model.models | [CalculationModel] Job 20251015_125830 receiver RPI3: wav=C:\Pi_loc\LA\RPI3\streaming\RBW6675_20251015_125830.wav gps=C:\Pi_loc\LA\RPI3\gps\GPS_RPI3_20251015_125830_Hydro_6675.txt
2026-05-10 16:10:50 | INFO | model.models | [CalculationModel] Job ready: 20251015_125830
2026-05-10 16:10:50 | DEBUG | model.models | [CalculationModel] Stored 20251015_125900 for RPI3/wav: C:\Pi_loc\LA\RPI3\streaming\RBW6675_20251015_125900.wav
2026-05-10 16:10:50 | INFO | model.models | [CalculationModel] Job 20251015_125900 receiver RPI1: wav=C:\Pi_loc\LA\RPI1\streaming\RBW6673_20251015_125900.wav gps=C:\Pi_loc\LA\RPI1\gps\GPS_RPI1_20251015_125900_Hydro_6673.txt
2026-05-10 16:10:50 | INFO | model.models | [CalculationModel] Job 20251015_125900 receiver RPI2: wav=C:\Pi_loc\LA\RPI2\streaming\RBW6676_20251015_125900.wav gps=C:\Pi_loc\LA\RPI2\gps\GPS_RPI2_20251015_125900_Hydro_6676.txt
2026-05-10 16:10:50 | INFO | model.models | [CalculationModel] Job 20251015_125900 receiver RPI3: wav=C:\Pi_loc\LA\RPI3\streaming\RBW6675_20251015_125900.wav gps=C:\Pi_loc\LA\RPI3\gps\GPS_RPI3_20251015_125900_Hydro_6675.txt
2026-05-10 16:10:50 | INFO | model.models | [CalculationModel] Job ready: 20251015_125900
2026-05-10 16:10:50 | DEBUG | model.models | [CalculationModel] Stored 20251015_125930 for RPI3/wav: C:\Pi_loc\LA\RPI3\streaming\RBW6675_20251015_125930.wav
2026-05-10 16:10:50 | INFO | model.models | [CalculationModel] Job 20251015_125930 receiver RPI1: wav=C:\Pi_loc\LA\RPI1\streaming\RBW6673_20251015_125930.wav gps=C:\Pi_loc\LA\RPI1\gps\GPS_RPI1_20251015_125930_Hydro_6673.txt
2026-05-10 16:10:50 | INFO | model.models | [CalculationModel] Job 20251015_125930 receiver RPI2: wav=C:\Pi_loc\LA\RPI2\streaming\RBW6676_20251015_125930.wav gps=C:\Pi_loc\LA\RPI2\gps\GPS_RPI2_20251015_125930_Hydro_6676.txt
2026-05-10 16:10:50 | INFO | model.models | [CalculationModel] Job 20251015_125930 receiver RPI3: wav=C:\Pi_loc\LA\RPI3\streaming\RBW6675_20251015_125930.wav gps=C:\Pi_loc\LA\RPI3\gps\GPS_RPI3_20251015_125930_Hydro_6675.txt
2026-05-10 16:10:50 | INFO | model.models | [CalculationModel] Job ready: 20251015_125930
2026-05-10 16:10:50 | DEBUG | model.models | [CalculationModel] Stored 20251015_130000 for RPI3/wav: C:\Pi_loc\LA\RPI3\streaming\RBW6675_20251015_130000.wav
2026-05-10 16:10:50 | INFO | model.models | [CalculationModel] Job 20251015_130000 receiver RPI1: wav=C:\Pi_loc\LA\RPI1\streaming\RBW6673_20251015_130000.wav gps=C:\Pi_loc\LA\RPI1\gps\GPS_RPI1_20251015_130000_Hydro_6673.txt
2026-05-10 16:10:50 | INFO | model.models | [CalculationModel] Job 20251015_130000 receiver RPI2: wav=C:\Pi_loc\LA\RPI2\streaming\RBW6676_20251015_130000.wav gps=C:\Pi_loc\LA\RPI2\gps\GPS_RPI2_20251015_130000_Hydro_6676.txt
2026-05-10 16:10:50 | INFO | model.models | [CalculationModel] Job 20251015_130000 receiver RPI3: wav=C:\Pi_loc\LA\RPI3\streaming\RBW6675_20251015_130000.wav gps=C:\Pi_loc\LA\RPI3\gps\GPS_RPI3_20251015_130000_Hydro_6675.txt
2026-05-10 16:10:50 | INFO | model.models | [CalculationModel] Job ready: 20251015_130000
2026-05-10 16:10:50 | DEBUG | model.models | [CalculationModel] Stored 20251015_130030 for RPI3/wav: C:\Pi_loc\LA\RPI3\streaming\RBW6675_20251015_130030.wav
2026-05-10 16:10:50 | INFO | model.models | [CalculationModel] Job 20251015_130030 receiver RPI1: wav=C:\Pi_loc\LA\RPI1\streaming\RBW6673_20251015_130030.wav gps=C:\Pi_loc\LA\RPI1\gps\GPS_RPI1_20251015_130030_Hydro_6673.txt
2026-05-10 16:10:50 | INFO | model.models | [CalculationModel] Job 20251015_130030 receiver RPI2: wav=C:\Pi_loc\LA\RPI2\streaming\RBW6676_20251015_130030.wav gps=C:\Pi_loc\LA\RPI2\gps\GPS_RPI2_20251015_130030_Hydro_6676.txt
2026-05-10 16:10:50 | INFO | model.models | [CalculationModel] Job 20251015_130030 receiver RPI3: wav=C:\Pi_loc\LA\RPI3\streaming\RBW6675_20251015_130030.wav gps=C:\Pi_loc\LA\RPI3\gps\GPS_RPI3_20251015_130030_Hydro_6675.txt
2026-05-10 16:10:50 | INFO | model.models | [CalculationModel] Job ready: 20251015_130030
2026-05-10 16:10:50 | INFO | controller.controllers | [Calc] job_started 20251015_125600
2026-05-10 16:10:50 | DEBUG | torio._extension.utils | Loading FFmpeg6
2026-05-10 16:10:50 | INFO | controller.controllers | [LocalFolderReader][RPI3] done
2026-05-10 16:10:50 | DEBUG | torio._extension.utils | Failed to load FFmpeg6 extension.
Traceback (most recent call last):
  File "C:\Users\stann\miniconda3\envs\Console\Lib\site-packages\torio\_extension\utils.py", line 116, in _find_ffmpeg_extension
    ext = _find_versionsed_ffmpeg_extension(ffmpeg_ver)
          ^^^^^^^^^^^^^^^^^^^^^^^^^^^^^^^^^^^^^^^^^^^^^
  File "C:\Users\stann\miniconda3\envs\Console\Lib\site-packages\torio\_extension\utils.py", line 108, in _find_versionsed_ffmpeg_extension
    _load_lib(lib)
  File "C:\Users\stann\miniconda3\envs\Console\Lib\site-packages\torio\_extension\utils.py", line 94, in _load_lib
    torch.ops.load_library(path)
  File "C:\Users\stann\miniconda3\envs\Console\Lib\site-packages\torch\_ops.py", line 1392, in load_library
    ctypes.CDLL(path)
  File "C:\Users\stann\miniconda3\envs\Console\Lib\ctypes\__init__.py", line 379, in __init__
    self._handle = _dlopen(self._name, mode)
                   ^^^^^^^^^^^^^^^^^^^^^^^^^
FileNotFoundError: Could not find module 'C:\Users\stann\miniconda3\envs\Console\Lib\site-packages\torio\lib\libtorio_ffmpeg6.pyd' (or one of its dependencies). Try using the full path with constructor syntax.
2026-05-10 16:10:50 | DEBUG | torio._extension.utils | Loading FFmpeg5
2026-05-10 16:10:50 | DEBUG | torio._extension.utils | Failed to load FFmpeg5 extension.
Traceback (most recent call last):
  File "C:\Users\stann\miniconda3\envs\Console\Lib\site-packages\torio\_extension\utils.py", line 116, in _find_ffmpeg_extension
    ext = _find_versionsed_ffmpeg_extension(ffmpeg_ver)
          ^^^^^^^^^^^^^^^^^^^^^^^^^^^^^^^^^^^^^^^^^^^^^
  File "C:\Users\stann\miniconda3\envs\Console\Lib\site-packages\torio\_extension\utils.py", line 108, in _find_versionsed_ffmpeg_extension
    _load_lib(lib)
  File "C:\Users\stann\miniconda3\envs\Console\Lib\site-packages\torio\_extension\utils.py", line 94, in _load_lib
    torch.ops.load_library(path)
  File "C:\Users\stann\miniconda3\envs\Console\Lib\site-packages\torch\_ops.py", line 1392, in load_library
    ctypes.CDLL(path)
  File "C:\Users\stann\miniconda3\envs\Console\Lib\ctypes\__init__.py", line 379, in __init__
    self._handle = _dlopen(self._name, mode)
                   ^^^^^^^^^^^^^^^^^^^^^^^^^
FileNotFoundError: Could not find module 'C:\Users\stann\miniconda3\envs\Console\Lib\site-packages\torio\lib\libtorio_ffmpeg5.pyd' (or one of its dependencies). Try using the full path with constructor syntax.
2026-05-10 16:10:50 | DEBUG | torio._extension.utils | Loading FFmpeg4
2026-05-10 16:10:50 | DEBUG | torio._extension.utils | Failed to load FFmpeg4 extension.
Traceback (most recent call last):
  File "C:\Users\stann\miniconda3\envs\Console\Lib\site-packages\torio\_extension\utils.py", line 116, in _find_ffmpeg_extension
    ext = _find_versionsed_ffmpeg_extension(ffmpeg_ver)
          ^^^^^^^^^^^^^^^^^^^^^^^^^^^^^^^^^^^^^^^^^^^^^
  File "C:\Users\stann\miniconda3\envs\Console\Lib\site-packages\torio\_extension\utils.py", line 108, in _find_versionsed_ffmpeg_extension
    _load_lib(lib)
  File "C:\Users\stann\miniconda3\envs\Console\Lib\site-packages\torio\_extension\utils.py", line 94, in _load_lib
    torch.ops.load_library(path)
  File "C:\Users\stann\miniconda3\envs\Console\Lib\site-packages\torch\_ops.py", line 1392, in load_library
    ctypes.CDLL(path)
  File "C:\Users\stann\miniconda3\envs\Console\Lib\ctypes\__init__.py", line 379, in __init__
    self._handle = _dlopen(self._name, mode)
                   ^^^^^^^^^^^^^^^^^^^^^^^^^
FileNotFoundError: Could not find module 'C:\Users\stann\miniconda3\envs\Console\Lib\site-packages\torio\lib\libtorio_ffmpeg4.pyd' (or one of its dependencies). Try using the full path with constructor syntax.
2026-05-10 16:10:50 | DEBUG | torio._extension.utils | Loading FFmpeg
2026-05-10 16:10:50 | DEBUG | torio._extension.utils | Failed to load FFmpeg extension.
Traceback (most recent call last):
  File "C:\Users\stann\miniconda3\envs\Console\Lib\site-packages\torio\_extension\utils.py", line 116, in _find_ffmpeg_extension
    ext = _find_versionsed_ffmpeg_extension(ffmpeg_ver)
          ^^^^^^^^^^^^^^^^^^^^^^^^^^^^^^^^^^^^^^^^^^^^^
  File "C:\Users\stann\miniconda3\envs\Console\Lib\site-packages\torio\_extension\utils.py", line 106, in _find_versionsed_ffmpeg_extension
    raise RuntimeError(f"FFmpeg{version} extension is not available.")
RuntimeError: FFmpeg extension is not available.
2026-05-10 16:10:50 | INFO | calculation.algorithms | [ESTPOSAlgorithm] Starting Est_pos subprocess. run_id=20260510_161050_926194 log=logs\estpos_subprocess\estpos_session_20260510_161015.log
2026-05-10 16:10:55 | INFO | calculation.algorithms | [ESTPOSAlgorithm] Est_pos subprocess finished successfully. run_id=20260510_161050_926194 result_length=2 session_log=logs\estpos_subprocess\estpos_session_20260510_161015.log
2026-05-10 16:10:55 | INFO | calculation.algorithms | [ESTPOSAlgorithm] Starting Est_pos subprocess. run_id=20260510_161055_201430 log=logs\estpos_subprocess\estpos_session_20260510_161015.log
2026-05-10 16:10:59 | INFO | calculation.algorithms | [ESTPOSAlgorithm] Est_pos subprocess finished successfully. run_id=20260510_161055_201430 result_length=20 session_log=logs\estpos_subprocess\estpos_session_20260510_161015.log
2026-05-10 16:10:59 | INFO | controller.controllers | [Calc] job_finished 20251015_125600 in 8.216 s
2026-05-10 16:10:59 | INFO | controller.controllers | [Calc] job_started 20251015_125630
2026-05-10 16:10:59 | INFO | calculation.algorithms | [ESTPOSAlgorithm] Starting Est_pos subprocess. run_id=20260510_161059_063582 log=logs\estpos_subprocess\estpos_session_20260510_161015.log
2026-05-10 16:11:02 | INFO | calculation.algorithms | [ESTPOSAlgorithm] Est_pos subprocess finished successfully. run_id=20260510_161059_063582 result_length=0 session_log=logs\estpos_subprocess\estpos_session_20260510_161015.log
2026-05-10 16:11:03 | INFO | calculation.algorithms | [ESTPOSAlgorithm] Starting Est_pos subprocess. run_id=20260510_161103_009978 log=logs\estpos_subprocess\estpos_session_20260510_161015.log
2026-05-10 16:11:07 | INFO | calculation.algorithms | [ESTPOSAlgorithm] Est_pos subprocess finished successfully. run_id=20260510_161103_009978 result_length=20 session_log=logs\estpos_subprocess\estpos_session_20260510_161015.log
2026-05-10 16:11:07 | INFO | controller.controllers | [Calc] job_finished 20251015_125630 in 7.989 s
2026-05-10 16:11:07 | INFO | controller.controllers | [Calc] job_started 20251015_125700
2026-05-10 16:11:07 | INFO | calculation.algorithms | [ESTPOSAlgorithm] Starting Est_pos subprocess. run_id=20260510_161107_054674 log=logs\estpos_subprocess\estpos_session_20260510_161015.log
2026-05-10 16:11:10 | INFO | calculation.algorithms | [ESTPOSAlgorithm] Est_pos subprocess finished successfully. run_id=20260510_161107_054674 result_length=2 session_log=logs\estpos_subprocess\estpos_session_20260510_161015.log
2026-05-10 16:11:10 | INFO | calculation.algorithms | [ESTPOSAlgorithm] Starting Est_pos subprocess. run_id=20260510_161110_971404 log=logs\estpos_subprocess\estpos_session_20260510_161015.log
2026-05-10 16:11:14 | INFO | calculation.algorithms | [ESTPOSAlgorithm] Est_pos subprocess finished successfully. run_id=20260510_161110_971404 result_length=5 session_log=logs\estpos_subprocess\estpos_session_20260510_161015.log
2026-05-10 16:11:14 | INFO | controller.controllers | [Calc] job_finished 20251015_125700 in 7.742 s
2026-05-10 16:11:14 | INFO | controller.controllers | [Calc] job_started 20251015_125730
2026-05-10 16:11:14 | INFO | calculation.algorithms | [ESTPOSAlgorithm] Starting Est_pos subprocess. run_id=20260510_161114_800200 log=logs\estpos_subprocess\estpos_session_20260510_161015.log
2026-05-10 16:11:18 | INFO | calculation.algorithms | [ESTPOSAlgorithm] Est_pos subprocess finished successfully. run_id=20260510_161114_800200 result_length=0 session_log=logs\estpos_subprocess\estpos_session_20260510_161015.log
2026-05-10 16:11:18 | INFO | calculation.algorithms | [ESTPOSAlgorithm] Starting Est_pos subprocess. run_id=20260510_161118_801490 log=logs\estpos_subprocess\estpos_session_20260510_161015.log
2026-05-10 16:11:22 | INFO | calculation.algorithms | [ESTPOSAlgorithm] Est_pos subprocess finished successfully. run_id=20260510_161118_801490 result_length=7 session_log=logs\estpos_subprocess\estpos_session_20260510_161015.log
2026-05-10 16:11:22 | INFO | controller.controllers | [Calc] job_finished 20251015_125730 in 7.839 s
2026-05-10 16:11:22 | INFO | controller.controllers | [Calc] job_started 20251015_125800
2026-05-10 16:11:22 | INFO | calculation.algorithms | [ESTPOSAlgorithm] Starting Est_pos subprocess. run_id=20260510_161122_640050 log=logs\estpos_subprocess\estpos_session_20260510_161015.log
2026-05-10 16:11:26 | INFO | calculation.algorithms | [ESTPOSAlgorithm] Est_pos subprocess finished successfully. run_id=20260510_161122_640050 result_length=0 session_log=logs\estpos_subprocess\estpos_session_20260510_161015.log
2026-05-10 16:11:26 | INFO | calculation.algorithms | [ESTPOSAlgorithm] Starting Est_pos subprocess. run_id=20260510_161126_560149 log=logs\estpos_subprocess\estpos_session_20260510_161015.log
2026-05-10 16:11:30 | INFO | calculation.algorithms | [ESTPOSAlgorithm] Est_pos subprocess finished successfully. run_id=20260510_161126_560149 result_length=20 session_log=logs\estpos_subprocess\estpos_session_20260510_161015.log
2026-05-10 16:11:30 | INFO | controller.controllers | [Calc] job_finished 20251015_125800 in 7.783 s
2026-05-10 16:11:30 | INFO | controller.controllers | [Calc] job_started 20251015_125830
2026-05-10 16:11:30 | INFO | calculation.algorithms | [ESTPOSAlgorithm] Starting Est_pos subprocess. run_id=20260510_161130_427446 log=logs\estpos_subprocess\estpos_session_20260510_161015.log
2026-05-10 16:11:34 | INFO | calculation.algorithms | [ESTPOSAlgorithm] Est_pos subprocess finished successfully. run_id=20260510_161130_427446 result_length=0 session_log=logs\estpos_subprocess\estpos_session_20260510_161015.log
2026-05-10 16:11:34 | INFO | calculation.algorithms | [ESTPOSAlgorithm] Starting Est_pos subprocess. run_id=20260510_161134_402797 log=logs\estpos_subprocess\estpos_session_20260510_161015.log
2026-05-10 16:11:38 | INFO | calculation.algorithms | [ESTPOSAlgorithm] Est_pos subprocess finished successfully. run_id=20260510_161134_402797 result_length=20 session_log=logs\estpos_subprocess\estpos_session_20260510_161015.log
2026-05-10 16:11:38 | INFO | controller.controllers | [Calc] job_finished 20251015_125830 in 7.811 s
2026-05-10 16:11:38 | INFO | controller.controllers | [Calc] job_started 20251015_125900
2026-05-10 16:11:38 | INFO | calculation.algorithms | [ESTPOSAlgorithm] Starting Est_pos subprocess. run_id=20260510_161138_240254 log=logs\estpos_subprocess\estpos_session_20260510_161015.log
2026-05-10 16:11:42 | INFO | calculation.algorithms | [ESTPOSAlgorithm] Est_pos subprocess finished successfully. run_id=20260510_161138_240254 result_length=0 session_log=logs\estpos_subprocess\estpos_session_20260510_161015.log
2026-05-10 16:11:42 | INFO | calculation.algorithms | [ESTPOSAlgorithm] Starting Est_pos subprocess. run_id=20260510_161142_177710 log=logs\estpos_subprocess\estpos_session_20260510_161015.log
2026-05-10 16:11:45 | INFO | calculation.algorithms | [ESTPOSAlgorithm] Est_pos subprocess finished successfully. run_id=20260510_161142_177710 result_length=20 session_log=logs\estpos_subprocess\estpos_session_20260510_161015.log
2026-05-10 16:11:45 | INFO | controller.controllers | [Calc] job_finished 20251015_125900 in 7.767 s
2026-05-10 16:11:45 | INFO | controller.controllers | [Calc] job_started 20251015_125930
2026-05-10 16:11:46 | INFO | calculation.algorithms | [ESTPOSAlgorithm] Starting Est_pos subprocess. run_id=20260510_161146_008813 log=logs\estpos_subprocess\estpos_session_20260510_161015.log
2026-05-10 16:11:49 | INFO | calculation.algorithms | [ESTPOSAlgorithm] Est_pos subprocess finished successfully. run_id=20260510_161146_008813 result_length=0 session_log=logs\estpos_subprocess\estpos_session_20260510_161015.log
2026-05-10 16:11:49 | INFO | calculation.algorithms | [ESTPOSAlgorithm] Starting Est_pos subprocess. run_id=20260510_161149_989437 log=logs\estpos_subprocess\estpos_session_20260510_161015.log
2026-05-10 16:11:54 | INFO | calculation.algorithms | [ESTPOSAlgorithm] Est_pos subprocess finished successfully. run_id=20260510_161149_989437 result_length=4 session_log=logs\estpos_subprocess\estpos_session_20260510_161015.log
2026-05-10 16:11:54 | INFO | controller.controllers | [Calc] job_finished 20251015_125930 in 8.071 s
2026-05-10 16:11:54 | INFO | controller.controllers | [Calc] job_started 20251015_130000
2026-05-10 16:11:54 | INFO | calculation.algorithms | [ESTPOSAlgorithm] Starting Est_pos subprocess. run_id=20260510_161154_082002 log=logs\estpos_subprocess\estpos_session_20260510_161015.log
2026-05-10 16:11:58 | INFO | calculation.algorithms | [ESTPOSAlgorithm] Est_pos subprocess finished successfully. run_id=20260510_161154_082002 result_length=2 session_log=logs\estpos_subprocess\estpos_session_20260510_161015.log
2026-05-10 16:11:58 | INFO | calculation.algorithms | [ESTPOSAlgorithm] Starting Est_pos subprocess. run_id=20260510_161158_143018 log=logs\estpos_subprocess\estpos_session_20260510_161015.log
2026-05-10 16:12:02 | INFO | calculation.algorithms | [ESTPOSAlgorithm] Est_pos subprocess finished successfully. run_id=20260510_161158_143018 result_length=15 session_log=logs\estpos_subprocess\estpos_session_20260510_161015.log
2026-05-10 16:12:02 | INFO | controller.controllers | [Calc] job_finished 20251015_130000 in 8.086 s
2026-05-10 16:12:02 | INFO | controller.controllers | [Calc] job_started 20251015_130030
2026-05-10 16:12:02 | INFO | calculation.algorithms | [ESTPOSAlgorithm] Starting Est_pos subprocess. run_id=20260510_161202_166527 log=logs\estpos_subprocess\estpos_session_20260510_161015.log
2026-05-10 16:12:06 | INFO | calculation.algorithms | [ESTPOSAlgorithm] Est_pos subprocess finished successfully. run_id=20260510_161202_166527 result_length=2 session_log=logs\estpos_subprocess\estpos_session_20260510_161015.log
2026-05-10 16:12:06 | INFO | calculation.algorithms | [ESTPOSAlgorithm] Starting Est_pos subprocess. run_id=20260510_161206_273048 log=logs\estpos_subprocess\estpos_session_20260510_161015.log
2026-05-10 16:12:10 | INFO | calculation.algorithms | [ESTPOSAlgorithm] Est_pos subprocess finished successfully. run_id=20260510_161206_273048 result_length=16 session_log=logs\estpos_subprocess\estpos_session_20260510_161015.log
2026-05-10 16:12:10 | INFO | controller.controllers | [Calc] job_finished 20251015_130030 in 8.122 s
